candidate,cik,symbol,last_before,first_in,last_in,count_in
Y000001,0000009389,BALL,2024-06-18T23:13:00.000Z,2024-07-17T22:41:36.000Z,2026-09-21T23:28:47.000Z,151
Y000001,0000009389,BLL,2023-09-19T23:22:04.000Z,2024-09-17T23:18:22.000Z,2024-09-17T23:18:22.000Z,1
Y000002,0000018748,CET,2024-06-06T21:57:26.000Z,2024-08-09T00:53:42.000Z,2026-06-30T22:32:46.000Z,35
Y000002,0000018748,CETCET,,2026-07-23T17:49:44.000Z,2026-07-23T17:49:44.000Z,1
Y000003,0000019745,CPK,2024-06-12T00:22:44.000Z,2024-08-15T01:27:58.000Z,2026-05-27T01:40:48.000Z,83
Y000003,0000019745,CPK1361221,,2025-02-14T01:29:35.000Z,2025-02-14T01:29:35.000Z,1
Y000004,0000022701,PEGY,2024-06-21T20:30:48.000Z,2024-08-23T20:08:10.000Z,2024-10-16T01:50:04.000Z,4
Y000004,0000022701,SUNE,,2024-12-11T01:51:20.000Z,2026-06-18T20:14:00.000Z,9
Y000005,0000024545,TAP,2024-06-06T01:00:11.000Z,2024-07-03T01:30:06.000Z,2026-07-02T01:41:41.000Z,108
Y000005,0000024545,TAP.A,,2026-07-11T03:58:05.000Z,2026-07-11T03:58:05.000Z,1
Y000006,0000025445,CR,2023-03-03T03:17:39.000Z,2024-08-06T01:05:53.000Z,2024-08-06T01:05:53.000Z,1
Y000006,0000025445,CXT,2024-05-29T00:26:26.000Z,2024-07-31T00:08:41.000Z,2026-06-17T00:05:28.000Z,67
Y000007,0000029989,OMC,2024-05-18T00:33:09.000Z,2024-07-04T00:29:47.000Z,2026-08-27T00:30:28.000Z,141
Y000007,0000029989,OMCV,,2025-10-04T00:35:59.000Z,2025-10-04T00:35:59.000Z,1
Y000008,0000038264,FORD,2023-10-04T00:02:15.000Z,2024-07-10T00:05:12.000Z,2025-09-19T00:10:04.000Z,17
Y000008,0000038264,FWDI,,2025-12-03T02:10:04.000Z,2026-08-18T02:06:19.000Z,22
Y000009,0000039911,GAP,,2024-08-24T01:23:03.000Z,2026-09-17T00:32:58.000Z,157
Y000009,0000039911,GPS,2024-06-26T01:36:50.000Z,2024-07-02T00:57:17.000Z,2024-08-09T00:28:08.000Z,16
Y000010,0000041719,GLT,2024-05-14T17:32:24.000Z,2024-07-01T20:55:15.000Z,2024-09-26T21:34:47.000Z,5
Y000010,0000041719,MAGN,,2024-11-06T16:02:37.000Z,2026-03-10T15:59:23.000Z,78
Y000011,0000055135,KELYA,2024-06-28T20:59:39.000Z,2024-08-20T17:50:49.000Z,2026-09-16T22:00:33.000Z,124
Y000011,0000055135,KELYB,,2025-04-01T20:17:38.000Z,2026-01-30T22:07:45.000Z,3
Y000012,0000057515,LANC,2024-04-01T20:23:42.000Z,2024-07-23T21:31:17.000Z,2025-05-16T19:26:57.000Z,28
Y000012,0000057515,MZTI,,2025-08-14T20:12:07.000Z,2026-09-11T21:02:45.000Z,40
Y000013,0000062709,MMC,2024-06-17T20:01:36.000Z,2024-07-17T20:20:03.000Z,2025-12-02T21:05:25.000Z,108
Y000013,0000062709,MRSH,,2026-02-18T22:02:47.000Z,2026-09-03T20:02:48.000Z,83
Y000014,0000064463,SLNH,2024-06-21T00:06:10.000Z,2024-09-05T01:34:16.000Z,2026-09-24T20:30:16.000Z,110
Y000014,0000064463,SLNHP,,2025-11-21T21:30:31.000Z,2026-09-01T20:30:12.000Z,16
Y000015,0000070858,BAC,2024-06-19T00:05:55.000Z,2024-07-18T00:07:58.000Z,2026-09-18T00:15:16.000Z,207
Y000015,0000070858,VKI,,2026-05-04T23:38:18.000Z,2026-05-05T03:09:38.000Z,2
Y000016,0000071691,NYT,2024-05-23T21:25:25.000Z,2024-07-29T21:25:32.000Z,2026-08-13T14:53:19.000Z,130
Y000016,0000071691,NYT.A,2024-04-26T21:59:42.000Z,2024-07-29T21:45:47.000Z,2026-08-12T22:04:17.000Z,39
Y000017,0000071829,NPKI,,2025-03-06T22:31:58.000Z,2026-09-24T20:11:28.000Z,65
Y000017,0000071829,NR,2024-06-17T21:46:41.000Z,2024-09-04T23:33:48.000Z,2024-12-17T21:49:54.000Z,3
Y000018,0000075252,ACH,,2026-03-11T05:01:55.000Z,2026-09-25T00:31:35.000Z,18
Y000018,0000075252,OMI,2024-06-08T00:49:47.000Z,2024-07-04T00:40:52.000Z,2025-11-21T02:11:13.000Z,46
Y000019,0000088000,HKHC,,2024-09-04T17:13:25.000Z,2026-09-22T13:28:21.000Z,106
Y000019,0000088000,SLGD,2023-07-26T20:06:25.000Z,,,0
Y000019,0000088000,SLGDD,,2024-08-08T16:02:31.000Z,2024-08-12T20:04:14.000Z,10
Y000020,0000093314,VNRX,2024-06-04T20:06:51.000Z,2024-07-05T20:05:16.000Z,2026-09-30T21:00:48.000Z,195
Y000020,0000093314,VRNX,,2025-05-05T20:06:03.000Z,2025-05-05T20:06:03.000Z,1
Y000021,0000094845,LEVI,2024-06-06T22:18:56.000Z,2024-07-04T00:57:05.000Z,2026-08-08T00:25:24.000Z,236
Y000021,0000094845,LLEVI,,2024-10-04T00:21:17.000Z,2026-01-27T03:05:32.000Z,3
Y000022,0000095552,SSUP,,2025-07-31T21:05:43.000Z,2025-07-31T21:05:43.000Z,1
Y000022,0000095552,SUP,2024-06-04T10:53:29.000Z,2024-07-08T16:36:00.000Z,2025-06-09T18:04:26.000Z,20
Y000023,0000101594,BSIN,,2026-08-11T21:05:01.000Z,2026-08-11T21:05:01.000Z,1
Y000023,0000101594,USEG,2024-06-12T12:51:16.000Z,2024-09-25T13:15:12.000Z,2026-05-01T21:53:51.000Z,70
Y000024,0000107140,WLY,2023-04-27T19:58:40.000Z,2025-05-22T18:07:18.000Z,2026-01-14T04:20:18.000Z,2
Y000024,0000107140,WLY.WLYB,2023-07-15T01:03:58.000Z,2025-05-14T00:05:21.000Z,2025-05-14T00:05:21.000Z,1
Y000024,0000107140,WLYB,2023-07-15T01:04:24.000Z,,,0
Y000025,0000314203,MUX,2024-06-24T21:27:32.000Z,2024-12-10T23:55:48.000Z,2026-07-29T22:07:44.000Z,81
Y000025,0000314203,MUX],,2025-07-02T01:40:40.000Z,2025-07-02T01:40:40.000Z,1
Y000026,0000315131,NYSE:PHX,,2025-06-23T09:01:35.000Z,2025-06-23T09:01:35.000Z,1
Y000026,0000315131,PHX,2024-05-23T13:57:49.000Z,2024-08-09T15:07:13.000Z,2025-07-23T16:40:44.000Z,33
Y000027,0000315374,HURC,2024-03-18T16:40:17.000Z,2024-07-11T15:13:08.000Z,2026-03-16T21:42:30.000Z,48
Y000027,0000315374,[HURC,,2025-06-13T19:11:28.000Z,2025-06-13T19:11:28.000Z,1
Y000028,0000316253,ENZ,2024-05-24T16:46:17.000Z,2024-07-24T19:50:46.000Z,2025-01-17T16:44:45.000Z,6
Y000028,0000316253,ENZB,,2025-08-20T08:23:49.000Z,2025-08-20T08:31:21.000Z,5
Y000029,0000318673,SNFC,2023-07-06T00:56:01.000Z,2024-10-03T02:16:39.000Z,2024-10-03T02:16:39.000Z,1
Y000029,0000318673,SNFCA,2024-06-21T00:39:53.000Z,2024-07-03T02:32:12.000Z,2026-09-15T02:57:00.000Z,80
Y000030,0000350852,CTB$NEWS20,,2024-07-26T19:28:44.000Z,2024-07-26T19:28:44.000Z,1
Y000030,0000350852,CTBI,2024-06-13T14:45:04.000Z,2024-07-22T16:17:01.000Z,2026-08-17T13:06:04.000Z,139
Y000031,0000713425,AMSWA,2024-06-28T14:36:34.000Z,2024-07-08T10:41:15.000Z,2024-09-10T11:06:07.000Z,15
Y000031,0000713425,LGTY,,2025-01-29T11:26:50.000Z,2025-04-04T17:46:52.000Z,16
Y000032,0000720154,NOTV,2024-06-10T20:01:45.000Z,2024-08-15T01:31:06.000Z,2026-06-23T20:08:45.000Z,69
Y000032,0000720154,NOTVQ,,2026-07-20T20:22:37.000Z,2026-07-20T20:39:37.000Z,12
Y000033,0000727510,ENZN,2023-06-16T20:05:38.000Z,2025-01-10T22:01:29.000Z,2026-05-01T12:56:12.000Z,2
Y000033,0000727510,ENZND,,2026-03-27T00:08:08.000Z,2026-03-27T23:50:39.000Z,14
Y000034,0000728385,BCHT,,2025-01-06T21:38:40.000Z,2026-05-07T01:47:44.000Z,9
Y000034,0000728385,MEEC,2024-06-27T01:53:54.000Z,,,0
Y000035,0000730349,TOF,2023-03-02T21:05:35.000Z,,,0
Y000035,0000730349,TOFB,,2025-04-22T16:26:31.000Z,2026-09-21T11:10:46.000Z,45
Y000036,0000730464,ATGE,2024-06-19T00:39:40.000Z,2024-08-10T00:12:51.000Z,2025-12-13T02:10:33.000Z,97
Y000036,0000730464,CVSA,,2026-03-06T02:31:43.000Z,2026-09-02T00:17:34.000Z,26
Y000037,0000742112,IVC,2024-03-15T17:50:14.000Z,2024-10-31T16:05:10.000Z,2024-10-31T16:05:10.000Z,1
Y000037,0000742112,IVCRQ,2024-03-15T19:36:41.000Z,2024-10-30T17:38:51.000Z,2024-10-30T17:50:51.000Z,4
Y000038,0000744452,APDN,2023-03-28T05:30:56.000Z,,,0
Y000038,0000744452,BNBX,,2025-10-21T00:57:20.000Z,2026-09-17T00:06:37.000Z,25
Y000039,0000750004,ASX:LNW,,2025-11-19T02:29:04.000Z,2026-09-30T02:31:17.000Z,29
Y000039,0000750004,LNW,2024-06-11T02:46:59.000Z,2024-08-28T01:33:30.000Z,2025-11-15T05:59:10.000Z,43
Y000039,0000750004,LNWO,,2025-12-09T23:40:44.000Z,2026-05-02T01:11:26.000Z,15
Y000040,0000760498,BANF,2024-05-15T15:31:12.000Z,2024-07-19T20:53:52.000Z,2026-09-01T00:19:48.000Z,138
Y000040,0000760498,BANK,,2026-03-26T15:04:28.000Z,2026-03-26T15:04:28.000Z,1
Y000041,0000764630,AETN,,2026-07-15T17:56:36.000Z,2026-07-15T17:56:36.000Z,1
Y000041,0000764630,USBL,2023-04-13T21:25:09.000Z,,,0
Y000042,0000766829,HTO,,2025-05-16T02:13:37.000Z,2026-08-19T20:59:01.000Z,60
Y000042,0000766829,SJW,2024-06-25T01:44:09.000Z,2024-08-24T00:03:17.000Z,2025-05-02T00:03:37.000Z,32
Y000043,0000768835,BIG,2024-05-31T16:19:49.000Z,,,0
Y000043,0000768835,BIGGQ,,2025-08-25T14:55:26.000Z,2025-09-03T10:41:46.000Z,3
Y000044,0000773840,.,2024-06-12T01:09:37.000Z,2024-07-03T00:05:37.000Z,2025-09-03T00:12:15.000Z,114
Y000044,0000773840,HON,2023-12-06T03:48:24.000Z,2025-10-03T00:52:04.000Z,2026-09-01T00:20:09.000Z,126
Y000045,0000788611,NTRP,,2025-03-29T04:09:28.000Z,2026-09-23T05:57:33.000Z,52
Y000045,0000788611,SASI,2024-02-05T18:25:51.000Z,,,0
Y000046,0000793040,ECF,2024-02-23T17:14:40.000Z,2024-08-05T16:17:21.000Z,2026-09-08T13:57:59.000Z,29
Y000046,0000793040,ECF.B,2024-06-28T19:43:45.000Z,2025-07-01T19:33:21.000Z,2025-07-01T19:33:21.000Z,1
Y000047,0000794685,GAB,2024-06-28T12:37:16.000Z,2024-11-26T20:12:06.000Z,2026-08-14T16:06:01.000Z,12
Y000047,0000794685,GAB.N,2024-06-28T20:26:35.000Z,2025-06-27T17:49:48.000Z,2025-12-30T17:53:15.000Z,2
Y000047,0000794685,GAB.Q,,2025-12-31T01:48:29.000Z,2025-12-31T01:48:29.000Z,1
Y000047,0000794685,GAB.RT,,2026-04-20T14:54:27.000Z,2026-04-20T14:54:27.000Z,1
Y000048,0000797542,QXL,,2026-06-01T20:15:22.000Z,2026-09-17T11:30:25.000Z,7
Y000048,0000797542,VBIX,2023-12-11T22:12:58.000Z,2025-03-21T10:59:22.000Z,2026-04-01T20:15:29.000Z,9
Y000049,0000798287,PAMT,,2025-01-30T01:17:15.000Z,2026-09-09T00:25:43.000Z,16
Y000049,0000798287,PTSI,2024-05-13T23:47:54.000Z,2024-07-31T22:14:30.000Z,2025-01-30T02:08:32.000Z,4
Y000050,0000798354,FI,2024-06-19T02:26:44.000Z,2024-07-03T00:06:55.000Z,2025-11-05T02:13:17.000Z,110
Y000050,0000798354,FISV,2023-07-28T00:37:01.000Z,2025-11-20T04:18:09.000Z,2026-09-19T00:34:29.000Z,82
Y000051,0000798528,"""""""OMEX""""""",2023-04-08T00:05:08.000Z,2025-11-11T02:05:02.000Z,2026-07-03T00:05:07.000Z,28
Y000051,0000798528,OMEX,2024-04-11T00:05:04.000Z,2024-11-13T16:30:03.000Z,2026-03-18T00:13:39.000Z,25
Y000052,0000803578,AIFF,,2024-08-22T20:30:13.000Z,2026-09-29T20:15:47.000Z,33
Y000052,0000803578,WAVD,2023-11-07T21:24:24.000Z,,,0
Y000053,0000810332,MESA,2024-06-21T00:10:08.000Z,2024-07-15T21:28:10.000Z,2025-11-28T22:23:37.000Z,32
Y000053,0000810332,RJET,,2025-11-29T01:30:42.000Z,2026-08-19T20:25:08.000Z,49
Y000054,0000821130,AD,,2025-11-20T21:41:40.000Z,2026-09-15T21:08:36.000Z,10
Y000054,0000821130,USM,2024-05-22T21:15:06.000Z,2024-08-07T20:14:47.000Z,2025-08-18T21:36:49.000Z,32
Y000055,0000828803,GIM,2024-05-09T13:58:06.000Z,,,0
Y000055,0000828803,SABA,2024-04-01T17:10:26.000Z,2024-09-24T20:00:02.000Z,2025-05-22T22:25:49.000Z,21
Y000056,0000830616,SCIA,,2025-05-08T12:48:26.000Z,2026-04-03T14:57:24.000Z,8
Y000056,0000830616,SCIA.OB,2024-02-14T18:28:40.000Z,2024-07-09T16:14:21.000Z,2024-07-09T16:14:51.000Z,2
Y000057,0000836690,IA,,2026-09-03T00:22:41.000Z,2026-09-03T02:07:56.000Z,3
Y000057,0000836690,ISSC,2024-06-18T04:28:37.000Z,2024-08-16T19:43:40.000Z,2026-07-16T01:12:01.000Z,60
Y000058,0000837465,CALY,,2026-01-28T23:18:14.000Z,2026-09-16T16:04:45.000Z,60
Y000058,0000837465,MODG,2024-06-17T20:12:59.000Z,2024-09-16T20:01:56.000Z,2026-01-02T21:38:47.000Z,75
Y000059,0000843006,ACCS,,2025-05-19T21:19:04.000Z,2026-08-24T21:14:28.000Z,21
Y000059,0000843006,ISDR,2024-06-28T20:26:40.000Z,2024-07-03T21:00:22.000Z,2024-08-29T22:35:48.000Z,5
Y000060,0000845611,GCV,2024-04-15T23:59:31.000Z,2024-07-30T23:24:47.000Z,2026-08-14T16:54:02.000Z,9
Y000060,0000845611,GCV.G,2023-12-28T20:00:35.000Z,2025-06-30T15:08:01.000Z,2025-06-30T15:08:01.000Z,1
Y000060,0000845611,GCV.H,,2025-06-30T15:14:17.000Z,2025-06-30T15:14:17.000Z,1
Y000061,0000857855,UCB,,2024-08-19T20:26:42.000Z,2026-09-09T20:02:42.000Z,126
Y000061,0000857855,UCBI,2024-05-16T20:54:41.000Z,,,0
Y000062,0000862861,ALTS,,2024-08-29T01:59:44.000Z,2025-11-14T02:04:56.000Z,10
Y000062,0000862861,JAN,2023-01-09T21:30:05.000Z,,,0
Y000063,0000866829,HLX,2024-06-21T20:06:05.000Z,2024-07-03T18:04:59.000Z,2026-02-27T21:05:25.000Z,51
Y000063,0000866829,HOS,,2026-09-02T20:37:32.000Z,2026-09-11T21:02:10.000Z,31
Y000064,0000873860,OCN,2024-05-30T20:15:13.000Z,2025-05-23T20:15:24.000Z,2025-05-23T20:15:42.000Z,6
Y000064,0000873860,ONIT,2024-06-17T20:15:25.000Z,2024-08-02T20:30:20.000Z,2026-08-25T20:15:07.000Z,79
Y000065,0000874501,AMBC,2024-04-02T01:01:07.000Z,2024-07-01T23:55:11.000Z,2025-11-15T02:28:34.000Z,93
Y000065,0000874501,OSG,,2025-12-18T02:11:08.000Z,2026-07-14T00:05:44.000Z,33
Y000066,0000875355,LDWY,2024-05-21T17:30:03.000Z,2024-07-02T15:47:08.000Z,2026-01-05T22:14:30.000Z,39
Y000066,0000875355,TULP,,2026-04-06T16:06:16.000Z,2026-07-07T19:08:53.000Z,5
Y000067,0000880406,CUBA,2024-05-15T00:00:40.000Z,2024-07-18T00:00:05.000Z,2025-07-03T00:00:13.000Z,49
Y000067,0000880406,HERZ,,2025-10-24T00:09:16.000Z,2026-04-17T16:00:16.000Z,24
Y000068,0000883107,NANX,2024-06-27T00:21:45.000Z,2024-08-21T00:12:21.000Z,2025-06-07T03:00:04.000Z,17
Y000068,0000883107,SLSN,,2025-06-03T00:01:15.000Z,2025-12-30T19:29:40.000Z,4
Y000069,0000884219,PRSU,,2025-01-04T02:46:59.000Z,2026-06-19T00:15:06.000Z,42
Y000069,0000884219,VVI,2024-04-01T17:00:06.000Z,2024-08-08T00:00:07.000Z,2025-01-01T02:04:45.000Z,5
Y000070,0000885307,JCTC,,2024-12-27T04:36:04.000Z,2026-09-30T19:21:18.000Z,58
Y000070,0000885307,JCTCF,2024-01-13T01:36:00.000Z,2024-07-30T00:58:29.000Z,2024-07-30T00:58:29.000Z,1
Y000071,0000890564,ASGN,2024-06-17T23:17:31.000Z,2024-08-23T20:23:51.000Z,2026-03-16T22:21:31.000Z,48
Y000071,0000890564,EFOR,,2026-04-27T11:34:16.000Z,2026-06-16T00:57:48.000Z,16
Y000072,0000894501,GHRI,,2025-02-24T16:43:57.000Z,2025-02-24T16:43:57.000Z,1
Y000072,0000894501,GRHI,2023-10-06T20:14:46.000Z,2024-08-28T20:07:37.000Z,2025-09-24T20:17:10.000Z,4
Y000073,0000894556,CITR,,2026-02-18T06:21:00.000Z,2026-08-07T00:30:33.000Z,50
Y000073,0000894556,GEVI,,2024-12-05T23:43:05.000Z,2025-10-22T02:27:29.000Z,7
Y000074,0000895126,CHK,2024-06-19T00:06:39.000Z,,,0
Y000074,0000895126,EXE,,2024-10-02T04:31:28.000Z,2026-06-16T00:41:48.000Z,68
Y000075,0000895447,SCVL,2024-06-27T00:05:42.000Z,2024-12-05T02:07:08.000Z,2026-06-12T01:23:18.000Z,45
Y000075,0000895447,SHOE,,2026-06-23T00:04:44.000Z,2026-06-23T00:04:56.000Z,2
Y000076,0000896493,AULT,2024-06-21T00:30:09.000Z,2024-08-06T00:30:11.000Z,2024-09-13T02:00:06.000Z,8
Y000076,0000896493,GPUS,,2024-09-18T00:30:12.000Z,2026-10-01T00:30:06.000Z,72
Y000077,0000906107,EQR,2024-06-26T20:07:24.000Z,2024-08-09T20:10:17.000Z,2026-06-23T20:35:58.000Z,73
Y000077,0000906107,VMRK,,2026-08-18T21:05:14.000Z,2026-09-24T20:40:14.000Z,46
Y000078,0000907654,ABIO,2024-02-01T04:39:46.000Z,2024-07-13T03:10:32.000Z,2024-08-31T01:57:33.000Z,5
Y000078,0000907654,ORKA,,2024-09-07T01:00:20.000Z,2026-09-22T01:38:50.000Z,78
Y000079,0000908937,(SIRI),2024-06-27T20:04:16.000Z,2024-08-09T21:05:37.000Z,2026-09-10T20:09:28.000Z,191
Y000079,0000908937,SIRI,2023-04-07T20:01:48.000Z,2024-09-09T22:16:24.000Z,2025-08-05T01:00:05.000Z,11
Y000080,0000910073,FLG,,2025-01-31T22:00:14.000Z,2026-01-29T21:56:24.000Z,3
Y000080,0000910073,NYCB,2024-06-10T21:14:33.000Z,2024-08-13T18:23:51.000Z,2024-09-24T20:26:31.000Z,2
Y000080,0000910073,NYSE:FLG,,2024-12-02T22:21:26.000Z,2026-07-16T16:23:14.000Z,56
Y000080,0000910073,NYSE:NYCB,2024-06-25T19:24:41.000Z,2024-07-17T19:29:41.000Z,2024-10-17T19:01:40.000Z,10
Y000081,0000921299,FGEN,2024-06-26T00:30:06.000Z,2024-08-06T00:18:48.000Z,2025-12-10T02:11:01.000Z,26
Y000081,0000921299,KYNB,,2026-02-06T07:06:39.000Z,2026-09-10T04:42:29.000Z,14
Y000082,0000921671,GGT,2024-06-26T16:07:42.000Z,2024-07-25T18:33:37.000Z,2026-08-14T18:25:54.000Z,18
Y000082,0000921671,GGT.RT,,2024-07-19T18:33:24.000Z,2024-07-24T18:53:44.000Z,2
Y000083,0000923601,MICS,2023-12-01T02:30:33.000Z,2024-08-06T00:30:11.000Z,2024-08-13T05:52:33.000Z,9
Y000083,0000923601,RIME,,2024-09-12T03:30:06.000Z,2026-10-01T03:08:37.000Z,24
Y000084,0000924396,CRSF,,2025-09-10T21:29:51.000Z,2026-07-13T20:05:29.000Z,16
Y000084,0000924396,OLKR,2023-06-21T20:10:26.000Z,2025-04-21T17:46:14.000Z,2025-08-13T20:20:52.000Z,9
Y000085,0000926617,AWH,2024-06-19T00:12:21.000Z,2024-07-10T01:43:27.000Z,2025-06-03T05:53:58.000Z,55
Y000085,0000926617,AWHL,,2025-06-05T03:21:21.000Z,2026-07-18T02:33:23.000Z,26
Y000086,0000929351,LGF,2024-06-26T01:56:31.000Z,2024-07-12T04:22:18.000Z,2025-05-09T05:32:27.000Z,31
Y000086,0000929351,LGF.A,2023-12-01T02:02:08.000Z,2024-09-17T01:50:01.000Z,2025-05-09T03:23:19.000Z,17
Y000086,0000929351,LGF.B,2024-05-23T00:19:03.000Z,2024-07-06T00:57:15.000Z,2025-04-12T00:04:21.000Z,45
Y000086,0000929351,STRZ,,2025-05-07T05:52:40.000Z,2026-09-16T00:59:14.000Z,129
Y000087,0000930236,RWT,2024-06-08T03:41:06.000Z,2024-07-03T03:11:28.000Z,2026-10-01T01:29:28.000Z,95
Y000087,0000930236,RWT),,2025-05-29T00:15:16.000Z,2025-05-29T00:15:16.000Z,1
Y000088,0000930775,ECIA,2024-05-07T17:50:57.000Z,2024-08-20T19:39:45.000Z,2026-05-18T19:20:18.000Z,23
Y000088,0000930775,ECIA.PK,,2025-08-22T00:30:03.000Z,2025-08-22T00:30:03.000Z,1
Y000088,0000930775,EICA,,2025-11-20T21:07:24.000Z,2025-11-20T21:07:24.000Z,1
Y000089,0000945394,NASDAQ:SVC,2024-06-18T21:47:22.000Z,2024-09-13T20:22:12.000Z,2026-09-21T20:23:49.000Z,46
Y000089,0000945394,SVC,2023-09-20T20:53:20.000Z,2025-09-11T20:29:39.000Z,2025-09-11T20:29:39.000Z,1
Y000090,0001000045,NICK,2024-06-12T23:59:24.000Z,2024-09-18T20:13:09.000Z,2024-09-18T20:26:22.000Z,2
Y000090,0001000045,OMCC,,2024-12-17T21:05:17.000Z,2026-01-13T22:54:04.000Z,39
Y000091,0001004724,RHE,2024-06-22T00:47:44.000Z,2025-01-23T02:49:59.000Z,2025-06-23T14:37:39.000Z,2
Y000091,0001004724,RHEP,,2025-08-19T04:30:34.000Z,2026-08-05T01:14:37.000Z,27
Y000092,0001009759,..,2024-04-18T01:24:46.000Z,,,0
Y000092,0001009759,CEPL,,2026-09-03T23:17:00.000Z,2026-09-12T01:03:25.000Z,7
Y000092,0001009759,CGEH,,2025-02-14T22:11:38.000Z,2026-05-15T00:02:50.000Z,36
Y000093,0001015922,0001015922,,2026-09-08T11:25:30.000Z,2026-09-08T11:25:30.000Z,1
Y000093,0001015922,CHKP,,2026-03-18T20:07:27.000Z,2026-09-03T20:25:25.000Z,35
Y000094,0001035267,ISGR,,2024-09-16T16:29:19.000Z,2024-09-16T16:29:19.000Z,1
Y000094,0001035267,ISRG,2024-06-13T01:18:52.000Z,2024-07-24T17:47:38.000Z,2026-09-16T17:35:36.000Z,193
Y000095,0001039828,AEL,2024-05-06T19:25:03.000Z,,,0
Y000095,0001039828,ANGPA.B,,2024-12-31T17:48:34.000Z,2024-12-31T17:50:14.000Z,10
Y000095,0001039828,ANGPD,,2025-12-16T19:21:40.000Z,2025-12-16T19:21:40.000Z,1
Y000096,0001041368,RSVB,2023-03-14T14:38:37.000Z,2026-07-24T22:15:11.000Z,2026-07-24T22:32:26.000Z,2
Y000096,0001041368,RVSB,2024-05-06T21:12:41.000Z,2024-07-12T00:18:10.000Z,2026-09-17T21:20:06.000Z,53
Y000096,0001041368,TSBK,,2026-09-25T18:45:54.000Z,2026-09-25T18:45:54.000Z,1
Y000097,0001041657,UONE.UONEK,2024-03-07T23:38:05.000Z,2024-07-09T20:51:50.000Z,2025-08-28T22:19:58.000Z,14
Y000097,0001041657,UONEK,2024-01-10T23:40:39.000Z,2024-07-09T21:25:18.000Z,2026-09-02T17:54:24.000Z,17
Y000098,0001041934,EDAP,,2026-01-09T23:36:00.000Z,2026-08-20T20:15:24.000Z,21
Y000098,0001041934,FOCL,,2026-08-17T10:01:04.000Z,2026-08-17T10:04:49.000Z,4
Y000099,0001042893,DRQ,2024-04-02T18:34:00.000Z,2024-07-02T15:33:09.000Z,2024-08-15T01:16:27.000Z,6
Y000099,0001042893,INVX,,2024-09-11T03:13:39.000Z,2026-09-10T02:30:06.000Z,76
Y000100,0001047340,DMC,,2026-08-06T21:04:03.000Z,2026-09-09T21:14:32.000Z,2
Y000100,0001047340,FDP,2024-06-18T21:25:12.000Z,2024-08-09T21:08:56.000Z,2026-06-15T22:38:18.000Z,117
Y000101,0001056285,KIRK,2024-06-27T20:32:22.000Z,2024-09-04T22:13:11.000Z,2025-07-23T20:29:38.000Z,18
Y000101,0001056285,TBHC,,2025-09-25T21:35:53.000Z,2026-04-03T20:19:21.000Z,20
Y000102,0001062231,AXL,2024-05-06T20:39:43.000Z,2025-03-04T21:18:16.000Z,2026-02-09T22:12:37.000Z,21
Y000102,0001062231,DCH,,2026-02-13T22:38:07.000Z,2026-05-06T20:06:48.000Z,30
Y000103,0001066764,BESS,,2025-08-29T05:00:05.000Z,2026-05-05T01:15:23.000Z,12
Y000103,0001066764,BTTC,2024-05-11T02:10:01.000Z,2024-11-06T07:51:31.000Z,2024-11-06T07:52:03.000Z,3
Y000104,0001067983,BRK.A,2024-06-29T00:35:03.000Z,2024-07-03T00:35:03.000Z,2026-09-30T01:16:08.000Z,37
Y000104,0001067983,BRK.B,,2026-05-06T00:05:04.000Z,2026-08-14T01:06:55.000Z,3
Y000104,0001067983,BRKB,,2025-02-26T05:47:58.000Z,2025-03-05T06:30:34.000Z,2
Y000105,0001069394,FSI,2023-11-18T01:29:34.000Z,2026-01-30T03:16:40.000Z,2026-02-19T02:08:39.000Z,4
Y000105,0001069394,FSI01,,2026-02-02T21:41:58.000Z,2026-02-02T21:41:58.000Z,1
Y000106,0001069530,FLNA,,2026-10-01T00:03:57.000Z,2026-10-01T00:03:57.000Z,1
Y000106,0001069530,SAVA,2024-05-23T00:54:38.000Z,2024-09-10T01:41:10.000Z,2025-11-26T02:06:25.000Z,28
Y000107,0001072627,KFS,2024-06-18T20:01:41.000Z,2024-07-02T20:05:16.000Z,2026-05-04T21:20:51.000Z,139
Y000107,0001072627,KWY,,2026-05-19T20:04:57.000Z,2026-09-30T21:34:33.000Z,29
Y000108,0001073404,GBB,,2026-03-19T01:29:18.000Z,2026-03-19T01:29:18.000Z,1
Y000108,0001073404,GG,,2026-04-14T21:08:15.000Z,2026-04-14T21:08:15.000Z,1
Y000108,0001073404,GGB,,2026-03-19T01:00:14.000Z,2026-09-25T20:32:21.000Z,48
Y000109,0001074828,KNW,2024-06-01T00:18:21.000Z,2024-09-25T01:00:12.000Z,2025-08-09T02:48:25.000Z,15
Y000109,0001074828,KNWN,2023-10-14T01:31:55.000Z,2025-05-08T00:16:29.000Z,2025-05-08T00:16:29.000Z,1
Y000109,0001074828,USBC,,2025-08-16T04:55:22.000Z,2026-09-17T01:17:45.000Z,14
Y000110,0001075415,DHC,,2025-09-18T20:18:04.000Z,2025-09-18T20:18:04.000Z,1
Y000110,0001075415,NASDAQ:DHC,2024-06-04T20:49:33.000Z,2024-09-13T20:22:51.000Z,2026-09-21T20:25:55.000Z,35
Y000111,0001080720,GUT,2024-02-22T20:18:30.000Z,2024-07-03T01:56:06.000Z,2026-08-17T16:12:59.000Z,8
Y000111,0001080720,GUT.RT,,2024-10-23T19:49:19.000Z,2024-10-23T19:49:19.000Z,1
Y000112,0001086745,AYRO,2023-08-04T00:02:17.000Z,2024-09-11T00:42:04.000Z,2025-05-07T22:11:47.000Z,8
Y000112,0001086745,FABC,,2026-05-04T12:18:54.000Z,2026-08-14T20:35:11.000Z,7
Y000112,0001086745,SBLX,,2025-10-31T21:00:13.000Z,2025-10-31T21:00:16.000Z,5
Y000113,0001089815,EHSI,,2025-08-08T20:50:04.000Z,2026-09-09T16:14:53.000Z,12
Y000113,0001089815,USNU,2023-12-05T23:27:48.000Z,2024-11-06T17:34:14.000Z,2025-07-31T17:14:43.000Z,6
Y000114,0001091748,ARGO,2023-11-24T13:20:13.000Z,,,0
Y000114,0001091748,ARGO.PA,,2025-01-23T16:05:21.000Z,2025-01-23T16:06:25.000Z,3
Y000115,0001095435,ALP,,2026-09-12T04:39:13.000Z,2026-09-24T00:37:06.000Z,5
Y000115,0001095435,ATON,,2026-03-19T00:35:06.000Z,2026-04-18T00:10:13.000Z,4
Y000116,0001108134,BBT,,2025-09-03T15:00:26.000Z,2026-09-02T20:41:44.000Z,63
Y000116,0001108134,BHLB,2024-04-26T15:52:30.000Z,2024-07-02T21:22:19.000Z,2025-07-02T18:08:46.000Z,30
Y000117,0001108426,PNM,2024-06-06T15:26:40.000Z,,,0
Y000117,0001108426,TXNM,,2024-08-06T19:11:25.000Z,2026-08-17T21:00:01.000Z,63
Y000118,0001109262,AGGI,,2026-02-20T02:05:02.000Z,2026-08-11T23:40:56.000Z,3
Y000118,0001109262,BSCL,,2026-06-11T22:24:35.000Z,2026-07-29T01:21:14.000Z,4
Y000119,0001114925,'LTRX,,2024-09-13T22:49:39.000Z,2024-09-13T22:49:39.000Z,1
Y000119,0001114925,LTRX,2024-06-12T20:02:21.000Z,2024-07-23T20:30:04.000Z,2026-09-09T20:30:25.000Z,105
Y000120,0001114936,UMEW,,2026-02-18T14:59:33.000Z,2026-07-06T16:31:57.000Z,5
Y000120,0001114936,UMEWF,,2024-11-06T22:56:52.000Z,2024-11-08T18:25:30.000Z,2
Y000121,0001126741,GIST,,2025-11-05T00:56:45.000Z,2025-11-05T00:56:45.000Z,1
Y000121,0001126741,GSIT,2024-05-16T21:59:56.000Z,2024-07-30T22:42:00.000Z,2026-09-10T22:18:46.000Z,73
Y000122,0001130166,BGMS,,2025-09-16T19:31:42.000Z,2025-11-13T23:00:02.000Z,22
Y000122,0001130166,CYCC,2024-01-31T21:56:01.000Z,2025-01-08T00:04:06.000Z,2025-09-10T19:09:51.000Z,29
Y000123,0001130713,BBBY,,2025-11-19T02:06:02.000Z,2026-08-13T00:58:22.000Z,38
Y000123,0001130713,BYON,2024-06-18T00:05:09.000Z,2024-08-02T03:26:52.000Z,2025-07-23T00:06:59.000Z,41
Y000123,0001130713,NXH,,2026-09-10T00:08:31.000Z,2026-09-18T00:05:30.000Z,2
Y000124,0001141197,CXDO,,2026-05-01T20:30:36.000Z,2026-05-01T20:30:36.000Z,1
Y000124,0001141197,PED,2024-01-29T21:31:30.000Z,2024-08-30T20:52:08.000Z,2026-08-19T23:02:21.000Z,63
Y000125,0001145604,NIKA,,2025-03-19T19:31:40.000Z,2025-03-19T19:31:40.000Z,1
Y000125,0001145604,NKPH,2024-03-19T18:11:51.000Z,,,0
Y000126,0001156041,AGIG,,2025-12-23T23:32:54.000Z,2026-06-30T20:05:14.000Z,26
Y000126,0001156041,HUSA,2024-06-21T16:14:21.000Z,2024-11-22T11:16:15.000Z,2025-08-18T20:15:31.000Z,22
Y000127,0001163389,NWPP,2024-06-18T17:17:59.000Z,2024-08-02T00:47:46.000Z,2026-09-22T20:14:35.000Z,49
Y000127,0001163389,NWWP,,2026-02-17T22:44:12.000Z,2026-09-18T19:57:24.000Z,4
Y000128,0001169445,CPSI,2024-06-05T22:12:36.000Z,2024-07-02T20:55:02.000Z,2024-07-02T20:55:02.000Z,1
Y000128,0001169445,TBRG,2024-04-02T15:14:24.000Z,2024-10-04T20:12:50.000Z,2026-07-10T18:57:58.000Z,91
Y000129,0001170858,SBS,,2026-05-28T00:10:02.000Z,2026-06-18T00:23:29.000Z,6
Y000129,0001170858,SBSP3,,2026-03-19T14:14:24.000Z,2026-05-15T22:07:47.000Z,30
Y000130,0001174891,BUUZ,2024-02-14T23:00:40.000Z,2024-10-22T20:58:32.000Z,2024-10-22T20:58:32.000Z,1
Y000130,0001174891,GEDC,,2024-12-18T00:15:45.000Z,2026-04-23T20:05:14.000Z,10
Y000131,0001191070,BNOX,,2024-07-08T14:10:20.000Z,2024-07-13T03:18:49.000Z,7
Y000131,0001191070,NEUP,,2025-04-18T16:00:33.000Z,2026-01-22T02:01:32.000Z,13
Y000132,0001206264,SGI,,2025-03-04T22:18:24.000Z,2026-08-28T20:04:24.000Z,61
Y000132,0001206264,TPX,2024-05-10T20:22:45.000Z,2024-12-03T21:03:44.000Z,2025-02-07T21:17:40.000Z,13
Y000133,0001210708,HSON,2024-06-01T00:11:28.000Z,2024-08-03T00:36:58.000Z,2025-09-05T01:37:43.000Z,31
Y000133,0001210708,STRR,,2025-09-12T00:39:53.000Z,2026-08-20T02:07:57.000Z,75
Y000134,0001218683,BGDE,,2026-05-13T20:23:20.000Z,2026-09-28T23:57:00.000Z,20
Y000134,0001218683,MIGI,2024-03-07T02:43:20.000Z,2024-07-03T20:45:03.000Z,2026-04-20T20:31:04.000Z,44
Y000135,0001222719,CHI,,2025-08-11T18:47:39.000Z,2025-08-11T18:47:39.000Z,1
Y000135,0001222719,CHY,2024-02-15T16:11:42.000Z,2024-09-10T15:52:53.000Z,2026-08-26T20:05:11.000Z,9
Y000136,0001228627,IRD,,2024-10-25T01:49:33.000Z,2026-09-12T00:09:50.000Z,82
Y000136,0001228627,OCUP,2024-06-14T01:31:50.000Z,,,0
Y000137,0001232860,MUI,2024-02-03T06:10:07.000Z,2024-08-10T01:47:03.000Z,2024-12-14T02:24:08.000Z,3
Y000137,0001232860,MUNEX,,2025-09-24T20:27:09.000Z,2026-09-18T01:50:59.000Z,12
Y000138,0001233681,BCX,,2025-02-05T04:10:47.000Z,2025-02-05T04:26:21.000Z,2
Y000138,0001233681,BLW,2024-04-04T04:25:48.000Z,2024-07-03T23:14:43.000Z,2026-09-18T00:59:04.000Z,74
Y000139,0001253689,CBIO,,2025-06-17T22:53:03.000Z,2026-09-18T20:03:34.000Z,51
Y000139,0001253689,GLYC,2024-06-24T20:29:48.000Z,2024-07-29T21:55:57.000Z,2024-08-09T20:30:11.000Z,5
Y000140,0001260563,MFJ,,2026-04-04T01:19:35.000Z,2026-04-04T01:19:35.000Z,1
Y000140,0001260563,NFJ,2024-01-19T04:08:29.000Z,2025-06-18T20:45:33.000Z,2026-08-24T19:02:50.000Z,16
Y000141,0001260729,GDV,2024-06-28T12:49:31.000Z,2024-08-05T22:48:01.000Z,2026-08-17T16:18:45.000Z,19
Y000141,0001260729,GDV.M,,2024-10-15T16:31:42.000Z,2025-12-31T20:40:29.000Z,5
Y000142,0001262104,LITS,,2025-10-03T00:00:27.000Z,2026-06-26T00:30:07.000Z,13
Y000142,0001262104,MEIP,2024-05-22T00:00:05.000Z,2025-07-18T05:33:57.000Z,2025-09-11T00:40:54.000Z,10
Y000143,0001265521,PMHS,,2025-09-17T20:39:07.000Z,2025-09-17T20:39:07.000Z,1
Y000143,0001265521,TRFE,2024-03-28T20:30:33.000Z,2024-07-23T11:27:44.000Z,2024-10-17T20:31:22.000Z,3
Y000144,0001273685,ADAM,,2026-01-02T23:19:32.000Z,2026-06-23T15:35:55.000Z,16
Y000144,0001273685,NYMT,2024-04-11T20:08:57.000Z,2024-08-26T19:20:26.000Z,2025-06-13T20:03:54.000Z,21
Y000145,0001275014,UCTI,,2025-09-04T04:28:16.000Z,2025-09-04T04:28:16.000Z,1
Y000145,0001275014,UCTT,2024-06-21T01:52:57.000Z,2024-07-03T02:10:05.000Z,2026-09-05T02:23:00.000Z,99
Y000146,0001282957,GLU,2024-02-23T17:27:08.000Z,2025-03-13T17:58:03.000Z,2026-08-17T16:24:01.000Z,2
Y000146,0001282957,GLU.B,2023-12-27T18:49:03.000Z,2024-12-02T18:43:05.000Z,2024-12-28T00:24:43.000Z,3
Y000147,0001285650,CGO,2023-11-01T18:23:15.000Z,2024-12-27T22:25:47.000Z,2025-09-09T17:34:15.000Z,4
Y000147,0001285650,CHO,,2025-09-09T19:59:23.000Z,2025-09-09T19:59:23.000Z,1
Y000148,0001287865,MPT,,2026-03-20T03:00:05.000Z,2026-08-21T01:30:05.000Z,17
Y000148,0001287865,MPW,2024-04-24T02:30:22.000Z,2024-07-09T02:03:16.000Z,2026-01-10T04:00:12.000Z,77
Y000149,0001293818,CFOR,,2026-07-06T21:46:05.000Z,2026-07-06T21:48:11.000Z,4
Y000149,0001293818,OPGN,2024-04-25T20:59:34.000Z,2024-07-31T23:05:56.000Z,2026-07-06T21:47:12.000Z,26
Y000150,0001297937,PRKA,2024-02-07T01:34:47.000Z,2024-09-06T21:25:03.000Z,2025-08-15T01:43:21.000Z,9
Y000150,0001297937,PRKAD,,2025-05-16T23:22:32.000Z,2025-05-16T23:22:32.000Z,1
Y000151,0001304409,AHNR,2024-06-18T18:28:22.000Z,2024-09-04T17:12:57.000Z,2025-04-03T20:10:33.000Z,9
Y000151,0001304409,AHNRF,,2026-05-20T19:13:55.000Z,2026-09-29T21:32:24.000Z,7
Y000152,0001313310,GRVY,,2026-03-19T00:43:06.000Z,2026-04-06T20:15:02.000Z,11
Y000152,0001313310,GRVY],,2026-03-19T00:54:02.000Z,2026-03-19T00:54:02.000Z,1
Y000153,0001318482,KDOZF,,2024-11-29T22:07:12.000Z,2026-09-15T05:15:21.000Z,73
Y000153,0001318482,KIDZ,2024-04-02T05:39:38.000Z,,,0
Y000154,0001321834,MYMD,2024-06-29T00:05:18.000Z,,,0
Y000154,0001321834,QCLS,,2025-10-07T01:29:59.000Z,2026-09-23T01:07:25.000Z,24
Y000154,0001321834,TNFA,,2025-04-19T00:30:12.000Z,2025-04-19T00:30:15.000Z,3
Y000155,0001326706,$FEED,,2026-06-22T17:43:24.000Z,2026-06-22T17:43:24.000Z,1
Y000155,0001326706,FEED,,2025-12-18T22:36:25.000Z,2026-04-17T21:10:54.000Z,11
Y000155,0001326706,NAOV,2024-02-27T01:36:11.000Z,2025-01-03T02:18:10.000Z,2025-01-03T21:05:16.000Z,9
Y000156,0001334978,CCO,2024-06-05T00:10:06.000Z,2024-07-27T00:15:05.000Z,2026-06-18T00:30:33.000Z,70
Y000156,0001334978,COO,2024-03-12T00:05:29.000Z,2026-02-28T02:49:38.000Z,2026-02-28T02:49:38.000Z,1
Y000157,0001336917,UA,2024-06-06T02:50:12.000Z,2024-07-03T04:44:39.000Z,2026-09-03T00:35:58.000Z,159
Y000157,0001336917,UAA,2023-10-17T00:26:54.000Z,2026-01-27T04:48:12.000Z,2026-01-27T04:48:12.000Z,1
Y000158,0001339688,LCGMF,2024-06-28T05:50:58.000Z,2024-08-07T05:10:27.000Z,2026-09-24T02:53:36.000Z,45
Y000158,0001339688,LCU,,2026-09-16T05:55:55.000Z,2026-09-24T05:16:46.000Z,2
Y000158,0001339688,LEO,,2026-07-09T01:13:22.000Z,2026-07-09T01:13:22.000Z,1
Y000158,0001339688,LGDMF,2024-03-13T01:17:05.000Z,2024-08-01T14:41:34.000Z,2024-09-25T00:59:56.000Z,4
Y000159,0001340476,DRTT,2024-03-27T03:46:14.000Z,2024-08-06T04:08:41.000Z,2024-08-06T04:08:41.000Z,1
Y000159,0001340476,DRTTF,2024-06-24T19:18:12.000Z,2024-07-02T23:11:14.000Z,2026-08-18T23:33:33.000Z,97
Y000160,0001342958,DGLY,2023-10-20T00:16:14.000Z,2025-01-24T02:15:29.000Z,2025-01-24T02:15:29.000Z,1
Y000160,0001342958,KUST,,2026-01-27T07:59:22.000Z,2026-07-02T21:53:32.000Z,12
Y000161,0001346830,CARA,2024-06-06T20:28:07.000Z,2024-08-02T20:05:11.000Z,2025-03-04T21:59:22.000Z,5
Y000161,0001346830,TVRD,,2025-04-17T22:05:55.000Z,2026-06-11T20:30:29.000Z,50
Y000162,0001349706,IMHC,2023-11-04T05:55:25.000Z,,,0
Y000162,0001349706,TOGI,,2025-09-11T03:00:13.000Z,2025-09-11T03:00:13.000Z,1
Y000163,0001355096,QRTEA,2024-06-18T21:09:36.000Z,2024-09-12T21:04:26.000Z,2024-12-18T22:06:50.000Z,7
Y000163,0001355096,QVCAQ,,2026-08-06T22:06:18.000Z,2026-08-06T22:28:04.000Z,14
Y000163,0001355096,QVCGA,,2025-03-05T21:49:26.000Z,2026-03-24T20:01:13.000Z,34
Y000163,0001355096,QVCGP,,2026-04-23T00:05:34.000Z,2026-08-10T23:41:46.000Z,5
Y000164,0001355790,ISCO,,2025-06-20T12:21:17.000Z,2026-09-18T00:46:25.000Z,5
Y000164,0001355790,ISCO.OB,2024-06-13T20:05:50.000Z,2025-06-20T12:18:43.000Z,2025-06-20T12:18:43.000Z,1
Y000165,0001355839,IPM,,2025-01-08T21:10:32.000Z,2026-06-09T20:10:15.000Z,29
Y000165,0001355839,PALT,2024-03-22T20:05:34.000Z,2024-08-26T20:15:10.000Z,2024-11-19T23:12:29.000Z,6
Y000166,0001372807,BCIC,,2025-09-23T17:39:29.000Z,2026-06-24T22:09:11.000Z,18
Y000166,0001372807,PTMN,2024-04-01T23:52:49.000Z,2025-05-15T21:22:32.000Z,2025-07-17T21:05:54.000Z,7
Y000167,0001378701,GDL,2024-02-23T17:46:10.000Z,2024-09-03T20:12:56.000Z,2026-08-17T16:38:58.000Z,6
Y000167,0001378701,GDL.C,,2025-04-22T18:05:01.000Z,2025-04-22T18:05:01.000Z,1
Y000167,0001378701,GDL.E,2024-03-28T17:13:03.000Z,,,0
Y000168,0001382574,MEDS,2024-05-29T01:01:21.000Z,2024-08-06T05:23:00.000Z,2024-08-06T05:23:01.000Z,2
Y000168,0001382574,SCNX,,2026-03-13T05:32:38.000Z,2026-09-01T01:09:04.000Z,4
Y000169,0001386570,CDXC,2024-06-24T21:45:01.000Z,2024-07-26T20:52:56.000Z,2025-03-10T12:11:11.000Z,14
Y000169,0001386570,NAGE,,2025-04-09T23:52:42.000Z,2026-07-08T21:18:41.000Z,23
Y000170,0001389545,NBY,2024-05-31T05:31:33.000Z,2025-04-08T00:30:01.000Z,2026-01-30T05:30:12.000Z,22
Y000170,0001389545,SDEV,,2026-04-03T00:54:10.000Z,2026-09-09T01:33:49.000Z,16
Y000171,0001390777,BK,2024-06-08T00:39:09.000Z,2024-07-04T00:27:35.000Z,2026-04-22T00:44:05.000Z,121
Y000171,0001390777,BNY,,2026-07-07T00:34:45.000Z,2026-10-01T00:23:30.000Z,10
Y000172,0001391437,GRX,2024-02-23T04:02:14.000Z,2024-07-10T19:30:22.000Z,2026-09-14T17:39:18.000Z,70
Y000172,0001391437,GRX.E,2024-06-29T02:01:23.000Z,2025-06-30T21:42:00.000Z,2026-01-03T03:34:42.000Z,2
Y000172,0001391437,GRX.G,2024-03-02T04:05:41.000Z,2025-06-30T22:35:25.000Z,2025-12-31T01:26:18.000Z,3
Y000173,0001395942,KAR,2024-06-27T00:19:41.000Z,2024-07-01T19:40:29.000Z,2026-06-08T21:35:08.000Z,68
Y000173,0001395942,OPLN,,2026-06-02T01:32:45.000Z,2026-08-27T01:52:16.000Z,14
Y000174,0001409197,BPSK,,2025-02-03T22:45:01.000Z,2025-02-03T22:45:01.000Z,1
Y000174,0001409197,BSPK,2024-06-18T13:43:29.000Z,2024-07-15T20:12:45.000Z,2026-01-08T19:15:50.000Z,17
Y000175,0001409970,HAPN,,2026-06-26T21:27:19.000Z,2026-09-17T22:41:53.000Z,17
Y000175,0001409970,LC,2024-06-13T21:50:29.000Z,2024-08-07T21:28:24.000Z,2026-06-18T21:58:40.000Z,123
Y000176,0001415404,ECHO,,2026-07-01T02:58:29.000Z,2026-08-15T02:01:45.000Z,14
Y000176,0001415404,SATS,2024-06-29T00:38:16.000Z,2024-07-15T17:39:54.000Z,2026-06-18T03:28:00.000Z,76
Y000177,0001416090,BSAI,,2025-04-21T21:41:21.000Z,2026-08-12T22:24:05.000Z,12
Y000177,0001416090,IMII,2024-05-22T01:26:31.000Z,2025-04-04T22:03:50.000Z,2025-04-04T22:03:50.000Z,1
Y000178,0001417663,SNVW,,2025-10-03T01:46:15.000Z,2026-07-03T00:13:59.000Z,23
Y000178,0001417663,SNWV,2024-06-27T00:02:15.000Z,2024-10-17T01:15:34.000Z,2026-05-05T00:05:14.000Z,47
Y000178,0001417663,SNWVD,,2024-11-02T03:47:38.000Z,2024-11-02T03:47:38.000Z,1
Y000179,0001417926,INVO,2023-05-23T00:13:16.000Z,,,0
Y000179,0001417926,IVF,,2025-08-29T01:18:37.000Z,2026-01-14T01:03:23.000Z,8
Y000180,0001419275,RTB,,2026-05-22T00:10:47.000Z,2026-09-23T21:11:07.000Z,11
Y000180,0001419275,RVVL,,2025-12-06T02:26:03.000Z,2025-12-06T02:26:03.000Z,1
Y000180,0001419275,RVYL,2024-06-19T02:17:51.000Z,2024-07-18T22:31:12.000Z,2026-04-14T04:19:11.000Z,47
Y000181,0001420565,ALRN,2024-06-17T23:03:29.000Z,2024-08-22T20:05:58.000Z,2024-12-09T21:09:30.000Z,12
Y000181,0001420565,RNTX,,2025-07-23T23:36:52.000Z,2026-05-29T00:15:59.000Z,10
Y000182,0001422142,AADI,2024-06-14T20:12:40.000Z,2024-07-02T22:37:58.000Z,2025-03-06T00:51:57.000Z,15
Y000182,0001422142,WHWK,,2025-04-03T23:22:11.000Z,2026-09-18T20:45:01.000Z,52
Y000183,0001425355,MCVT,2023-09-08T21:04:59.000Z,2024-11-27T19:05:57.000Z,2025-08-12T00:30:07.000Z,13
Y000183,0001425355,SUIG,,2026-01-15T21:58:51.000Z,2026-07-20T18:10:54.000Z,8
Y000184,0001427570,HIND,,2025-09-12T01:20:36.000Z,2026-09-03T20:30:05.000Z,15
Y000184,0001427570,RSLS,2024-01-16T23:11:06.000Z,2024-08-13T20:29:13.000Z,2024-08-13T20:29:13.000Z,1
Y000185,0001430162,CSAN,,2026-03-18T16:52:12.000Z,2026-09-16T00:51:09.000Z,18
Y000185,0001430162,CSAN3,,2026-05-22T04:22:43.000Z,2026-05-22T04:22:43.000Z,1
Y000186,0001432364,AZUL,,2026-03-17T14:03:05.000Z,2026-06-18T04:23:01.000Z,29
Y000186,0001432364,AZUL3,,2026-06-18T02:56:58.000Z,2026-06-18T02:56:58.000Z,1
Y000187,0001433660,JBT,2024-05-02T19:33:49.000Z,2024-10-02T17:13:53.000Z,2024-10-17T14:36:41.000Z,2
Y000187,0001433660,JBTM,,2025-01-06T22:02:59.000Z,2026-07-17T14:38:09.000Z,87
Y000188,0001434740,RANGER,,2026-07-14T22:06:57.000Z,2026-07-14T22:09:31.000Z,2
Y000188,0001434740,RNGC,,2024-12-31T16:54:14.000Z,2024-12-31T16:54:14.000Z,1
Y000189,0001437925,GMGI,2024-05-23T00:01:21.000Z,2024-08-29T04:39:59.000Z,2025-12-17T05:56:15.000Z,92
Y000189,0001437925,MRDN,,2026-03-19T00:15:00.000Z,2026-08-20T00:15:10.000Z,15
Y000190,0001438893,GNT,2024-06-25T21:50:48.000Z,2024-07-25T20:55:32.000Z,2026-08-17T19:15:40.000Z,17
Y000190,0001438893,GNT.B,2024-04-03T20:43:44.000Z,2025-06-30T20:48:43.000Z,2026-03-23T18:18:57.000Z,2
Y000191,0001444192,ACST,2024-05-11T00:11:36.000Z,2024-07-10T04:29:48.000Z,2024-07-11T19:16:42.000Z,2
Y000191,0001444192,GRCE,,2025-04-17T04:58:47.000Z,2026-09-24T02:19:25.000Z,25
Y000192,0001445283,KA,2024-05-02T16:36:53.000Z,2024-09-05T16:18:34.000Z,2024-09-05T16:21:48.000Z,7
Y000192,0001445283,KANT,,2025-06-20T16:17:05.000Z,2025-07-02T16:37:31.000Z,21
Y000193,0001446159,AGPU,,2026-02-10T04:03:09.000Z,2026-09-10T03:09:07.000Z,22
Y000193,0001446159,POAI,2024-04-13T01:26:48.000Z,2025-09-12T01:28:04.000Z,2026-05-20T00:03:32.000Z,13
Y000194,0001449794,EMBY,,2025-05-20T17:59:52.000Z,2025-12-10T18:24:45.000Z,18
Y000194,0001449794,EMYB,2024-06-12T13:58:50.000Z,2024-08-19T13:46:32.000Z,2026-09-24T15:48:04.000Z,81
Y000195,0001454938,OB,2024-06-27T01:06:58.000Z,2024-07-03T04:46:01.000Z,2025-06-10T00:48:26.000Z,47
Y000195,0001454938,TEAD,,2025-06-11T00:31:43.000Z,2026-09-10T03:15:45.000Z,41
Y000196,0001455684,TPIC,2024-05-31T20:05:32.000Z,2024-11-14T13:53:01.000Z,2025-05-27T20:38:28.000Z,29
Y000196,0001455684,TPICQ,,2025-12-02T21:05:05.000Z,2025-12-02T21:05:05.000Z,1
Y000197,0001456772,NASDAQ:OPI,2024-06-17T20:34:26.000Z,2024-09-13T20:20:29.000Z,2026-07-01T20:12:16.000Z,18
Y000197,0001456772,OPI,2023-06-14T20:43:52.000Z,2026-06-25T20:53:05.000Z,2026-08-20T01:14:35.000Z,7
Y000198,0001460702,AIXC,,2025-12-06T00:46:10.000Z,2026-08-26T20:05:06.000Z,4
Y000198,0001460702,QLGN,2022-08-04T20:17:04.000Z,2024-07-25T15:57:03.000Z,2024-11-15T21:05:33.000Z,5
Y000199,0001462223,NIXX,,2025-01-16T22:01:01.000Z,2026-07-13T21:25:02.000Z,11
Y000199,0001462223,RCRT,2023-06-12T22:32:18.000Z,,,0
Y000200,0001467761,FIEE,,2026-02-13T02:12:10.000Z,2026-05-15T01:54:39.000Z,5
Y000200,0001467761,MINM,2024-02-03T01:10:37.000Z,2024-10-02T00:47:38.000Z,2026-01-30T02:20:28.000Z,24
Y000201,0001471727,BTTR,2024-02-06T07:59:38.000Z,2024-11-27T16:04:42.000Z,2024-12-26T22:03:11.000Z,2
Y000201,0001471727,SRXH,,2025-05-08T00:54:30.000Z,2026-04-03T19:04:57.000Z,8
Y000202,0001473334,NVFY,2023-11-14T04:47:23.000Z,2025-01-07T02:35:41.000Z,2025-01-07T02:35:41.000Z,1
Y000202,0001473334,XWIN,,2026-05-15T00:30:24.000Z,2026-05-15T00:30:25.000Z,2
Y000203,0001474432,P,,2026-04-24T02:39:32.000Z,2026-09-30T00:23:59.000Z,46
Y000203,0001474432,PSTG,2024-06-25T00:54:12.000Z,2024-07-10T00:46:10.000Z,2026-03-25T00:28:46.000Z,109
Y000204,0001481582,RYI,2024-06-24T20:30:31.000Z,2024-07-02T23:10:59.000Z,2026-02-14T01:08:40.000Z,103
Y000204,0001481582,RYZ,,2026-03-02T21:32:10.000Z,2026-09-21T20:50:53.000Z,44
Y000205,0001482541,BNC,,2025-10-04T00:30:17.000Z,2026-09-22T00:12:40.000Z,18
Y000205,0001482541,CEAD,2024-01-04T02:04:59.000Z,2024-12-10T02:09:11.000Z,2025-01-04T00:10:32.000Z,9
Y000205,0001482541,VAPE,,2025-07-30T05:38:38.000Z,2025-08-06T19:10:49.000Z,9
Y000206,0001487718,BLTH,,2024-12-16T20:03:33.000Z,2026-05-12T20:05:36.000Z,50
Y000206,0001487718,BOXS,2022-09-22T16:05:37.000Z,,,0
Y000207,0001493137,LCLC,,2024-07-25T22:37:05.000Z,2025-03-05T11:06:47.000Z,2
Y000207,0001493137,LCTC,2023-12-19T22:14:21.000Z,2024-07-25T22:35:40.000Z,2026-06-25T01:36:59.000Z,21
Y000208,0001493712,CMXC,2024-01-10T18:10:32.000Z,,,0
Y000208,0001493712,STME,,2025-02-26T02:07:59.000Z,2025-12-20T00:17:09.000Z,3
Y000209,0001493761,HEAR,2024-06-13T13:21:55.000Z,2024-07-26T01:12:36.000Z,2024-12-26T22:27:30.000Z,6
Y000209,0001493761,TBCH,,2025-02-05T00:58:06.000Z,2026-08-13T00:04:06.000Z,40
Y000210,0001495932,AGNT,,2026-06-16T01:42:40.000Z,2026-09-15T21:08:24.000Z,13
Y000210,0001495932,EXPI,2024-06-29T02:57:00.000Z,2024-07-02T19:30:05.000Z,2026-06-01T23:46:13.000Z,130
Y000211,0001497253,ONVO,2023-11-18T04:43:26.000Z,2024-08-08T00:01:03.000Z,2025-01-09T02:05:03.000Z,7
Y000211,0001497253,VIVS,,2025-08-22T04:41:01.000Z,2026-09-02T00:01:03.000Z,11
Y000212,0001498382,HURA,,2024-11-14T21:46:15.000Z,2026-05-29T20:37:18.000Z,18
Y000212,0001498382,KTRA,2023-09-01T22:00:39.000Z,2024-10-22T23:56:02.000Z,2024-10-23T01:12:33.000Z,13
Y000213,0001498710,FLYY,,2025-04-28T22:40:05.000Z,2025-07-24T00:24:27.000Z,22
Y000213,0001498710,SAVE,2024-04-05T20:08:32.000Z,2024-07-03T20:10:26.000Z,2024-08-16T20:40:06.000Z,5
Y000213,0001498710,SAVEQ,,2024-12-03T21:26:46.000Z,2024-12-19T21:22:14.000Z,13
Y000214,0001499961,BINI,,2025-10-15T19:12:56.000Z,2025-10-15T19:14:15.000Z,2
Y000214,0001499961,MULN,2024-06-12T20:00:10.000Z,2024-11-01T17:15:21.000Z,2025-06-17T17:47:26.000Z,21
Y000215,0001502292,CNFR,2024-01-24T23:33:34.000Z,2024-12-17T00:37:30.000Z,2025-08-23T00:54:32.000Z,10
Y000215,0001502292,PRHI,,2025-10-10T00:50:02.000Z,2026-08-31T19:29:16.000Z,8
Y000216,0001505497,BRTX,2024-04-10T21:16:36.000Z,2024-11-05T21:33:45.000Z,2026-07-30T22:54:24.000Z,13
Y000216,0001505497,BTRX,,2026-07-24T19:03:11.000Z,2026-07-24T19:03:11.000Z,1
Y000217,0001509223,MTBL,2024-03-25T20:01:29.000Z,,,0
Y000217,0001509223,MTBLY,,2024-07-02T20:00:20.000Z,2025-05-14T20:05:18.000Z,9
Y000218,0001509470,NSLR,,2026-07-23T01:14:12.000Z,2026-09-22T22:26:18.000Z,5
Y000218,0001509470,SSSS,2024-06-08T00:09:39.000Z,2024-08-21T02:41:13.000Z,2026-06-26T00:29:52.000Z,38
Y000219,0001509745,CYPH,,2025-11-13T21:52:46.000Z,2026-09-25T22:16:14.000Z,57
Y000219,0001509745,LPTX,2024-04-19T20:31:02.000Z,2024-10-04T21:22:13.000Z,2025-07-01T20:31:50.000Z,29
Y000220,0001512228,NB,2024-02-20T22:48:31.000Z,2024-11-13T21:30:19.000Z,2026-07-08T20:02:38.000Z,33
Y000220,0001512228,\NB,,2026-07-08T20:02:18.000Z,2026-07-08T20:02:18.000Z,1
Y000221,0001512673,SQ,2024-06-22T02:02:40.000Z,2024-07-04T00:49:38.000Z,2025-01-07T03:26:48.000Z,51
Y000221,0001512673,XYZ,,2025-02-11T03:06:37.000Z,2026-09-29T02:16:52.000Z,183
Y000222,0001515139,MWRK,2024-01-10T07:00:32.000Z,,,0
Y000222,0001515139,WAST,,2025-07-12T01:58:16.000Z,2026-09-25T16:54:09.000Z,4
Y000223,0001517228,COMM,2024-06-04T20:31:56.000Z,2024-07-02T20:30:21.000Z,2026-01-12T21:25:12.000Z,62
Y000223,0001517228,VISN,,2026-02-26T21:10:14.000Z,2026-09-04T21:08:01.000Z,24
Y000224,0001518715,HMST,2024-03-18T16:50:58.000Z,2024-09-04T16:16:36.000Z,2025-09-03T23:02:43.000Z,26
Y000224,0001518715,MCHB,,2025-09-05T01:24:52.000Z,2026-06-17T22:41:57.000Z,62
Y000225,0001520118,INTV,2023-08-30T20:05:26.000Z,,,0
Y000225,0001520118,MWAI,,2026-06-18T10:50:08.000Z,2026-06-18T10:50:08.000Z,1
Y000226,0001527541,WHLR,2024-06-01T04:07:27.000Z,2024-07-03T19:20:55.000Z,2026-09-26T02:48:06.000Z,59
Y000226,0001527541,WHLRD,,2024-08-03T01:28:36.000Z,2025-03-12T22:00:16.000Z,17
Y000227,0001527613,IMG,,2024-12-30T22:35:32.000Z,2025-09-16T16:21:54.000Z,6
Y000227,0001527613,NUZE,2024-06-26T20:10:30.000Z,2024-07-23T21:26:10.000Z,2024-10-24T10:03:35.000Z,9
Y000228,0001527762,CD,,2025-11-27T06:06:25.000Z,2026-09-01T19:15:50.000Z,12
Y000228,0001527762,MFH,,2025-10-17T01:20:59.000Z,2025-11-13T04:08:59.000Z,5
Y000229,0001530766,BSGM,2024-03-05T06:04:14.000Z,2024-07-06T00:00:13.000Z,2025-06-10T02:31:07.000Z,23
Y000229,0001530766,STEX,,2025-09-16T04:16:15.000Z,2026-09-04T00:30:13.000Z,34
Y000230,0001532286,NINE,2024-06-25T18:59:07.000Z,2024-08-07T22:27:36.000Z,2026-06-24T00:10:24.000Z,78
Y000230,0001532286,NINEQ,,2026-03-16T22:17:18.000Z,2026-04-10T01:00:04.000Z,5
Y000231,0001533615,GMRE,2024-05-17T01:39:38.000Z,2025-02-28T06:49:42.000Z,2025-12-09T02:15:28.000Z,19
Y000231,0001533615,XRN,,2026-02-26T07:55:32.000Z,2026-09-01T03:29:53.000Z,41
Y000232,0001534708,BLNE,,2025-02-18T19:15:02.000Z,2026-09-14T20:11:05.000Z,67
Y000232,0001534708,EAST,2024-05-31T22:14:57.000Z,2024-10-10T01:14:51.000Z,2025-01-01T02:05:30.000Z,12
Y000233,0001537028,ICD,2024-06-05T16:48:11.000Z,2024-07-02T09:54:50.000Z,2024-12-20T12:28:55.000Z,6
Y000233,0001537028,ICDI,,2024-11-27T16:33:34.000Z,2024-11-27T16:33:34.000Z,1
Y000234,0001538263,HTB,,2025-06-03T23:10:15.000Z,2026-08-03T18:02:18.000Z,37
Y000234,0001538263,HTBI,2024-06-12T16:31:57.000Z,2024-07-02T18:26:46.000Z,2025-02-14T00:18:40.000Z,13
Y000235,0001549084,CHRN,,2026-05-16T04:30:06.000Z,2026-08-19T00:05:17.000Z,20
Y000235,0001549084,EKSO,2024-06-27T00:20:21.000Z,2025-03-19T02:06:18.000Z,2026-03-21T03:05:29.000Z,23
Y000236,0001550695,PFMT,2024-05-15T19:49:43.000Z,2024-08-01T16:40:48.000Z,2025-07-28T19:00:48.000Z,11
Y000236,0001550695,PHLT,,2025-05-05T21:29:28.000Z,2025-10-22T13:24:44.000Z,25
Y000237,0001551047,BPRE,,2026-06-09T01:24:10.000Z,2026-09-30T01:34:47.000Z,15
Y000237,0001551047,TIPRX,,2025-11-13T03:01:49.000Z,2025-12-11T03:15:49.000Z,2
Y000237,0001551047,TIPWX,2024-04-02T23:44:52.000Z,2024-07-03T01:04:30.000Z,2025-07-02T22:41:50.000Z,15
Y000238,0001557265,PIIVX,2024-04-12T21:20:00.000Z,2024-09-19T20:05:24.000Z,2026-05-08T18:51:13.000Z,5
Y000238,0001557265,PRIVX,,2026-01-14T21:30:56.000Z,2026-01-14T21:30:56.000Z,1
Y000239,0001560385,FWONK,,2024-09-19T00:01:28.000Z,2026-06-17T00:22:12.000Z,79
Y000239,0001560385,LLYVA,2024-06-21T05:03:17.000Z,,,0
Y000239,0001560385,LSXMA,2024-06-08T00:01:14.000Z,2024-08-27T01:07:46.000Z,2024-09-13T05:28:55.000Z,23
Y000239,0001560385,LSXMK,2024-05-02T03:03:56.000Z,2024-09-13T05:26:16.000Z,2024-09-13T05:28:09.000Z,2
Y000240,0001561032,HTIA,2023-09-14T01:26:37.000Z,,,0
Y000240,0001561032,NHP,,2026-05-05T04:43:06.000Z,2026-09-30T00:06:33.000Z,17
Y000241,0001562733,SNYR,,2024-10-22T23:21:24.000Z,2026-07-01T20:40:00.000Z,24
Y000241,0001562733,SYNR,,2025-06-13T20:05:05.000Z,2025-06-13T20:05:05.000Z,1
Y000242,0001563568,AZIO,,2026-07-16T20:16:39.000Z,2026-09-18T16:34:54.000Z,11
Y000242,0001563568,EVTV,2024-01-02T19:57:06.000Z,2024-10-28T15:16:34.000Z,2026-05-27T20:32:18.000Z,20
Y000243,0001566044,VYNE,2024-06-05T00:30:24.000Z,2024-07-04T00:15:12.000Z,2026-07-25T01:00:10.000Z,59
Y000243,0001566044,YARW,,2026-07-30T00:11:39.000Z,2026-07-31T00:05:03.000Z,15
Y000244,0001566610,TONX,,2025-09-04T21:50:29.000Z,2026-09-08T20:00:13.000Z,44
Y000244,0001566610,VERB,2023-10-03T00:00:10.000Z,2024-10-24T00:51:13.000Z,2025-08-20T20:45:24.000Z,34
Y000245,0001567094,CNH,,2025-01-04T02:43:14.000Z,2026-05-27T19:08:00.000Z,104
Y000245,0001567094,CNHI,,2025-09-09T11:30:52.000Z,2025-09-09T11:30:52.000Z,1
Y000246,0001567900,ALOY,,2026-02-28T03:57:12.000Z,2026-09-26T00:01:33.000Z,16
Y000246,0001567900,BLBX,2024-04-25T21:13:36.000Z,2024-07-02T16:33:50.000Z,2026-02-20T20:58:57.000Z,12
Y000247,0001569187,AHH,2024-06-18T20:20:50.000Z,2024-07-01T21:09:01.000Z,2026-01-20T21:34:30.000Z,77
Y000247,0001569187,AHRT,,2026-03-05T00:55:26.000Z,2026-09-29T20:06:15.000Z,35
Y000248,0001570585,LBTY,2024-05-23T21:36:23.000Z,2024-07-30T20:24:32.000Z,2026-06-25T21:37:33.000Z,126
Y000248,0001570585,LBTYA,,2025-01-03T21:06:51.000Z,2025-03-03T14:05:30.000Z,8
Y000248,0001570585,LBTYK,,2025-02-14T20:40:24.000Z,2025-02-14T20:41:16.000Z,2
Y000249,0001570937,ATAO,2024-05-16T20:28:19.000Z,2025-03-07T14:06:36.000Z,2025-04-25T12:30:04.000Z,7
Y000249,0001570937,PREM,,2026-05-26T20:25:51.000Z,2026-06-29T19:49:35.000Z,2
Y000250,0001571934,SNPX,2024-04-10T20:08:41.000Z,2025-04-07T21:00:15.000Z,2025-04-07T21:01:34.000Z,3
Y000250,0001571934,TAOX,,2025-07-02T20:05:04.000Z,2026-05-19T22:45:59.000Z,22
Y000251,0001576873,ABAT,2024-06-11T16:30:34.000Z,2024-07-06T00:26:27.000Z,2026-09-19T01:00:05.000Z,103
Y000251,0001576873,ABML,2023-10-04T02:56:00.000Z,2025-01-16T03:00:12.000Z,2025-01-16T03:00:12.000Z,1
Y000252,0001579684,GCI,2024-06-18T00:21:32.000Z,2024-07-02T00:22:26.000Z,2025-10-03T00:35:13.000Z,31
Y000252,0001579684,TDAY,,2026-01-03T02:19:56.000Z,2026-09-16T01:04:56.000Z,22
Y000253,0001580864,VRM,2024-04-06T02:14:43.000Z,2024-08-31T01:24:44.000Z,2026-08-18T00:38:14.000Z,64
Y000253,0001580864,VRMMQ,,2025-01-22T17:45:38.000Z,2025-01-22T17:48:56.000Z,3
Y000254,0001583648,PIRS,2023-06-23T20:47:16.000Z,2024-07-31T23:26:36.000Z,2024-12-12T21:16:43.000Z,6
Y000254,0001583648,PVLA,,2024-12-16T21:18:07.000Z,2026-09-18T20:05:09.000Z,69
Y000255,0001584693,HITC,,2024-08-02T20:05:28.000Z,2025-03-29T00:03:43.000Z,14
Y000255,0001584693,SSGC,,2025-06-25T20:38:01.000Z,2026-08-14T15:29:03.000Z,4
Y000256,0001585389,SMA,,2025-04-04T01:05:23.000Z,2026-09-18T00:52:36.000Z,37
Y000256,0001585389,STSFF,2024-02-15T02:00:19.000Z,2025-05-14T01:56:02.000Z,2025-05-14T01:56:02.000Z,1
Y000257,0001585855,GGZ,2024-02-22T21:50:45.000Z,2025-01-14T17:25:42.000Z,2026-08-17T19:46:05.000Z,2
Y000257,0001585855,GGZ.B,2024-01-24T21:53:22.000Z,2025-09-29T18:03:55.000Z,2025-09-30T17:40:15.000Z,2
Y000257,0001585855,GGZ.E,,2025-09-30T20:30:24.000Z,2025-09-30T20:30:24.000Z,1
Y000258,0001591588,AMRK,2024-05-30T20:55:54.000Z,2024-07-02T21:00:43.000Z,2025-11-26T21:59:42.000Z,54
Y000258,0001591588,GOLD,,2025-12-04T22:06:38.000Z,2026-09-23T01:51:49.000Z,49
Y000259,0001591890,FGF,2024-06-18T23:05:27.000Z,2024-07-03T19:48:10.000Z,2025-08-08T21:57:00.000Z,50
Y000259,0001591890,FGNX,,2025-08-19T20:49:09.000Z,2026-07-13T21:45:25.000Z,32
Y000260,0001591956,ANY,2024-06-13T02:57:21.000Z,2024-08-31T01:24:54.000Z,2026-09-11T00:15:26.000Z,46
Y000260,0001591956,DRK,,2026-09-24T01:00:02.000Z,2026-09-24T01:00:02.000Z,1
Y000261,0001592057,EVA,2024-03-08T16:03:26.000Z,,,0
Y000261,0001592057,EVVAQ,,2024-12-09T17:12:13.000Z,2024-12-17T06:01:25.000Z,16
Y000262,0001593184,BRGX,,2025-01-02T19:08:17.000Z,2025-01-02T19:08:17.000Z,1
Y000262,0001593184,FDIT,2024-05-22T17:46:23.000Z,,,0
Y000263,0001593549,(NUGN,,2025-10-22T18:19:28.000Z,2025-10-22T18:19:28.000Z,1
Y000263,0001593549,NUGN,2023-12-21T19:14:40.000Z,2025-08-19T21:16:58.000Z,2026-01-20T11:42:32.000Z,7
Y000264,0001596961,RDNW,,2025-08-19T21:55:21.000Z,2026-06-09T01:31:39.000Z,17
Y000264,0001596961,RMBL,2024-05-13T18:45:01.000Z,2024-07-05T16:44:30.000Z,2025-06-07T00:35:40.000Z,29
Y000265,0001599407,EFSH,2024-04-17T21:00:29.000Z,,,0
Y000265,0001599407,LBRA,,2025-11-14T21:45:03.000Z,2026-08-20T21:11:56.000Z,8
Y000265,0001599407,LBRA],,2025-12-04T21:13:39.000Z,2025-12-04T21:13:39.000Z,1
Y000266,0001599901,RNA,2024-06-21T20:19:38.000Z,2024-07-11T20:07:00.000Z,2026-01-23T22:34:07.000Z,110
Y000266,0001599901,RNAM,,2026-02-27T19:47:44.000Z,2026-02-27T20:28:38.000Z,17
Y000267,0001603145,NEP,2024-05-09T20:11:35.000Z,,,0
Y000267,0001603145,XIFR,,2025-02-06T16:45:04.000Z,2026-02-18T21:21:08.000Z,24
Y000268,0001603652,ULY,2024-06-28T22:31:38.000Z,2024-07-03T21:41:07.000Z,2026-02-23T22:00:12.000Z,63
Y000268,0001603652,ULYX,,2026-04-10T20:30:03.000Z,2026-04-29T01:53:54.000Z,9
Y000269,0001604191,ENTO,2024-06-13T02:23:05.000Z,2024-07-03T22:33:15.000Z,2025-08-19T02:58:09.000Z,10
Y000269,0001604191,GRDX,,2025-12-30T03:31:37.000Z,2026-07-02T04:48:55.000Z,8
Y000270,0001605331,ABQQ,2024-02-06T01:04:05.000Z,2024-07-26T19:39:51.000Z,2025-05-23T20:08:37.000Z,4
Y000270,0001605331,AERA,,2026-02-26T00:51:23.000Z,2026-05-05T21:14:12.000Z,3
Y000271,0001605888,ATLN,2024-06-22T01:57:18.000Z,2024-07-24T01:06:58.000Z,2026-03-17T02:42:00.000Z,23
Y000271,0001605888,CIRC,,2026-07-08T04:00:57.000Z,2026-07-08T04:00:57.000Z,1
Y000272,0001607962,LFWD,2024-06-21T16:47:23.000Z,2024-07-03T01:02:18.000Z,2026-09-10T17:10:50.000Z,45
Y000272,0001607962,RWLK,2023-11-22T02:37:18.000Z,2025-01-09T03:20:52.000Z,2025-01-09T03:20:52.000Z,1
Y000273,0001611747,BVXV,2023-01-23T18:16:22.000Z,,,0
Y000273,0001611747,SCNI,,2026-03-18T17:35:18.000Z,2026-06-18T22:51:11.000Z,10
Y000274,0001611983,LBRDA,2024-04-09T20:50:56.000Z,2024-09-26T20:23:25.000Z,2025-05-27T20:33:45.000Z,15
Y000274,0001611983,LBRDK,,2025-07-14T22:18:07.000Z,2026-08-21T01:14:01.000Z,32
Y000275,0001614806,AJX,2024-06-27T20:34:32.000Z,2024-08-19T23:46:24.000Z,2024-10-24T21:04:07.000Z,2
Y000275,0001614806,RPT,,2024-12-06T21:25:28.000Z,2026-08-07T20:17:21.000Z,7
Y000276,0001615219,DCOY,,2026-08-01T00:51:42.000Z,2026-09-03T02:32:13.000Z,11
Y000276,0001615219,SLRX,2024-04-13T00:50:27.000Z,2025-11-21T02:42:09.000Z,2026-01-03T03:13:54.000Z,6
Y000277,0001616533,PENG,,2024-10-23T03:18:23.000Z,2026-08-27T03:15:50.000Z,94
Y000277,0001616533,SGH,2024-06-28T00:37:27.000Z,2024-07-13T00:23:48.000Z,2024-10-03T04:31:17.000Z,15
Y000278,0001620463,ATHA,2024-06-25T23:21:55.000Z,2024-09-05T23:47:27.000Z,2026-01-06T00:52:35.000Z,46
Y000278,0001620463,LONA,,2026-03-05T23:59:34.000Z,2026-09-03T19:38:11.000Z,35
Y000279,0001624794,CSW,,2025-08-05T02:28:25.000Z,2026-09-17T00:06:25.000Z,73
Y000279,0001624794,CSWI,2024-06-19T00:28:42.000Z,2024-07-17T00:39:27.000Z,2025-07-16T01:49:45.000Z,69
Y000280,0001625101,PLES,,2024-12-17T16:05:11.000Z,2024-12-17T16:05:11.000Z,1
Y000280,0001625101,PLSE,2024-06-25T03:40:32.000Z,2024-07-09T05:54:40.000Z,2026-09-03T03:38:50.000Z,50
Y000281,0001626450,BIGC,2024-06-05T20:45:44.000Z,2024-07-02T20:12:34.000Z,2025-07-11T20:10:35.000Z,43
Y000281,0001626450,CMRC,,2025-08-18T22:01:04.000Z,2026-09-23T21:57:56.000Z,51
Y000282,0001628063,SRG,2024-05-23T00:00:34.000Z,2024-12-20T02:34:34.000Z,2025-09-12T05:30:03.000Z,5
Y000282,0001628063,SRG.PA,2024-04-10T20:13:12.000Z,2026-01-27T20:46:53.000Z,2026-04-01T17:10:10.000Z,5
Y000283,0001630212,ALBT,2023-03-09T21:12:55.000Z,2026-02-25T02:30:17.000Z,2026-07-14T00:33:21.000Z,8
Y000283,0001630212,CHGA,,2026-08-06T03:28:54.000Z,2026-08-06T03:28:54.000Z,1
Y000284,0001636639,FIHL,,2026-03-18T19:07:25.000Z,2026-04-28T17:10:27.000Z,27
Y000284,0001636639,PLGO,,2026-06-03T15:13:36.000Z,2026-09-23T18:50:40.000Z,2
Y000285,0001637715,OKUR,,2024-10-09T03:06:11.000Z,2026-09-24T00:54:08.000Z,82
Y000285,0001637715,RPHM,2024-05-16T16:58:26.000Z,2024-08-15T04:48:16.000Z,2024-09-26T17:33:44.000Z,4
Y000286,0001637866,DGW,,2024-12-02T14:24:39.000Z,2024-12-02T14:24:39.000Z,1
Y000286,0001637866,DGWR,2024-02-15T13:05:51.000Z,,,0
Y000287,0001638097,ENTX,2024-06-08T00:05:57.000Z,2024-08-03T00:30:44.000Z,2026-08-21T15:34:35.000Z,49
Y000287,0001638097,[ENTX],,2026-02-06T02:30:16.000Z,2026-08-08T00:23:00.000Z,4
Y000288,0001638287,MTVA,,2024-12-02T22:31:09.000Z,2026-06-08T22:33:59.000Z,20
Y000288,0001638287,NRBO,2024-06-25T20:16:11.000Z,2024-07-10T15:11:45.000Z,2024-09-20T20:20:16.000Z,3
Y000289,0001638911,DUKE,,2025-03-21T00:01:13.000Z,2025-04-01T00:01:26.000Z,2
Y000289,0001638911,DUKR,,2025-03-21T00:02:17.000Z,2026-07-03T00:15:40.000Z,10
Y000289,0001638911,USDR,2024-01-29T20:58:07.000Z,,,0
Y000290,0001642380,IMDX,,2025-07-03T20:05:22.000Z,2026-07-07T00:40:23.000Z,20
Y000290,0001642380,OCX,2024-06-24T20:49:33.000Z,2024-07-04T01:00:06.000Z,2025-03-28T20:05:18.000Z,19
Y000291,0001642896,DAKT,,2024-12-06T04:16:58.000Z,2024-12-06T04:18:48.000Z,2
Y000291,0001642896,IOT,2024-06-27T00:26:14.000Z,2024-07-04T01:47:07.000Z,2026-09-30T02:48:05.000Z,355
Y000292,0001643615,MEG,2024-05-16T03:00:13.000Z,2024-08-22T05:19:03.000Z,2026-03-17T03:16:45.000Z,35
Y000292,0001643615,ONT,,2026-05-13T04:00:02.000Z,2026-06-09T01:30:03.000Z,4
Y000293,0001644378,NASDAQ:RMR,2024-03-29T21:01:43.000Z,2024-09-13T22:05:22.000Z,2026-09-21T20:26:46.000Z,53
Y000293,0001644378,RMR,,2025-09-18T20:28:08.000Z,2025-09-18T20:28:08.000Z,1
Y000294,0001648960,DATS,2022-09-22T22:17:42.000Z,2025-01-16T22:00:03.000Z,2025-01-16T22:00:10.000Z,5
Y000294,0001648960,MYSE,,2025-08-19T20:30:29.000Z,2025-09-19T20:04:03.000Z,9
Y000295,0001651308,BGNE,2024-06-27T01:26:00.000Z,2024-07-04T01:05:32.000Z,2025-05-24T00:05:13.000Z,49
Y000295,0001651308,ONC,,2025-03-01T07:28:25.000Z,2026-10-01T01:11:24.000Z,106
Y000296,0001652958,EDGM,,2025-10-16T20:53:50.000Z,2026-05-07T12:27:55.000Z,10
Y000296,0001652958,FWAV,2023-03-07T21:04:58.000Z,2025-02-21T23:41:03.000Z,2025-04-12T00:18:26.000Z,9
Y000297,0001655050,BCFS,,2025-07-10T16:51:41.000Z,2025-07-10T16:51:41.000Z,1
Y000297,0001655050,BCSF,2024-01-03T22:00:30.000Z,2025-03-17T18:48:20.000Z,2026-03-05T19:56:56.000Z,4
Y000298,0001666244,CFIT,,2026-04-09T04:03:23.000Z,2026-04-09T04:10:59.000Z,2
Y000298,0001666244,CFTR.PRA,,2026-05-07T04:19:14.000Z,2026-05-07T04:19:14.000Z,1
Y000299,0001674440,CNXA,2023-09-12T11:07:56.000Z,,,0
Y000299,0001674440,YYAI,,2024-12-10T19:14:09.000Z,2026-09-17T21:30:22.000Z,21
Y000300,0001676580,VENG,,2025-04-24T16:30:03.000Z,2025-04-24T16:30:03.000Z,1
Y000300,0001676580,VIHD,2022-11-23T16:31:14.000Z,,,0
Y000301,0001678124,CADCX,2024-05-29T19:19:14.000Z,2025-01-16T20:00:42.000Z,2025-01-16T20:00:42.000Z,1
Y000301,0001678124,CADEX,2024-05-23T18:49:54.000Z,2025-05-19T23:39:04.000Z,2026-07-08T19:32:28.000Z,4
Y000302,0001678130,OPP,2023-12-22T21:36:49.000Z,2024-11-27T14:25:19.000Z,2025-12-01T21:54:06.000Z,9
Y000302,0001678130,OPP.A,,2026-06-23T15:02:31.000Z,2026-06-23T15:02:31.000Z,1
Y000303,0001680378,SENES,,2025-01-10T21:41:13.000Z,2025-01-10T21:44:49.000Z,2
Y000303,0001680378,SNES,2024-04-09T19:10:21.000Z,2024-08-28T21:09:28.000Z,2026-09-29T21:07:48.000Z,39
Y000304,0001681348,VIVO,,2026-03-25T19:20:24.000Z,2026-04-08T12:54:33.000Z,4
Y000304,0001681348,VVPI,2024-04-17T14:20:32.000Z,,,0
Y000305,0001681717,VFLAX,2024-05-11T00:00:55.000Z,2025-05-16T02:22:37.000Z,2026-05-13T02:31:49.000Z,4
Y000305,0001681717,VFLEX,,2026-07-08T02:48:02.000Z,2026-07-08T03:03:33.000Z,2
Y000306,0001682149,DVLT,,2025-03-01T02:38:54.000Z,2026-08-25T00:12:28.000Z,79
Y000306,0001682149,WISA,2024-06-18T00:05:15.000Z,2024-08-02T00:35:10.000Z,2025-01-14T02:07:54.000Z,29
Y000307,0001682265,ONAR,,2025-02-27T04:22:21.000Z,2025-09-26T05:01:01.000Z,8
Y000307,0001682265,RELT,2024-06-19T01:28:35.000Z,,,0
Y000308,0001682639,EYEN,2024-06-14T23:07:34.000Z,2024-07-03T23:18:06.000Z,2025-06-04T05:18:40.000Z,20
Y000308,0001682639,HYPD,,2025-07-10T00:01:45.000Z,2026-10-01T01:00:26.000Z,31
Y000309,0001684144,TSSI,,2026-05-08T20:15:49.000Z,2026-05-08T20:15:49.000Z,1
Y000309,0001684144,ZOM,2024-06-13T22:32:05.000Z,2024-08-20T19:55:54.000Z,2025-03-27T13:56:49.000Z,30
Y000309,0001684144,ZOMDF,,2025-05-20T20:00:51.000Z,2026-08-07T20:52:13.000Z,29
Y000310,0001688897,FCRIX,2022-09-16T21:08:26.000Z,2024-09-13T17:27:57.000Z,2025-08-05T16:50:13.000Z,2
Y000310,0001688897,FSCIF,,2026-03-04T21:30:21.000Z,2026-03-04T21:30:21.000Z,1
Y000311,0001690080,ATNF,2024-03-13T00:41:27.000Z,2024-10-30T01:00:05.000Z,2025-08-13T01:20:03.000Z,38
Y000311,0001690080,ETHZ,,2025-08-19T01:27:22.000Z,2026-02-21T02:15:22.000Z,18
Y000311,0001690080,FRMM,,2026-04-04T03:08:20.000Z,2026-08-15T00:20:14.000Z,17
Y000312,0001690536,NONE],,2026-08-06T04:37:56.000Z,2026-08-06T04:37:56.000Z,1
Y000312,0001690536,[NONE,,2026-03-04T01:00:26.000Z,2026-03-04T01:00:26.000Z,1
Y000313,0001697500,SEI,,2024-09-14T03:44:19.000Z,2026-09-09T22:55:06.000Z,79
Y000313,0001697500,SOI,2024-06-05T00:05:05.000Z,2024-08-28T00:30:10.000Z,2024-08-28T00:30:25.000Z,7
Y000314,0001702780,ATUS,2024-03-20T22:02:42.000Z,2024-07-02T22:42:06.000Z,2025-10-28T22:23:18.000Z,65
Y000314,0001702780,OPTU,,2025-12-02T02:34:12.000Z,2026-08-29T01:37:03.000Z,30
Y000315,0001706524,FLZH,,2026-07-20T20:15:19.000Z,2026-07-24T20:10:08.000Z,3
Y000315,0001706524,UGRO,2024-06-21T21:26:00.000Z,2024-11-13T21:35:00.000Z,2026-04-10T19:50:16.000Z,8
Y000315,0001706524,URGO,2024-04-12T20:29:13.000Z,2024-11-08T21:10:34.000Z,2024-11-18T21:19:33.000Z,2
Y000316,0001710366,CEIX,2024-05-24T20:05:14.000Z,2024-07-01T20:05:11.000Z,2024-07-01T20:05:11.000Z,1
Y000316,0001710366,CNR,,2025-01-16T23:33:06.000Z,2026-08-20T15:18:09.000Z,80
Y000317,0001711786,HOTH,2024-01-09T03:01:50.000Z,2024-08-19T16:00:03.000Z,2025-08-29T02:48:36.000Z,10
Y000317,0001711786,RKTO,,2026-05-29T00:15:05.000Z,2026-05-29T00:16:25.000Z,5
Y000318,0001712184,LILA,2024-06-26T00:03:50.000Z,2024-07-03T00:06:46.000Z,2026-09-29T02:27:50.000Z,124
Y000318,0001712184,LILAB,2022-12-22T01:39:32.000Z,2024-07-17T16:02:06.000Z,2024-07-17T16:02:06.000Z,1
Y000319,0001721741,GORV,,2024-09-17T17:26:20.000Z,2025-11-28T13:18:29.000Z,17
Y000319,0001721741,LAZY,2024-05-17T06:15:24.000Z,2024-11-19T17:46:28.000Z,2024-11-19T17:46:28.000Z,1
Y000320,0001723701,PMFAX,2024-02-10T05:26:00.000Z,2024-07-27T03:29:07.000Z,2025-01-29T02:38:15.000Z,2
Y000320,0001723701,PMFLX,2024-02-06T05:21:04.000Z,2024-08-22T03:01:11.000Z,2026-07-09T04:50:48.000Z,19
Y000321,0001725033,NYSE:XYF,,2026-03-18T20:34:51.000Z,2026-08-03T10:08:27.000Z,2
Y000321,0001725033,XYF,,2026-06-24T10:20:18.000Z,2026-06-24T10:20:18.000Z,1
Y000321,0001725033,[NYSE:XYF],,2026-06-02T10:02:03.000Z,2026-06-02T10:02:03.000Z,1
Y000322,0001725472,CTAC,2023-10-26T15:41:27.000Z,2025-02-10T19:07:24.000Z,2025-02-10T19:07:24.000Z,1
Y000322,0001725472,TAKAX,2023-10-03T15:19:48.000Z,2024-09-18T20:19:51.000Z,2026-06-24T16:13:30.000Z,3
Y000322,0001725472,TAKIX,2024-04-23T20:36:08.000Z,2024-07-16T22:03:47.000Z,2024-09-18T16:24:14.000Z,2
Y000322,0001725472,TAKLX,,2026-03-24T21:27:57.000Z,2026-03-24T21:27:57.000Z,1
Y000322,0001725472,TAKMX,2024-02-12T21:47:53.000Z,2024-08-02T20:20:39.000Z,2026-03-23T20:16:25.000Z,11
Y000322,0001725472,TAKNX,2024-06-11T20:49:31.000Z,2024-07-18T01:35:02.000Z,2026-09-11T12:30:08.000Z,3
Y000323,0001729173,UXIN,,2026-03-17T20:15:30.000Z,2026-09-30T17:31:43.000Z,13
Y000323,0001729173,XIN,,2026-04-25T00:05:22.000Z,2026-07-29T14:05:39.000Z,2
Y000324,0001735556,BTOG,,2026-03-20T15:00:39.000Z,2026-08-27T00:58:11.000Z,5
Y000324,0001735556,SGRX,,2026-09-10T13:20:35.000Z,2026-09-10T13:20:35.000Z,1
Y000325,0001736510,ICHX,2024-03-04T20:20:17.000Z,,,0
Y000325,0001736510,NICHX,2023-05-17T17:39:25.000Z,2024-11-06T20:03:35.000Z,2026-05-15T13:09:07.000Z,8
Y000326,0001737995,SKYA,,2026-06-03T20:30:48.000Z,2026-06-03T20:30:48.000Z,1
Y000326,0001737995,STSS,2024-04-30T20:15:49.000Z,2024-12-05T23:12:59.000Z,2026-02-13T21:45:04.000Z,21
Y000327,0001738177,CMBM,2024-05-29T20:11:21.000Z,2024-07-12T20:46:31.000Z,2026-03-03T22:18:39.000Z,20
Y000327,0001738177,CMBMF,,2026-04-14T20:00:03.000Z,2026-08-20T20:00:05.000Z,5
Y000328,0001739174,PHGE,2024-05-21T00:39:38.000Z,2024-07-12T02:47:07.000Z,2026-03-19T01:47:41.000Z,45
Y000328,0001739174,PHGE],,2025-04-19T00:01:14.000Z,2025-04-19T00:01:14.000Z,1
Y000329,0001740279,INAB,2024-06-14T21:00:21.000Z,2024-09-05T20:35:04.000Z,2026-05-29T21:39:56.000Z,63
Y000329,0001740279,[INAB,,2025-05-08T01:48:30.000Z,2025-05-08T01:48:30.000Z,1
Y000330,0001741534,UOKA,,2026-03-18T20:37:09.000Z,2026-04-02T01:18:10.000Z,6
Y000330,0001741534,UOKAF,,2026-06-26T18:05:51.000Z,2026-06-26T18:05:51.000Z,1
Y000331,0001741739,FSOF,,2024-08-29T19:22:06.000Z,2024-08-29T19:22:06.000Z,1
Y000331,0001741739,[N.A],,2026-04-24T20:30:59.000Z,2026-04-24T20:37:47.000Z,9
Y000332,0001748824,AAMI,,2025-01-06T21:36:08.000Z,2026-08-05T20:07:47.000Z,24
Y000332,0001748824,BSIG,2024-06-10T21:09:12.000Z,2024-10-03T00:59:51.000Z,2024-11-13T21:29:43.000Z,2
Y000333,0001754068,ALVR,2024-06-07T20:05:15.000Z,2024-07-03T20:11:17.000Z,2025-02-24T21:15:10.000Z,43
Y000333,0001754068,KLRS,,2025-03-18T21:14:01.000Z,2026-08-28T16:10:50.000Z,50
Y000334,0001754195,TRLV,,2026-06-22T22:04:44.000Z,2026-06-26T20:38:26.000Z,3
Y000334,0001754195,TRUL,2024-05-20T22:30:07.000Z,2024-09-17T22:33:17.000Z,2026-03-17T22:23:52.000Z,90
Y000335,0001755058,ATIF,2024-05-02T17:30:55.000Z,,,0
Y000335,0001755058,ZBAI,,2026-03-28T00:30:14.000Z,2026-03-28T01:42:34.000Z,5
Y000336,0001755237,CYCN,2024-03-12T00:05:06.000Z,2024-08-08T00:05:04.000Z,2026-08-19T01:27:18.000Z,8
Y000336,0001755237,KRSA,,2026-09-11T01:26:51.000Z,2026-09-11T01:45:19.000Z,12
Y000337,0001755953,ABTC,,2025-09-05T20:06:02.000Z,2026-08-07T21:00:03.000Z,29
Y000337,0001755953,GRYP,2024-06-26T20:10:03.000Z,2024-08-28T21:06:25.000Z,2025-08-14T20:05:20.000Z,34
Y000338,0001758057,LAZR,2024-06-07T22:08:28.000Z,2024-09-06T23:52:22.000Z,2025-12-10T01:37:47.000Z,22
Y000338,0001758057,LAZRQ,,2026-03-13T22:30:11.000Z,2026-03-13T22:30:11.000Z,1
Y000339,0001759186,COEP,2024-01-18T02:03:11.000Z,2025-03-07T03:26:30.000Z,2026-05-05T04:05:34.000Z,19
Y000339,0001759186,ZSQR,,2026-04-30T04:00:49.000Z,2026-08-26T02:56:19.000Z,18
Y000340,0001759546,NRDE,2024-05-16T00:28:04.000Z,2024-11-27T01:00:04.000Z,2026-08-28T23:35:18.000Z,23
Y000340,0001759546,SNFI,,2026-08-27T20:36:22.000Z,2026-08-27T20:36:22.000Z,1
Y000341,0001760233,GIFT,,2024-10-03T22:30:32.000Z,2026-09-25T22:50:00.000Z,34
Y000341,0001760233,RSTN,2024-02-29T03:13:25.000Z,2024-08-30T05:50:03.000Z,2024-08-30T05:50:03.000Z,1
Y000342,0001760903,BNKK,,2025-10-21T18:28:26.000Z,2026-07-14T12:40:28.000Z,8
Y000342,0001760903,SHOT,2024-06-27T20:15:14.000Z,2024-07-10T20:15:14.000Z,2025-10-08T21:54:06.000Z,6
Y000343,0001763329,AIBT,,2025-07-28T23:19:42.000Z,2025-07-28T23:19:42.000Z,1
Y000343,0001763329,TPIA,,2024-12-17T22:22:18.000Z,2024-12-17T22:27:14.000Z,2
Y000344,0001768446,CLYM,,2024-11-12T22:33:07.000Z,2026-09-30T20:55:47.000Z,52
Y000344,0001768446,ELYM,2024-06-28T22:14:12.000Z,2024-07-02T01:29:04.000Z,2024-09-21T01:53:19.000Z,11
Y000345,0001769624,AGBA,2024-06-18T13:34:17.000Z,,,0
Y000345,0001769624,ILLR,,2024-11-27T21:44:17.000Z,2025-10-27T20:16:55.000Z,30
Y000346,0001770069,MLPT,,2025-10-27T21:12:18.000Z,2026-08-18T22:55:39.000Z,4
Y000346,0001770069,MPLT,,2025-10-27T20:36:22.000Z,2026-09-18T20:15:07.000Z,90
Y000347,0001771706,GDNSF,2024-06-22T02:05:40.000Z,,,0
Y000347,0001771706,VREO,,2024-08-03T05:09:12.000Z,2025-07-10T04:00:03.000Z,18
Y000347,0001771706,VREOF,,2024-10-12T00:26:40.000Z,2026-06-09T00:05:09.000Z,35
Y000348,0001774170,AIOT,,2024-12-09T23:33:13.000Z,2026-09-18T20:23:17.000Z,27
Y000348,0001774170,PWFL,2024-06-21T21:06:05.000Z,,,0
Y000349,0001775734,BENF,2024-06-13T00:15:04.000Z,2024-08-16T02:58:55.000Z,2026-09-23T05:55:28.000Z,55
Y000349,0001775734,[BENF,,2025-02-25T04:31:11.000Z,2025-02-25T04:31:11.000Z,1
Y000350,0001777482,HYIF,2023-12-12T02:48:32.000Z,2024-09-10T01:58:25.000Z,2026-02-23T21:54:26.000Z,3
Y000350,0001777482,NMSSX,,2026-09-03T01:59:05.000Z,2026-09-04T01:26:10.000Z,5
Y000351,0001778922,SGP,,2026-02-05T23:00:36.000Z,2026-02-12T03:15:24.000Z,53
Y000351,0001778922,SPG,,2026-02-06T02:24:19.000Z,2026-02-06T02:24:19.000Z,1
Y000352,0001779128,BLDE,2024-06-25T23:38:14.000Z,2024-08-06T02:21:41.000Z,2025-08-19T00:50:49.000Z,61
Y000352,0001779128,SRTA,,2025-09-04T04:23:06.000Z,2026-09-26T00:12:32.000Z,68
Y000353,0001780312,ASTS,2024-06-06T04:01:04.000Z,2024-07-02T01:01:09.000Z,2026-09-18T02:00:03.000Z,135
Y000353,0001780312,ASTS?,,2025-06-11T01:15:04.000Z,2025-08-20T02:05:38.000Z,2
Y000354,0001783964,ODCEX,2024-01-11T19:52:35.000Z,,,0
Y000354,0001783964,ODCYX,,2025-05-27T12:20:36.000Z,2026-02-20T23:53:58.000Z,3
Y000355,0001787518,DFNS,,2026-04-28T16:30:03.000Z,2026-06-11T20:55:59.000Z,2
Y000355,0001787518,NUKK,,2024-09-26T01:21:42.000Z,2026-01-30T02:11:59.000Z,23
Y000356,0001787740,TIVC,2024-03-23T02:50:50.000Z,2024-07-10T02:37:10.000Z,2026-04-21T00:02:04.000Z,32
Y000356,0001787740,VBIO,,2026-05-05T00:07:05.000Z,2026-09-25T00:46:25.000Z,8
Y000357,0001788230,CASK,,2024-11-19T04:05:23.000Z,2025-09-23T00:32:25.000Z,41
Y000357,0001788230,IPST,,2026-01-06T04:20:22.000Z,2026-08-04T01:35:09.000Z,24
Y000358,0001789192,NITO,,2024-09-20T00:05:15.000Z,2026-02-12T02:05:36.000Z,17
Y000358,0001789192,NXTS,,2026-03-24T00:03:55.000Z,2026-03-27T00:35:16.000Z,2
Y000358,0001789192,SVFD,2023-12-26T18:58:49.000Z,,,0
Y000359,0001789299,FXHO,,2026-07-29T00:30:07.000Z,2026-07-29T00:30:14.000Z,5
Y000359,0001789299,UTME,2023-08-02T00:26:29.000Z,,,0
Y000359,0001789299,WTO,,2026-03-20T03:57:38.000Z,2026-05-29T01:30:08.000Z,8
Y000360,0001790169,FLGC,2024-05-22T00:46:22.000Z,2024-09-06T21:25:10.000Z,2026-01-15T16:54:20.000Z,26
Y000360,0001790169,ZSTK,,2026-04-03T00:05:02.000Z,2026-08-21T23:51:48.000Z,9
Y000361,0001791145,GBFH,,2025-05-03T00:29:47.000Z,2026-09-10T22:16:22.000Z,88
Y000361,0001791145,GBHF,,2025-05-06T23:33:26.000Z,2025-05-06T23:33:26.000Z,1
Y000362,0001792789,DASH,2024-06-28T00:05:07.000Z,2024-07-03T00:05:15.000Z,2026-10-01T00:10:06.000Z,322
Y000362,0001792789,FN,,2025-10-17T00:05:26.000Z,2025-10-17T00:05:26.000Z,1
Y000363,0001793229,CTEV,,2025-03-05T06:51:05.000Z,2026-09-23T00:30:51.000Z,82
Y000363,0001793229,MPLN,2024-05-21T00:31:01.000Z,2024-08-08T00:39:34.000Z,2025-02-08T02:30:11.000Z,12
Y000364,0001794041,FBPAX,2022-10-17T21:23:49.000Z,2025-01-14T01:55:40.000Z,2025-01-14T01:55:40.000Z,1
Y000364,0001794041,FBSPX,2023-05-02T22:53:26.000Z,,,0
Y000365,0001794515,GTM,,2025-05-17T00:12:17.000Z,2026-09-04T00:26:59.000Z,96
Y000365,0001794515,ZI,2024-06-18T00:15:25.000Z,2024-07-03T01:33:25.000Z,2025-05-13T00:13:05.000Z,52
Y000366,0001796242,GCADX,,2025-02-25T16:50:44.000Z,2026-04-06T19:38:46.000Z,2
Y000366,0001796242,GSRXH,2024-01-03T22:35:23.000Z,2024-07-22T16:42:57.000Z,2025-01-24T15:01:58.000Z,2
Y000367,0001796949,GFLT,,2026-05-26T17:45:55.000Z,2026-09-23T20:14:08.000Z,11
Y000367,0001796949,HCBR,2024-01-02T21:12:04.000Z,,,0
Y000368,0001798749,AVTE,2024-06-20T21:56:07.000Z,2024-08-02T22:00:22.000Z,2024-08-02T22:00:22.000Z,1
Y000368,0001798749,JBIO,,2025-04-30T20:52:39.000Z,2026-06-27T01:20:56.000Z,31
Y000369,0001799191,STLN,,2026-08-17T14:13:13.000Z,2026-08-24T21:11:12.000Z,2
Y000369,0001799191,TOI,2024-06-20T20:17:38.000Z,2024-08-20T10:15:03.000Z,2026-07-29T22:56:37.000Z,111
Y000370,0001800227,IAC,2024-06-26T00:10:23.000Z,2024-07-03T02:33:19.000Z,2026-06-02T00:07:26.000Z,86
Y000370,0001800227,PPLI,,2026-06-16T04:24:14.000Z,2026-08-18T00:32:14.000Z,44
Y000371,0001800315,DMRA,,2026-03-25T21:49:56.000Z,2026-09-28T11:00:04.000Z,15
Y000371,0001800315,GLTO,2024-06-21T20:00:08.000Z,2024-08-16T20:00:06.000Z,2026-02-12T11:05:08.000Z,33
Y000372,0001800637,AGFY,2024-05-23T23:36:03.000Z,2024-08-16T20:16:57.000Z,2025-08-27T21:00:04.000Z,52
Y000372,0001800637,RYM,,2025-09-02T20:35:10.000Z,2026-09-03T21:00:18.000Z,22
Y000373,0001800682,CANO,2024-02-02T06:56:35.000Z,2024-07-02T16:19:14.000Z,2024-07-08T18:13:22.000Z,13
Y000373,0001800682,CANOQ,,2024-07-08T20:38:48.000Z,2024-07-12T16:53:27.000Z,3
Y000374,0001801661,FIRY,,2026-07-07T02:04:21.000Z,2026-09-24T04:43:57.000Z,7
Y000374,0001801661,SKLZ,2024-05-08T23:53:04.000Z,2024-09-06T21:08:01.000Z,2026-06-06T02:47:59.000Z,38
Y000375,0001802450,LIFW,2024-04-04T00:34:33.000Z,2024-08-17T00:20:21.000Z,2024-11-07T06:32:17.000Z,9
Y000375,0001802450,MSPR,2023-02-02T04:52:00.000Z,2024-12-18T02:22:55.000Z,2025-04-09T04:19:25.000Z,3
Y000376,0001803977,LIMX,,2025-01-04T00:20:17.000Z,2026-01-27T16:33:35.000Z,27
Y000376,0001803977,VYBE,2023-01-18T20:12:24.000Z,,,0
Y000377,0001804591,ME,2024-05-23T17:15:23.000Z,2024-07-02T16:45:02.000Z,2025-03-26T16:38:00.000Z,19
Y000377,0001804591,MEHCQ,,2025-05-21T19:47:44.000Z,2025-08-21T13:13:06.000Z,3
Y000378,0001805521,FFAI,,2025-03-11T20:26:38.000Z,2026-08-27T01:51:49.000Z,27
Y000378,0001805521,FFIE,2024-06-25T20:11:43.000Z,2024-07-18T00:44:52.000Z,2025-04-18T21:19:56.000Z,30
Y000379,0001805526,DFDV,,2025-08-01T21:20:48.000Z,2026-09-25T22:29:22.000Z,51
Y000379,0001805526,JNVR,2023-12-19T03:17:31.000Z,2024-09-05T18:00:09.000Z,2025-05-06T00:22:32.000Z,15
Y000380,0001812727,EZRA,,2026-03-13T01:18:54.000Z,2026-09-11T01:14:49.000Z,17
Y000380,0001812727,RELI,2024-06-28T14:10:12.000Z,2024-07-16T20:31:06.000Z,2025-09-03T00:05:36.000Z,32
Y000381,0001813814,DFTX,,2026-01-30T01:33:53.000Z,2026-09-30T01:15:50.000Z,44
Y000381,0001813814,MNMD,2024-06-25T23:00:04.000Z,2024-08-21T01:14:04.000Z,2025-12-29T22:00:08.000Z,38
Y000382,0001814287,ABL,2024-02-16T02:03:41.000Z,2024-07-09T15:37:11.000Z,2025-09-18T12:55:44.000Z,31
Y000382,0001814287,ABX,,2026-02-19T00:39:46.000Z,2026-09-23T21:27:23.000Z,41
Y000383,0001816937,BOX,2023-11-14T22:10:32.000Z,2025-10-03T23:18:49.000Z,2026-05-07T18:47:16.000Z,3
Y000383,0001816937,BXBL,,2026-07-22T00:33:23.000Z,2026-07-22T00:33:23.000Z,1
Y000384,0001817004,EZFL,2024-06-08T00:05:22.000Z,2024-07-24T02:42:34.000Z,2024-12-11T03:19:50.000Z,10
Y000384,0001817004,NXXT,,2025-02-19T07:04:23.000Z,2026-06-23T05:00:03.000Z,32
Y000385,0001817159,RFMZ,2024-05-13T17:02:16.000Z,2024-10-01T23:01:09.000Z,2025-12-04T23:54:23.000Z,15
Y000385,0001817159,RMMZ,,2025-04-11T22:31:06.000Z,2025-04-11T22:31:06.000Z,1
Y000386,0001818201,CCC,,2025-11-12T22:00:03.000Z,2026-06-15T21:40:24.000Z,23
Y000386,0001818201,CCCS,2024-06-26T22:32:14.000Z,2024-07-01T22:31:08.000Z,2025-11-24T14:13:14.000Z,81
Y000387,0001818605,DIST,,2025-07-11T16:00:18.000Z,2025-07-11T16:00:18.000Z,1
Y000387,0001818605,DISTU,2023-02-21T21:00:54.000Z,,,0
Y000388,0001818844,DWTX,,2024-10-17T20:29:00.000Z,2026-06-17T17:19:32.000Z,30
Y000388,0001818844,VIRI,2024-02-28T18:14:56.000Z,,,0
Y000389,0001819796,GCMG,2024-06-05T03:05:53.000Z,2024-07-03T00:49:13.000Z,2026-09-17T04:04:09.000Z,103
Y000389,0001819796,GMCG,,2025-11-19T07:16:40.000Z,2026-07-18T00:01:11.000Z,2
Y000390,0001822250,LOGC,,2024-07-02T21:02:42.000Z,2025-07-02T22:53:03.000Z,22
Y000390,0001822250,WISH,2024-05-17T21:17:52.000Z,,,0
Y000391,0001823144,CMPO,2024-06-13T22:01:07.000Z,2024-07-02T20:01:24.000Z,2026-01-20T21:30:34.000Z,97
Y000391,0001823144,GPGI,,2026-01-27T02:01:15.000Z,2026-06-15T23:03:14.000Z,26
Y000392,0001825079,VELO,,2025-09-24T03:11:25.000Z,2026-09-15T23:58:37.000Z,44
Y000392,0001825079,VLD,2024-06-26T00:59:53.000Z,2024-07-04T01:01:21.000Z,2024-09-10T05:10:17.000Z,10
Y000392,0001825079,VLDX,,2024-09-13T03:20:10.000Z,2025-06-19T03:18:34.000Z,46
Y000393,0001826011,BNZI,2024-05-17T00:52:54.000Z,2024-09-25T05:09:30.000Z,2026-06-10T04:24:09.000Z,23
Y000393,0001826011,PARA,,2026-09-30T16:15:28.000Z,2026-09-30T16:15:28.000Z,1
Y000394,0001826397,AGRI,2023-08-04T00:00:49.000Z,2025-10-01T03:52:28.000Z,2025-11-13T03:26:12.000Z,12
Y000394,0001826397,AVX,,2026-02-18T07:47:09.000Z,2026-05-15T01:00:20.000Z,7
Y000395,0001826889,BODI,2024-06-07T01:28:33.000Z,2024-08-16T23:30:19.000Z,2026-08-18T22:08:49.000Z,25
Y000395,0001826889,BODY,2023-12-07T02:23:09.000Z,2024-11-08T22:30:57.000Z,2024-11-15T22:56:07.000Z,4
Y000396,0001829247,BFRG,,2025-04-04T00:44:44.000Z,2026-09-22T20:46:04.000Z,16
Y000396,0001829247,BRFG,,2025-07-03T20:15:14.000Z,2025-07-03T20:15:14.000Z,1
Y000397,0001829794,EMPD,,2025-08-22T00:02:18.000Z,2026-09-02T17:00:05.000Z,20
Y000397,0001829794,VCLN,2023-07-15T00:02:37.000Z,2024-09-24T01:05:06.000Z,2025-07-30T05:29:24.000Z,5
Y000397,0001829794,VLCN,2023-07-15T00:04:10.000Z,2024-07-10T17:36:57.000Z,2025-07-31T05:51:25.000Z,28
Y000398,0001829802,FTH,,2026-06-16T20:16:39.000Z,2026-09-15T20:58:41.000Z,16
Y000398,0001829802,SNSE,2024-06-13T21:11:53.000Z,2024-09-26T20:36:21.000Z,2026-06-13T01:12:57.000Z,37
Y000399,0001831979,GPAC,2024-04-09T01:26:07.000Z,2024-07-11T01:15:19.000Z,2024-07-11T01:15:19.000Z,1
Y000399,0001831979,SDST,,2024-07-10T03:21:50.000Z,2026-09-18T00:16:45.000Z,70
Y000400,0001833936,BAS,,2026-02-27T20:36:35.000Z,2026-09-17T20:49:10.000Z,4
Y000400,0001833936,GPS,2023-07-06T21:30:29.000Z,,,0
Y000401,0001835579,IKNA,2024-06-10T20:15:09.000Z,2025-07-31T01:30:03.000Z,2025-07-31T01:30:03.000Z,1
Y000401,0001835579,IMA,,2025-07-29T22:56:34.000Z,2026-08-17T21:00:13.000Z,34
Y000402,0001836057,BIGZ,2024-05-01T01:30:42.000Z,2024-07-02T20:49:11.000Z,2025-02-05T04:21:00.000Z,63
Y000402,0001836057,BTX,,2025-02-27T05:10:35.000Z,2026-09-18T00:31:45.000Z,9
Y000403,0001837493,IINN,,2026-03-20T00:05:36.000Z,2026-04-23T15:45:16.000Z,8
Y000403,0001837493,QTEX,,2026-05-29T23:12:28.000Z,2026-09-29T21:49:56.000Z,15
Y000404,0001838162,SLAM,2024-04-12T02:28:15.000Z,2025-02-14T04:17:07.000Z,2025-02-14T04:17:07.000Z,1
Y000404,0001838162,SLAMF,,2026-03-27T01:42:17.000Z,2026-04-02T00:13:50.000Z,6
Y000405,0001838987,CLSR,,2024-08-21T01:54:15.000Z,2024-12-20T02:32:43.000Z,5
Y000405,0001838987,CSLR,2023-12-14T04:54:21.000Z,2024-07-12T01:00:03.000Z,2025-02-04T03:44:57.000Z,19
Y000405,0001838987,SPWR,,2025-10-30T01:46:22.000Z,2026-09-23T00:30:11.000Z,23
Y000405,0001838987,SWPR,,2025-05-29T01:50:27.000Z,2026-09-11T00:48:59.000Z,10
Y000406,0001840317,PLMI,2024-01-18T01:20:15.000Z,,,0
Y000406,0001840317,VEEA,,2024-09-19T05:58:04.000Z,2025-10-03T00:05:05.000Z,21
Y000407,0001840416,SEVCD,,2025-01-14T22:11:55.000Z,2025-01-22T01:14:01.000Z,3
Y000407,0001840416,SEVCF,,2025-01-03T03:25:54.000Z,2025-01-03T03:26:44.000Z,2
Y000407,0001840416,SSM,,2026-08-12T21:48:21.000Z,2026-09-03T17:57:46.000Z,3
Y000408,0001840425,BLAC,2024-06-05T04:00:03.000Z,2024-07-02T23:28:56.000Z,2024-07-02T23:28:56.000Z,1
Y000408,0001840425,OSRH,,2025-02-20T07:08:37.000Z,2026-04-16T18:10:16.000Z,11
Y000409,0001840572,BOWL,2024-06-29T00:40:26.000Z,2024-07-02T00:08:58.000Z,2024-12-10T03:26:39.000Z,12
Y000409,0001840572,LUCK,,2024-12-13T00:31:03.000Z,2026-09-24T00:50:15.000Z,66
Y000410,0001841125,BLSK,,2025-02-24T23:16:34.000Z,2025-09-03T23:32:35.000Z,16
Y000410,0001841125,BSLK,,2024-08-15T20:18:30.000Z,2026-02-20T22:16:44.000Z,63
Y000411,0001841968,PX,2024-06-26T04:44:08.000Z,2024-07-11T02:37:57.000Z,2025-12-12T03:14:45.000Z,96
Y000411,0001841968,RPC,,2026-02-19T02:30:08.000Z,2026-09-19T02:35:18.000Z,26
Y000412,0001842556,EONR,,2024-10-17T10:17:22.000Z,2026-02-18T21:28:42.000Z,40
Y000412,0001842556,HNRA,2024-04-16T14:38:52.000Z,2024-08-30T17:10:09.000Z,2024-09-16T21:00:57.000Z,13
Y000413,0001842754,CELFX,2023-11-24T21:54:43.000Z,2024-11-23T00:25:39.000Z,2026-03-20T20:52:57.000Z,6
Y000413,0001842754,CETFX,2023-07-26T14:17:13.000Z,2024-07-22T16:27:14.000Z,2024-07-22T16:27:14.000Z,1
Y000414,0001842939,CTCX,2024-06-14T12:21:24.000Z,2024-08-08T21:13:06.000Z,2024-11-08T22:13:51.000Z,34
Y000414,0001842939,XAGE,,2026-04-08T21:45:59.000Z,2026-04-08T21:47:11.000Z,2
Y000415,0001843162,LIEN,,2024-10-11T19:01:18.000Z,2026-09-02T02:44:50.000Z,37
Y000415,0001843162,SSIC,2023-03-17T17:32:53.000Z,,,0
Y000416,0001843165,LQR,2024-04-11T20:05:13.000Z,2024-10-16T20:05:05.000Z,2025-12-19T22:02:52.000Z,30
Y000416,0001843165,YHC,,2025-07-18T23:06:50.000Z,2025-07-22T20:22:52.000Z,5
Y000417,0001843656,AMAO,2023-11-02T18:57:21.000Z,,,0
Y000417,0001843656,RMCO,,2024-09-04T13:45:55.000Z,2025-01-03T15:43:39.000Z,6
Y000418,0001843973,FLYX,2024-03-06T23:51:04.000Z,2024-08-13T01:56:53.000Z,2026-09-29T20:33:05.000Z,31
Y000418,0001843973,RIH6#EDK,,2024-10-07T20:07:24.000Z,2024-10-07T20:07:24.000Z,1
Y000419,0001844505,QTI,2024-04-04T00:35:46.000Z,2024-07-01T23:27:30.000Z,2026-09-01T00:08:40.000Z,39
Y000419,0001844505,QTIH,,2025-04-23T21:36:24.000Z,2026-01-24T00:56:06.000Z,16
Y000420,0001844971,GREE,2024-05-30T01:35:48.000Z,2024-09-07T00:00:18.000Z,2026-09-22T00:16:07.000Z,72
Y000420,0001844971,VIP,,2026-09-15T02:35:42.000Z,2026-09-15T02:35:42.000Z,1
Y000421,0001845550,APTM,2024-01-22T19:36:11.000Z,,,0
Y000421,0001845550,PLMJ,,2025-01-28T02:13:22.000Z,2025-01-28T02:13:22.000Z,1
Y000422,0001845815,PAYO,2024-06-05T03:55:43.000Z,2024-07-03T23:32:22.000Z,2026-08-21T18:59:54.000Z,142
Y000422,0001845815,[PAYO],,2025-02-26T03:52:04.000Z,2025-02-26T03:52:04.000Z,1
Y000423,0001846069,KIND,2024-06-08T00:15:10.000Z,2024-07-09T03:29:40.000Z,2025-07-18T00:03:47.000Z,62
Y000423,0001846069,NXDR,,2025-08-19T00:12:09.000Z,2026-09-25T00:03:13.000Z,82
Y000424,0001846416,HVII,,2025-01-17T07:47:42.000Z,2025-01-17T07:47:55.000Z,9
Y000424,0001846416,ONEN,,2026-09-24T02:03:52.000Z,2026-09-26T00:51:19.000Z,15
Y000425,0001847345,ASBP,,2025-06-06T21:00:59.000Z,2025-06-10T21:25:23.000Z,2
Y000425,0001847345,PWUP,2023-08-28T21:00:39.000Z,,,0
Y000426,0001847367,ALMS,2024-06-28T01:31:53.000Z,2024-07-01T20:35:54.000Z,2026-09-10T01:39:48.000Z,90
Y000426,0001847367,NASDAQ,2024-06-27T22:42:22.000Z,2024-07-03T20:45:38.000Z,2024-07-03T20:45:38.000Z,1
Y000427,0001848416,VRNO,,2025-12-03T23:27:54.000Z,2026-09-10T20:30:24.000Z,38
Y000427,0001848416,VRNOF,2024-06-19T01:07:59.000Z,2024-09-05T20:06:29.000Z,2025-09-09T21:13:47.000Z,47
Y000428,0001848731,GLAS,,2026-09-11T21:02:03.000Z,2026-09-18T20:05:13.000Z,2
Y000428,0001848731,GLASF,,2026-03-18T20:05:54.000Z,2026-06-05T01:30:06.000Z,5
Y000429,0001851484,CTOR,,2024-08-14T22:19:04.000Z,2026-08-14T21:57:50.000Z,65
Y000429,0001851484,TENKU,2022-10-13T21:23:49.000Z,,,0
Y000430,0001852973,BRLS,2024-02-29T21:01:20.000Z,2024-10-11T20:01:03.000Z,2026-06-27T01:09:05.000Z,15
Y000430,0001852973,BRLSW,,2026-04-08T21:16:06.000Z,2026-04-09T21:11:05.000Z,4
Y000431,0001853138,AACT,2023-07-20T00:50:46.000Z,2025-04-23T00:53:34.000Z,2025-04-23T00:53:34.000Z,1
Y000431,0001853138,KDK,,2025-09-25T01:42:33.000Z,2026-07-02T20:41:38.000Z,48
Y000432,0001853825,DTCX,,2025-12-24T02:15:04.000Z,2026-03-31T04:00:04.000Z,9
Y000432,0001853825,TZUP,,2024-11-05T03:19:10.000Z,2025-11-18T02:35:49.000Z,50
Y000433,0001854445,GGRP,,2026-06-02T16:00:06.000Z,2026-08-07T00:32:28.000Z,17
Y000433,0001854445,VRAR,2024-06-04T20:58:26.000Z,2024-08-26T17:00:25.000Z,2025-12-19T18:30:06.000Z,3
Y000434,0001854480,DEVS,,2024-11-15T22:59:25.000Z,2026-03-20T20:24:57.000Z,11
Y000434,0001854480,FIAC,2023-12-22T14:38:56.000Z,2024-10-31T22:50:38.000Z,2024-11-09T01:42:42.000Z,20
Y000435,0001855299,(LASAX,,2024-07-09T18:08:26.000Z,2024-07-09T18:08:26.000Z,1
Y000435,0001855299,LASAX,2024-04-26T21:15:37.000Z,2024-07-09T18:06:13.000Z,2026-05-27T18:36:10.000Z,17
Y000436,0001856437,VSCO,2024-06-15T01:20:32.000Z,2024-07-09T00:18:02.000Z,2026-07-01T02:06:32.000Z,51
Y000436,0001856437,VSXY,,2026-06-05T00:16:36.000Z,2026-09-17T00:22:05.000Z,13
Y000437,0001857855,FNVT,2023-06-08T21:20:23.000Z,,,0
Y000437,0001857855,FNVTF,,2025-01-08T16:30:31.000Z,2025-01-08T16:30:36.000Z,6
Y000438,0001859035,MCAG,2024-04-24T05:30:26.000Z,2024-07-11T05:48:15.000Z,2024-07-11T05:48:15.000Z,1
Y000438,0001859035,MCAGU,2022-10-22T00:05:34.000Z,2024-07-11T05:48:34.000Z,2026-01-03T03:00:17.000Z,5
Y000439,0001861657,CNTN,,2026-05-27T22:35:50.000Z,2026-07-15T23:11:07.000Z,4
Y000439,0001861657,THAR,2023-12-18T15:04:37.000Z,2024-08-12T21:17:59.000Z,2026-02-11T22:20:49.000Z,40
Y000440,0001862935,CURR,,2024-09-11T00:44:44.000Z,2026-09-05T00:15:21.000Z,21
Y000440,0001862935,IFIN,2024-02-24T02:34:34.000Z,,,0
Y000441,0001865248,CMCA,2024-05-02T02:22:24.000Z,,,0
Y000441,0001865248,CMCAF,,2025-07-17T00:26:03.000Z,2025-07-17T01:20:03.000Z,2
Y000441,0001865248,CMCAU,2024-05-02T01:16:23.000Z,2025-07-16T00:38:58.000Z,2025-07-16T00:38:58.000Z,1
Y000442,0001869105,BBOT,,2025-08-12T01:00:11.000Z,2026-09-15T00:24:02.000Z,53
Y000442,0001869105,HLXB,2024-02-14T05:48:00.000Z,2025-02-11T03:06:42.000Z,2025-02-12T03:16:28.000Z,3
Y000443,0001870144,CDIO,2024-04-08T23:28:23.000Z,2024-07-03T01:38:49.000Z,2026-07-02T20:29:34.000Z,41
Y000443,0001870144,NUTX,2023-06-27T00:37:24.000Z,2024-09-24T00:24:09.000Z,2024-10-07T19:29:46.000Z,2
Y000444,0001870600,DTC,2024-06-14T02:55:56.000Z,2024-07-03T01:01:21.000Z,2025-07-10T00:14:17.000Z,21
Y000444,0001870600,SBDS,,2025-08-21T00:43:23.000Z,2026-09-30T00:55:00.000Z,32
Y000445,0001870833,RFMZ,,2025-07-18T18:44:46.000Z,2025-07-18T18:44:46.000Z,1
Y000445,0001870833,RMMZ,2023-12-21T21:25:38.000Z,2024-10-01T23:04:05.000Z,2025-12-02T02:27:47.000Z,9
Y000446,0001871638,BAIZ,,2025-01-22T07:31:09.000Z,2025-01-22T07:31:09.000Z,1
Y000446,0001871638,BZAI,,2025-01-16T06:33:03.000Z,2026-09-01T23:27:01.000Z,52
Y000447,0001874252,MYNZ,,2026-01-16T20:37:37.000Z,2026-05-26T22:12:13.000Z,18
Y000447,0001874252,QUCY,,2026-04-28T23:12:13.000Z,2026-08-12T21:00:17.000Z,17
Y000448,0001875084,PPRUX,,2025-03-25T00:23:44.000Z,2026-05-21T17:12:11.000Z,10
Y000448,0001875084,[NONE],,2024-07-01T21:45:54.000Z,2024-07-01T21:45:54.000Z,1
Y000449,0001879270,TCGI,2024-05-21T18:08:58.000Z,2024-07-17T00:57:44.000Z,2024-07-17T01:05:17.000Z,4
Y000449,0001879270,TCRG,,2025-02-06T19:59:23.000Z,2025-08-15T19:52:30.000Z,8
Y000450,0001879373,ENCP,2022-12-01T13:37:07.000Z,,,0
Y000450,0001879373,GTI,,2024-11-27T02:35:28.000Z,2025-01-14T23:03:38.000Z,23
Y000451,0001880343,AMZE,,2025-06-13T02:39:46.000Z,2026-05-22T16:00:24.000Z,4
Y000451,0001880343,VINE,2023-09-19T00:34:15.000Z,2025-03-24T15:29:08.000Z,2025-03-24T15:31:11.000Z,2
Y000452,0001885408,JFBR,,2024-10-21T22:00:22.000Z,2026-03-26T11:38:28.000Z,10
Y000452,0001885408,NEXR,,2026-05-07T20:05:13.000Z,2026-05-07T20:05:22.000Z,10
Y000453,0001885461,SUAC,2023-11-28T09:54:26.000Z,2024-11-21T11:48:08.000Z,2024-11-21T11:48:08.000Z,1
Y000453,0001885461,SUAC.U,2023-12-18T17:01:48.000Z,,,0
Y000454,0001889123,EMLD,2024-02-08T02:09:47.000Z,,,0
Y000454,0001889123,FLD,,2025-02-20T07:55:27.000Z,2026-09-19T05:30:02.000Z,101
Y000455,0001892492,OCTO,2024-03-25T13:12:57.000Z,2025-01-21T21:56:40.000Z,2025-09-11T12:07:01.000Z,6
Y000455,0001892492,ORBS,,2026-01-01T01:30:58.000Z,2026-08-31T13:21:11.000Z,15
Y000456,0001893219,ABP,,2024-11-16T01:29:21.000Z,2025-08-07T13:08:24.000Z,17
Y000456,0001893219,ACAB,2023-11-08T21:15:25.000Z,,,0
Y000457,0001898604,VSTD,,2025-10-02T17:07:37.000Z,2025-12-13T01:43:53.000Z,13
Y000457,0001898604,YOSH,2023-12-19T22:27:49.000Z,,,0
Y000458,0001901203,IROH,2023-12-30T01:50:34.000Z,2025-02-26T01:23:19.000Z,2025-02-26T01:27:12.000Z,2
Y000458,0001901203,UCFI,,2025-10-01T01:50:24.000Z,2025-10-08T21:20:31.000Z,12
Y000459,0001903595,HODO,,2026-07-10T20:27:14.000Z,2026-08-25T19:22:33.000Z,8
Y000459,0001903595,TBH,,2025-03-31T18:03:45.000Z,2026-03-26T00:33:29.000Z,19
Y000460,0001905088,ARKVX,,2025-09-27T00:58:10.000Z,2026-07-17T00:35:27.000Z,3
Y000460,0001905088,XARKX,2022-10-17T18:24:07.000Z,,,0
Y000461,0001906364,BXBL,,2026-07-28T01:21:17.000Z,2026-09-21T22:13:33.000Z,5
Y000461,0001906364,FGMC,,2025-01-29T07:39:04.000Z,2026-06-23T00:54:27.000Z,11
Y000462,0001907223,GRML,,2026-06-27T00:30:14.000Z,2026-08-25T17:59:22.000Z,5
Y000462,0001907223,KLTO,,2025-08-08T14:00:10.000Z,2026-03-07T02:12:10.000Z,17
Y000462,0001907223,WENA,,2024-07-02T02:14:59.000Z,2024-07-03T02:34:54.000Z,2
Y000463,0001909747,JUSH,,2026-08-03T17:38:59.000Z,2026-09-22T20:10:50.000Z,9
Y000463,0001909747,JUSH.JUSHF,2024-05-17T13:29:25.000Z,2024-08-02T19:32:09.000Z,2026-06-17T20:06:06.000Z,28
Y000464,0001912461,SKGR,,2025-03-07T20:30:04.000Z,2025-04-14T19:26:21.000Z,5
Y000464,0001912461,SKGRU,2022-08-10T16:05:29.000Z,,,0
Y000465,0001913577,DECA,,2024-09-16T14:01:42.000Z,2024-09-16T14:05:57.000Z,2
Y000465,0001913577,SMNR,,2025-09-23T23:47:47.000Z,2026-06-26T20:19:45.000Z,10
Y000466,0001919246,CHRO,2024-06-19T04:07:21.000Z,2024-07-03T01:15:45.000Z,2025-04-16T05:31:27.000Z,10
Y000466,0001919246,PTHS,,2025-07-03T17:28:53.000Z,2026-07-08T01:03:57.000Z,46
Y000467,0001922639,OIL,,2024-10-07T17:34:37.000Z,2024-10-07T17:38:48.000Z,3
Y000467,0001922639,OILCF,2024-05-01T20:41:39.000Z,2024-09-05T21:03:47.000Z,2025-01-09T00:05:02.000Z,4
Y000468,0001930313,PTWO,2024-06-11T01:00:36.000Z,2024-07-02T01:01:22.000Z,2024-08-23T21:33:26.000Z,9
Y000468,0001930313,SBC,,2024-09-18T01:41:40.000Z,2026-04-30T01:38:46.000Z,15
Y000469,0001933567,NRX,2024-02-29T20:14:37.000Z,2025-04-24T00:38:50.000Z,2026-02-14T02:04:28.000Z,3
Y000469,0001933567,NRXS,2024-03-16T02:46:55.000Z,2024-07-02T23:13:20.000Z,2026-09-29T17:00:11.000Z,37
Y000470,0001934245,NWTG,,2025-04-08T04:12:46.000Z,2026-07-11T00:18:08.000Z,33
Y000470,0001934245,SPGC,2024-06-19T00:03:15.000Z,2024-07-27T02:01:08.000Z,2025-01-09T01:26:27.000Z,16
Y000471,0001934642,MDBH,2023-08-02T12:00:45.000Z,2024-11-29T19:24:25.000Z,2026-05-09T00:17:37.000Z,60
Y000471,0001934642,MDBH?,,2025-04-09T22:16:22.000Z,2025-04-15T00:23:49.000Z,3
Y000472,0001934945,TBMC,,2024-10-09T20:38:48.000Z,2024-10-15T21:33:27.000Z,3
Y000472,0001934945,TBMCU,2023-04-04T15:32:08.000Z,,,0
Y000473,0001937441,AMBI,,2026-03-19T20:05:05.000Z,2026-03-19T20:10:30.000Z,2
Y000473,0001937441,AMBIQ,,2026-03-17T23:11:31.000Z,2026-03-18T21:02:23.000Z,7
Y000474,0001937891,AMCI,,2025-12-12T02:20:26.000Z,2025-12-12T02:29:31.000Z,4
Y000474,0001937891,ATMV,2022-12-22T02:15:36.000Z,2024-12-06T07:41:03.000Z,2025-12-10T05:00:07.000Z,3
Y000475,0001945619,ECGR,2024-06-03T19:35:16.000Z,2024-08-27T22:51:18.000Z,2024-08-27T22:51:18.000Z,1
Y000475,0001945619,KSEZ,,2025-02-27T21:05:52.000Z,2026-09-21T15:34:42.000Z,5
Y000476,0001946573,KDLY,2024-06-01T01:38:59.000Z,2024-10-30T05:57:23.000Z,2025-05-15T04:15:31.000Z,10
Y000476,0001946573,NAKA,,2025-08-15T02:26:19.000Z,2026-09-17T21:21:02.000Z,48
Y000477,0001948864,HCWC,,2024-09-18T00:26:33.000Z,2026-06-05T03:30:21.000Z,27
Y000477,0001948864,HOST,,2026-09-22T01:19:26.000Z,2026-09-29T00:42:55.000Z,7
Y000478,0001949478,DTCK,,2026-03-19T16:31:00.000Z,2026-03-20T16:10:52.000Z,6
Y000478,0001949478,DTCKF,,2026-04-22T18:58:57.000Z,2026-04-22T18:58:57.000Z,1
Y000479,0001956166,MSW,,2026-03-18T19:39:05.000Z,2026-07-17T16:05:05.000Z,9
Y000479,0001956166,PMA,,2026-08-25T13:11:33.000Z,2026-09-25T14:00:18.000Z,6
Y000480,0001956439,APAD,,2025-07-30T04:11:52.000Z,2025-08-01T00:31:05.000Z,7
Y000480,0001956439,ENHA,,2026-05-08T04:22:33.000Z,2026-09-26T01:14:40.000Z,29
Y000481,0001956648,NOEM,,2025-05-29T23:33:45.000Z,2025-05-29T23:33:45.000Z,1
Y000481,0001956648,NOEMU,,2024-11-21T00:09:21.000Z,2025-01-22T21:15:06.000Z,10
Y000482,0001956744,SRM,2024-06-10T20:30:20.000Z,2024-09-26T20:59:17.000Z,2025-07-03T23:00:06.000Z,23
Y000482,0001956744,TRON,,2025-08-18T21:00:24.000Z,2026-09-17T20:15:29.000Z,9
Y000483,0001958140,BATRA,2024-06-28T03:11:39.000Z,2024-07-06T00:43:09.000Z,2026-03-04T02:13:50.000Z,31
Y000483,0001958140,BATRK,2024-03-29T03:14:40.000Z,2024-08-23T16:27:32.000Z,2026-08-22T00:05:12.000Z,61
Y000484,0001959023,RENX,,2025-12-30T02:15:18.000Z,2026-09-11T00:10:03.000Z,8
Y000484,0001959023,SGD,2024-05-21T01:32:15.000Z,2024-09-12T00:30:04.000Z,2025-10-23T00:24:40.000Z,15
Y000485,0001959726,AZI,,2026-05-14T01:26:08.000Z,2026-05-14T01:27:23.000Z,2
Y000485,0001959726,AZL,,2026-05-14T01:25:03.000Z,2026-05-14T01:25:03.000Z,1
Y000486,0001960208,CREV,,2025-11-12T22:36:09.000Z,2026-03-19T13:42:44.000Z,4
Y000486,0001960208,CREVF,,2026-03-18T21:39:42.000Z,2026-03-18T21:39:42.000Z,1
Y000487,0001962738,CASI,,2026-03-18T20:30:37.000Z,2026-03-18T20:30:37.000Z,1
Y000487,0001962738,CASIF,,2026-03-18T23:06:22.000Z,2026-04-23T10:00:38.000Z,10
Y000488,0001969401,LGCB,,2026-03-19T04:34:23.000Z,2026-03-19T04:35:21.000Z,2
Y000488,0001969401,UZX,,2026-06-04T18:34:30.000Z,2026-06-04T22:51:19.000Z,7
Y000489,0001970622,IPXX,2023-05-31T00:32:20.000Z,2024-11-20T06:17:06.000Z,2025-02-27T18:00:04.000Z,2
Y000489,0001970622,USAR,,2025-03-15T03:13:44.000Z,2026-09-12T00:18:55.000Z,80
Y000490,0001971213,PM2C#XRO,,2025-03-21T22:46:10.000Z,2025-03-21T22:46:10.000Z,1
Y000490,0001971213,SBGI,2024-05-16T20:50:06.000Z,2024-07-09T18:27:55.000Z,2026-09-26T04:16:39.000Z,85
Y000491,0001972529,BTOC,2024-05-13T20:38:57.000Z,2025-01-15T02:16:13.000Z,2025-09-10T22:34:49.000Z,3
Y000491,0001972529,BTOC],,2025-09-10T21:17:55.000Z,2025-09-10T21:17:55.000Z,1
Y000492,0001975218,NETB,,2025-07-22T12:08:37.000Z,2025-07-22T12:08:37.000Z,1
Y000492,0001975218,NETD,2024-06-26T17:32:29.000Z,2025-07-22T12:14:41.000Z,2025-11-12T21:58:56.000Z,4
Y000493,0001976685,IVYIX,,2025-03-18T20:36:21.000Z,2026-07-17T19:09:00.000Z,8
Y000493,0001976685,XIVYX,2024-06-12T02:35:02.000Z,2024-07-17T04:31:09.000Z,2026-09-02T20:43:27.000Z,23
Y000494,0001985337,YFOR,,2026-09-22T22:02:12.000Z,2026-09-22T22:02:12.000Z,1
Y000494,0001985337,YYGH,,2026-03-31T16:21:58.000Z,2026-06-25T01:00:08.000Z,14
Y000495,0001989582,PGIWX,,2025-11-25T19:36:50.000Z,2025-11-25T22:17:56.000Z,2
Y000495,0001989582,[NONE],,2024-07-01T22:58:05.000Z,2024-07-01T22:58:05.000Z,1
Y000496,0001992243,FREY,2024-06-24T16:41:38.000Z,2024-08-10T01:10:20.000Z,2025-01-04T02:15:06.000Z,20
Y000496,0001992243,TE,,2025-03-08T02:15:22.000Z,2026-08-27T03:05:20.000Z,59
Y000497,0001995668,MMIO,,2026-08-07T00:17:54.000Z,2026-08-07T00:17:54.000Z,1
Y000497,0001995668,MMIOX,2024-03-25T22:22:07.000Z,2026-01-08T21:23:05.000Z,2026-09-02T19:41:15.000Z,3
Y000497,0001995668,MMIRX,2024-03-25T22:23:20.000Z,,,0
Y000498,0001996192,LSH,,2024-07-16T17:59:09.000Z,2026-03-17T02:55:00.000Z,11
Y000498,0001996192,QNME,,2026-09-23T03:20:26.000Z,2026-09-23T03:20:26.000Z,1
Y000499,0002000645,OCTIX,,2024-11-08T21:59:44.000Z,2025-11-14T22:03:00.000Z,28
Y000499,0002000645,[NONE],2024-02-26T21:44:07.000Z,,,0
Y000500,0002006815,VACH,,2024-08-09T20:05:09.000Z,2024-08-15T22:45:19.000Z,6
Y000500,0002006815,VACHU,,2024-08-09T20:06:23.000Z,2024-08-09T20:07:13.000Z,2
Y000501,0002007825,CCCX,,2025-08-11T20:21:06.000Z,2025-08-11T20:43:36.000Z,2
Y000501,0002007825,CCCXU,,2025-05-14T01:24:51.000Z,2025-06-27T20:10:04.000Z,6
Y000501,0002007825,INFQ,,2026-02-17T21:30:07.000Z,2026-08-21T23:42:09.000Z,49
Y000502,0002010788,EXOZ,,2025-03-25T21:14:08.000Z,2026-09-17T21:27:28.000Z,17
Y000502,0002010788,IZTC,,2024-11-19T00:40:22.000Z,2025-01-21T11:02:17.000Z,15
Y000503,0002011286,AMTM,,2024-09-19T00:48:31.000Z,2026-09-18T05:35:55.000Z,111
Y000503,0002011286,[AMTM,,2024-12-28T02:30:25.000Z,2024-12-28T02:30:25.000Z,1
Y000504,0002011954,TWNP,,2025-01-28T02:32:09.000Z,2026-02-06T17:39:24.000Z,28
Y000504,0002011954,TWNPV,,2025-05-30T00:19:19.000Z,2025-05-30T00:19:19.000Z,1
Y000505,0002012096,PMAX,,2026-03-10T23:50:28.000Z,2026-05-15T00:52:32.000Z,2
Y000505,0002012096,PMAX.,,2026-05-15T00:52:56.000Z,2026-05-15T00:52:56.000Z,1
Y000506,0002014982,SIMA,,2024-07-10T05:08:32.000Z,2026-05-14T01:20:15.000Z,10
Y000506,0002014982,SIMAU,,2024-07-10T05:07:59.000Z,2025-11-01T00:10:43.000Z,2
Y000507,0002015502,LPAA,,2024-07-11T22:06:20.000Z,2026-06-02T21:16:02.000Z,7
Y000507,0002015502,LPAAU,,2024-07-18T19:10:07.000Z,2024-07-19T17:25:48.000Z,4
Y000508,0002015955,CUB,,2026-07-01T00:57:25.000Z,2026-07-01T00:57:25.000Z,1
Y000508,0002015955,CUBWU,2024-06-18T05:01:10.000Z,2026-06-16T15:03:15.000Z,2026-06-16T15:03:15.000Z,1
Y000509,0002016072,MBAV,,2024-08-01T01:46:07.000Z,2026-06-29T21:28:51.000Z,20
Y000509,0002016072,VLOS,,2026-07-22T21:40:49.000Z,2026-07-22T21:40:49.000Z,1
Y000510,0002017526,FRNM,,2026-07-22T21:27:22.000Z,2026-09-04T21:59:14.000Z,20
Y000510,0002017526,PCSC,2024-06-13T20:42:18.000Z,,,0
Y000511,0002017950,DTSQ,,2025-12-17T19:00:19.000Z,2025-12-17T19:00:19.000Z,1
Y000511,0002017950,DTSQU,,2024-07-25T01:19:39.000Z,2024-07-27T00:40:50.000Z,8
Y000512,0002019804,HCMA,,2024-08-15T21:31:47.000Z,2024-08-21T00:52:54.000Z,9
Y000512,0002019804,IMSR,,2025-10-30T23:56:21.000Z,2026-07-31T21:00:03.000Z,35
Y000513,0002020987,YHNA,,2024-08-13T05:26:12.000Z,2026-03-31T15:44:15.000Z,9
Y000513,0002020987,YHNAU,,2024-09-20T00:30:03.000Z,2024-09-20T00:30:03.000Z,1
Y000514,0002021042,EQVU,,2024-08-06T21:42:38.000Z,2024-08-16T20:14:06.000Z,13
Y000514,0002021042,FTWU,,2026-03-04T02:48:17.000Z,2026-03-04T02:48:17.000Z,1
Y000515,0002021979,FTCRED,,2024-07-09T20:36:31.000Z,2024-07-09T20:49:41.000Z,3
Y000515,0002021979,FTEAX,,2026-05-07T01:30:22.000Z,2026-05-07T01:46:01.000Z,3
Y000515,0002021979,FTECX,,2026-07-08T04:45:56.000Z,2026-07-08T05:40:15.000Z,2
Y000515,0002021979,FTPCX,,2024-07-03T23:10:04.000Z,2024-07-03T23:15:03.000Z,6
Y000516,0002022290,DHCIX,,2024-12-16T14:24:03.000Z,2026-05-01T16:57:35.000Z,17
Y000516,0002022290,DSCRX,,2024-10-01T16:02:39.000Z,2025-07-02T16:19:08.000Z,2
Y000517,0002022674,VALF,,2024-11-06T19:20:33.000Z,2024-11-21T23:10:19.000Z,2
Y000517,0002022674,XALFA,,2025-03-27T21:41:44.000Z,2025-03-27T21:41:44.000Z,1
Y000517,0002022674,XALFX,,2025-01-28T22:09:44.000Z,2026-05-15T13:08:18.000Z,3
Y000518,0002023554,FO9JOD#Z,,2025-06-10T01:04:32.000Z,2025-06-10T01:04:32.000Z,1
Y000518,0002023554,SNDK,,2025-02-01T05:18:49.000Z,2026-09-22T02:04:45.000Z,129
Y000519,0002023730,GIGGU,,2024-08-29T00:18:36.000Z,2026-04-20T21:12:38.000Z,13
Y000519,0002023730,HDRN,,2026-05-27T23:51:18.000Z,2026-09-15T21:04:28.000Z,25
Y000520,0002025065,BSII,,2025-06-04T18:08:00.000Z,2025-06-04T18:16:59.000Z,8
Y000520,0002025065,BSIIU,,2024-08-23T13:33:59.000Z,2024-08-23T13:41:44.000Z,8
Y000521,0002025396,VCIC,,2026-03-31T20:08:11.000Z,2026-03-31T20:08:11.000Z,1
Y000521,0002025396,VCICU,,2024-09-06T00:21:45.000Z,2026-03-31T20:08:41.000Z,9
Y000522,0002025416,OWLS,,2026-03-05T06:10:21.000Z,2026-09-03T18:41:29.000Z,19
Y000522,0002025416,VVB$RP2F,,2026-03-04T06:07:00.000Z,2026-03-04T06:07:00.000Z,1
Y000523,0002026098,GAIAX,,2024-11-06T21:47:31.000Z,2026-06-05T18:52:14.000Z,26
Y000523,0002026098,GAIIX,,2024-11-06T22:07:06.000Z,2024-12-18T21:14:49.000Z,9
Y000524,0002028027,NTWOU,,2024-11-01T03:47:01.000Z,2025-05-31T00:07:14.000Z,8
Y000524,0002028027,NWTOU,,2024-11-05T04:31:32.000Z,2024-11-05T04:31:32.000Z,1
Y000525,0002028336,NEHC,,2024-12-10T02:50:39.000Z,2024-12-10T03:00:09.000Z,7
Y000525,0002028336,NUAI,,2026-06-24T00:05:30.000Z,2026-07-09T03:40:52.000Z,4
Y000526,0002028355,IPEX,,2026-01-06T07:41:33.000Z,2026-01-21T03:01:12.000Z,2
Y000526,0002028355,MAYA,,2025-02-13T02:40:45.000Z,2025-09-26T00:30:20.000Z,11
Y000527,0002028707,BACQ,,2024-11-01T01:00:04.000Z,2026-03-18T13:08:35.000Z,15
Y000527,0002028707,MRLN,,2026-03-18T20:59:12.000Z,2026-09-18T21:00:02.000Z,28
Y000528,0002029168,CALIX,,2025-08-22T16:12:42.000Z,2025-08-22T16:12:42.000Z,1
Y000528,0002029168,CALSX,,2025-08-20T16:19:52.000Z,2025-08-20T16:23:56.000Z,3
Y000529,0002031009,KAZR,,2026-07-29T12:00:19.000Z,2026-09-09T10:02:55.000Z,2
Y000529,0002031009,SKBL,,2026-03-13T17:20:20.000Z,2026-05-02T01:17:04.000Z,4
Y000530,0002032432,BMACX,,2025-03-10T20:31:55.000Z,2025-11-13T21:30:19.000Z,6
Y000530,0002032432,BMASX,,2025-08-01T20:15:29.000Z,2025-08-01T20:15:29.000Z,1
Y000531,0002035726,ECLO,,2025-01-13T21:52:40.000Z,2026-09-01T22:26:32.000Z,30
Y000531,0002035726,NCLOX,,2026-09-03T01:57:04.000Z,2026-09-24T23:31:31.000Z,2
Y000532,0002036272,TPAY,,2025-10-16T22:39:29.000Z,2025-10-16T22:46:21.000Z,2
Y000532,0002036272,TPYTX,,2026-09-30T15:35:29.000Z,2026-09-30T18:19:07.000Z,2
Y000533,0002042902,EVAC,,2026-07-10T00:05:23.000Z,2026-07-10T00:05:23.000Z,1
Y000533,0002042902,EVACU,,2025-07-02T05:48:57.000Z,2025-07-02T05:51:30.000Z,12
Y000534,0002043630,APAC,,2025-09-30T05:21:26.000Z,2026-02-07T06:30:00.000Z,16
Y000534,0002043630,APACU,,2025-11-26T00:55:15.000Z,2025-11-26T01:01:17.000Z,2
Y000535,0002046200,PBLDX,,2025-07-02T18:13:05.000Z,2025-07-02T18:13:05.000Z,1
Y000535,0002046200,PBLSX,,2025-06-17T19:31:42.000Z,2026-09-03T20:00:14.000Z,30
Y000536,0002047235,WINC,,2025-04-30T22:09:54.000Z,2025-04-30T22:17:26.000Z,12
Y000536,0002047235,WSBK,,2025-05-06T16:24:18.000Z,2026-05-27T20:54:59.000Z,13
Y000537,0002048951,LOKV,,2025-02-28T04:18:11.000Z,2026-06-18T05:45:02.000Z,8
Y000537,0002048951,TMS,,2026-06-24T03:03:01.000Z,2026-06-27T00:15:06.000Z,15
Y000538,0002049662,CGCT,,2025-05-02T01:49:19.000Z,2026-05-23T00:00:04.000Z,9
Y000538,0002049662,FAC,,2026-06-09T20:05:09.000Z,2026-07-17T21:02:40.000Z,15
Y000539,0002056263,BRR,,2025-12-05T18:01:16.000Z,2025-12-11T14:58:50.000Z,8
Y000539,0002056263,CCCM,,2025-05-15T20:44:14.000Z,2025-07-09T17:04:51.000Z,9
Y000540,0002057030,AXIN,,2025-06-18T00:00:18.000Z,2025-06-18T00:01:22.000Z,7
Y000540,0002057030,AXINU,,2025-06-25T01:00:04.000Z,2025-06-25T01:00:04.000Z,1
Y000541,0002057463,GLIBA,,2025-07-15T01:48:48.000Z,2025-07-15T01:48:48.000Z,1
Y000541,0002057463,GLIBK,,2025-07-11T18:32:14.000Z,2026-09-09T04:50:31.000Z,58
Y000542,0002060337,JENA,,2025-05-30T23:00:09.000Z,2025-05-30T23:00:09.000Z,1
Y000542,0002060337,JENAU,,2025-05-29T00:00:55.000Z,2025-06-02T14:27:45.000Z,7
Y000543,0002061379,LWAC,,2025-06-25T01:26:46.000Z,2025-07-09T20:54:59.000Z,5
Y000543,0002061379,OYSE,,2025-07-09T20:50:58.000Z,2025-07-09T20:50:58.000Z,1
Y000544,0002064658,MCGA,,2026-02-14T00:02:13.000Z,2026-07-21T16:58:58.000Z,2
Y000544,0002064658,YORK,,2025-09-02T20:57:41.000Z,2025-09-19T21:37:39.000Z,4
Y000544,0002064658,YORKU,,2025-06-27T01:54:42.000Z,2025-07-03T00:51:08.000Z,9
Y000545,0002066836,CNXU,,2026-05-11T22:18:49.000Z,2026-09-28T21:38:52.000Z,21
Y000545,0002066836,CXNU,,2026-05-12T00:58:52.000Z,2026-05-15T00:19:50.000Z,5
Y000546,0002067767,NXB,,2026-05-30T01:30:01.000Z,2026-07-24T01:06:05.000Z,3
Y000546,0002067767,OTH,,2025-11-13T19:47:22.000Z,2026-05-29T04:51:11.000Z,36
Y000547,0002074612,LMFIX,,2026-05-08T15:13:36.000Z,2026-05-08T15:13:36.000Z,1
Y000547,0002074612,LMIFX,,2026-02-25T16:02:18.000Z,2026-08-11T18:00:48.000Z,11
Y000548,0002074850,GFUZ,,2026-07-15T00:09:11.000Z,2026-09-05T02:54:41.000Z,13
Y000548,0002074850,SVAC,,2025-09-04T05:21:09.000Z,2025-09-04T05:27:26.000Z,7
Y000549,0002074973,CCXI,,2026-03-20T04:43:25.000Z,2026-03-20T04:44:45.000Z,2
Y000549,0002074973,CCXIU,,2025-12-17T07:39:21.000Z,2025-12-20T03:16:36.000Z,4
Y000550,0002076739,KCHV,,2025-12-01T22:20:47.000Z,2025-12-01T22:20:47.000Z,1
Y000550,0002076739,SCII,,2025-11-26T01:04:02.000Z,2025-11-26T01:37:10.000Z,5
Y000551,0002078416,LLYVA.K,,2026-02-18T02:45:06.000Z,2026-02-18T02:53:03.000Z,3
Y000551,0002078416,LLYVK,,2025-12-16T03:40:15.000Z,2026-09-29T00:32:02.000Z,24
Y000552,0002081532,BLRK,,2025-12-10T23:42:26.000Z,2026-01-24T02:45:23.000Z,11
Y000552,0002081532,MESH,,2025-12-10T23:50:08.000Z,2025-12-10T23:50:08.000Z,1
Y000553,0002085177,QRED,,2026-05-27T03:14:05.000Z,2026-05-27T03:14:05.000Z,1
Y000553,0002085177,QREDU,,2026-04-22T00:49:00.000Z,2026-04-22T00:49:59.000Z,5
Y000554,0002088749,KBON,,2026-07-24T20:02:17.000Z,2026-07-24T20:02:32.000Z,2
Y000554,0002088749,KBONU,,2025-12-11T02:53:49.000Z,2025-12-20T01:29:17.000Z,17
Y000555,0002088805,CMII,,2026-07-03T04:00:01.000Z,2026-07-03T04:00:02.000Z,2
Y000555,0002088805,CMIIU,,2026-02-11T07:37:59.000Z,2026-02-18T06:42:53.000Z,9
Y000556,0002091222,SAAQ,,2026-02-18T22:31:59.000Z,2026-02-18T22:31:59.000Z,1
Y000556,0002091222,SAAQU,,2026-01-27T23:07:26.000Z,2026-01-27T23:08:48.000Z,7
Y000557,0002094265,MLAA,,2026-01-27T02:55:27.000Z,2026-01-30T23:30:35.000Z,5
Y000557,0002094265,MLAAU,,2026-03-18T23:39:28.000Z,2026-03-18T23:39:28.000Z,1
Y000558,0002095816,CLOIX,,2026-04-27T18:14:41.000Z,2026-05-01T15:54:16.000Z,9
Y000558,0002095816,CLOO,,2026-04-20T14:51:44.000Z,2026-07-01T18:05:15.000Z,14
Y000559,0002097364,TMTS,,2026-02-11T01:00:05.000Z,2026-02-11T01:00:05.000Z,1
Y000559,0002097364,TMTSU,,2026-02-11T01:00:02.000Z,2026-02-11T01:00:06.000Z,6
Y000560,0002101562,PALO,,2026-02-19T00:37:07.000Z,2026-04-07T21:03:29.000Z,11
Y000560,0002101562,PALOU,,2026-02-24T21:57:54.000Z,2026-02-24T21:57:54.000Z,1
Y000561,0002102123,AACPU,,2026-04-10T21:05:03.000Z,2026-04-10T21:05:03.000Z,1
Y000561,0002102123,ACCPU,,2026-04-07T01:46:19.000Z,2026-04-07T01:55:52.000Z,7
Y000562,0002133719,NSAI,,2026-08-26T13:20:18.000Z,2026-08-26T13:20:18.000Z,1
Y000562,0002133719,NSAIU,,2026-08-25T19:30:34.000Z,2026-08-26T13:03:14.000Z,5
Y000563,0002138052,INPAC,,2026-08-28T00:03:23.000Z,2026-08-28T01:53:00.000Z,23
Y000563,0002138052,IPABX,,2026-08-24T18:59:24.000Z,2026-08-24T19:09:30.000Z,2
