cik,incumbent_rank,entrant_accessions,register_accessions
0000001750,1206,,
0000001800,37,,
0000002178,,,0001143313-25-000006
0000002488,27,,
0000002969,146,,
0000003453,874,,
0000003570,202,,
0000004127,372,,
0000004281,218,,
0000004447,178,,0000876661-25-000523
0000004904,162,,
0000004962,39,,
0000004977,154,,
0000005272,160,,
0000005513,517,,
0000006201,676,,
0000006281,75,,
0000006845,1426,,
0000006951,43,,
0000006955,1239,,
0000007084,263,,
0000007332,669,,0000876661-24-000892
0000007431,765,,
0000007536,712,,
0000007789,998,,
0000008146,,,0001354457-26-000831
0000008670,81,,
0000008818,386,,
0000008858,844,,
0000008947,1187,,
0000009092,743,,
0000009326,764,,
0000009389,346,,
0000009984,1273,,0000876661-25-000052
0000010456,368,,
0000010795,123,,
0000011199,,0001104659-24-064757;0001104659-24-066144;0001104659-25-113222,
0000011544,330,,
0000012659,613,,
0000012927,74,,
0000014272,87,,
0000014707,1478,,
0000014930,789,,
0000015615,582,,
0000016040,784,,
0000016058,532,,
0000016160,,0001562762-25-000060,
0000016732,442,,
0000017843,663,,
0000018230,47,,
0000018349,688,,
0000018926,1040,,
0000019584,589,,
0000019617,8,,
0000020212,525,,
0000020286,340,,
0000020520,658,,0001354457-26-000054
0000021076,395,,
0000021175,458,,
0000021344,20,,
0000021535,1425,,
0000021665,104,,
0000022356,600,,
0000022444,682,,
0000023194,1103,,
0000023217,431,,
0000024545,,0001104659-24-065956,
0000024741,243,,
0000025445,971,,
0000026058,1435,,
0000026172,211,,
0000026324,506,,
0000026780,1328,,
0000027419,124,,
0000027904,275,,
0000028412,661,,
0000028823,1379,,
0000029002,966,,
0000029332,,,0001354457-25-000093
0000029534,285,,
0000029644,575,,
0000029905,298,,
0000029989,357,,
0000030125,,,0000876661-25-000071
0000030625,702,,
0000030697,997,,
0000031277,,0001140361-26-008854,
0000031462,132,,
0000031791,414,,
0000032604,129,,
0000033185,241,,
0000033213,416,,
0000034088,11,,0000876661-26-000593
0000034563,,,0001354457-26-000407
0000034782,1406,,
0000035315,,0000035315-26-000346,
0000035527,268,,
0000036029,791,,
0000036104,122,,
0000036146,1252,,
0000036270,269,,
0000036377,1039,,
0000036966,566,,
0000037785,657,,
0000037808,787,,
0000038009,,0000038009-24-000040;0000038009-24-000049;0000038009-25-000018;0000038009-25-000024;0000038009-25-000031;0000038009-25-000033;0000038009-26-000014;0000038009-26-000016;0000038009-26-000026;0000038009-26-000034;0001104659-25-016049,
0000038725,841,,
0000038777,487,,
0000039263,646,,
0000039368,857,,
0000039899,1114,,0000876661-26-000273
0000040211,831,,
0000040533,102,,
0000040545,36,,
0000040704,229,,
0000040729,448,,
0000040987,336,,
0000042582,1011,,
0000042888,433,,
0000045012,259,,
0000045876,,,0000876661-26-000489
0000046080,576,,
0000046195,1108,,
0000046250,1241,,
0000046640,,0001193125-25-048414;0001193125-26-241966,
0000046765,929,,
0000047111,207,,
0000047217,239,,
0000048287,1141,,
0000048898,328,,
0000049071,194,,
0000049196,323,,
0000049826,112,,
0000050725,976,,
0000050863,60,,
0000051143,42,,
0000051253,295,,
0000051434,401,,
0000051644,482,,0000876661-25-000918
0000052848,,0000052848-26-000251;0000052848-26-000252;0001193125-25-219862,
0000052988,367,,
0000055067,345,,
0000055135,,0001193125-26-009825,
0000055242,1269,,
0000055785,186,,
0000056047,667,,
0000056679,943,,
0000056873,214,,
0000056978,1132,,
0000057131,1324,,
0000058492,1348,,0000876661-26-000712
0000059440,1283,,0000876661-24-000921
0000059478,5,,
0000059527,496,,
0000059558,771,,
0000060086,382,,
0000060519,672,,
0000060667,56,,
0000061398,,,0001143313-24-000096
0000062996,392,,
0000063276,713,,
0000063908,34,,
0000064040,54,,
0000064670,,0001193125-24-152371;0001193125-25-221850,
0000064803,108,,
0000064996,1014,,
0000065984,302,,
0000066382,1244,,
0000066570,649,,
0000066740,121,,
0000066756,958,,0000876661-25-000967
0000067215,807,,
0000067347,735,,
0000067716,792,,
0000068505,130,,
0000068622,,0001193125-26-267898,
0000069633,1268,,
0000069891,872,,
0000070145,801,,
0000070318,435,,
0000070858,18,,
0000070866,1248,,
0000072331,436,,
0000072333,956,,0000876661-25-000369
0000072444,,,0001354457-25-001171
0000072741,314,,
0000072903,251,,
0000072971,30,,
0000073124,373,,
0000073309,217,,
0000073756,1068,,
0000074260,556,,
0000074303,804,,
0000075288,1372,,
0000075362,164,,
0000076334,116,,
0000076605,1091,,
0000076721,,0001398344-25-023113,
0000077360,430,,
0000077476,25,,
0000077543,1493,,
0000078003,44,,
0000078128,509,,
0000078239,767,,
0000078749,1053,,
0000078890,839,,
0000079282,272,,
0000079879,264,,
0000080420,1232,,
0000080424,14,,
0000080661,67,,
0000081362,1027,,
0000082020,1180,,
0000082811,522,,
0000084246,685,,
0000084748,1211,,
0000084839,311,,
0000085535,571,,
0000085961,741,,
0000086312,169,,
0000087347,126,,
0000088121,1048,,
0000088205,692,,
0000088525,,0002071844-26-000428;0002071844-26-000638,
0000088941,1271,,
0000089089,495,,
0000089140,,,0001143313-25-000040
0000089439,616,,
0000089800,92,,
0000090498,1115,,
0000090896,856,,
0000091388,,0001628280-25-002359,
0000091419,473,,
0000091440,421,,
0000091576,419,,
0000091767,811,,
0000092103,,0000092103-24-000023,
0000092122,90,,
0000092230,144,,
0000092380,402,,
0000093410,19,,
0000093556,399,,
0000093751,292,,
0000094049,1317,,
0000094344,1303,,
0000095552,,,0000876661-25-000464
0000096021,225,,
0000096223,485,,
0000096664,,0001079973-26-000298,
0000096793,,,0001143313-25-000057
0000096943,529,,
0000097134,1272,,
0000097210,338,,
0000097216,899,,
0000097476,35,,
0000097745,26,,
0000098222,816,,
0000098362,738,,
0000099070,,0001193125-25-237110,
0000099780,,0000099780-25-000094,
0000100517,424,,
0000100885,55,,
0000101382,830,,
0000101778,405,,0000876661-24-001100
0000101829,53,,
0000101830,,0001140361-24-024963;0001193125-25-028665;0001193125-25-173594;0001193125-26-059607,
0000102037,1490,,
0000102729,747,,
0000102752,1454,,
0000103145,1196,,
0000103379,711,,
0000104169,9,,
0000104918,1064,,
0000105132,982,,
0000105319,,0001193125-25-155412,0001354457-25-000613
0000105418,1280,,
0000105544,,0000105544-26-000085;0000105544-26-000086;0000105544-26-000087;0000105544-26-000088;0000105544-26-000089;0000105544-26-000090;0000105544-26-000091;0000105544-26-000092;0000105544-26-000093;0000105544-26-000094;0001193125-25-273396;0001193125-25-273398;0001193125-25-273402,
0000105634,384,,
0000105770,319,,
0000106040,322,,
0000106444,,0001683863-25-007459,
0000106640,778,,
0000107263,161,,
0000107687,1338,,
0000108312,553,,
0000108516,1160,,
0000109177,1167,,
0000109198,65,,
0000109380,635,,
0000109563,599,,
0000110621,410,,
0000200406,13,,
0000202058,196,,
0000203596,1318,,
0000215466,1140,,
0000215829,,0000215829-26-000055,
0000216228,500,,
0000217346,389,,
0000225997,,0001683863-24-008339;0001683863-24-008340;0001683863-25-004715,
0000230211,,0001104659-25-072239;0001104659-25-099757,
0000230557,790,,
0000275880,453,,
0000277135,173,,
0000277509,739,,
0000277948,125,,
0000278166,1001,,
0000310142,1016,,
0000310158,21,,
0000310354,1225,,
0000310764,68,,
0000311094,1447,,
0000312069,,0001193125-24-216501;0001193125-25-035210;0001193125-25-177868;0001193125-26-067276;0001193125-26-285074,
0000313143,870,,
0000313616,32,,
0000313927,308,,
0000314489,1409,,
0000315131,,,0000876661-25-000459;0000876661-25-000460
0000315189,84,,
0000315213,695,,
0000315293,118,,
0000315709,905,,
0000315852,640,,
0000318154,41,,
0000319201,77,,
0000319458,,,0001143313-24-000115
0000320193,1,,
0000320335,590,,
0000320340,,,0000876661-25-000817
0000350698,633,,
0000350868,,,0001354457-24-000843
0000350894,580,,
0000351569,904,,
0000351789,,,0001354457-26-000746
0000351834,,,0001354457-26-000399
0000352541,438,,
0000354190,137,,
0000354647,1123,,
0000354707,1333,,
0000354950,15,,
0000355019,,,0001354457-26-000523
0000355437,,0002071844-26-000210;0002071844-26-000448,
0000355811,666,,
0000356171,1411,,
0000356309,865,,
0000700564,988,,
0000700923,1193,,
0000701288,,,0001354457-24-000584
0000701985,604,,
0000702165,150,,
0000703351,1077,,
0000703604,1402,,
0000704532,555,,
0000704562,,,0001354457-25-000070
0000707179,722,,
0000707549,73,,
0000708821,1353,,
0000708955,1134,,
0000711377,960,,
0000712515,209,,0001354457-26-000757
0000712534,1192,,
0000712537,1325,,
0000713425,,,0001354457-25-000287
0000713676,117,,
0000714310,898,,
0000715072,1308,,
0000715957,191,,
0000716605,,,0001354457-25-000741
0000717423,727,,
0000718413,,0001654954-26-000705,
0000718677,,0001104659-26-018187,
0000718937,1281,,
0000719220,1360,,
0000719955,344,,
0000720005,307,,
0000720154,,,0001354457-26-000660
0000721371,303,,
0000721693,,,0001354457-26-000967
0000721994,1349,,
0000723125,72,,
0000723188,1030,,
0000723254,107,,
0000723531,182,,
0000723612,969,,
0000724742,,,0001143313-24-000082
0000726728,,0001104659-24-096644;0001104659-25-060925;0001104659-26-081006,
0000726854,1341,,
0000726958,432,,
0000727207,,,0001354457-25-000703
0000728385,,0001104659-26-013041,
0000728535,380,,
0000729986,812,,
0000730263,773,,
0000730272,557,,
0000730708,1191,,
0000731288,,0001193125-26-206346,
0000731766,10,,
0000731802,355,,
0000732712,46,,
0000732717,57,,
0000733269,1285,,
0000737758,543,,
0000740663,,,0001354457-25-000480
0000740971,,,0001354457-25-000862
0000743238,,,0001354457-25-000605
0000744218,1156,,
0000745308,968,,
0000745732,174,,
0000746515,381,,
0000749098,,0001193125-25-124070,
0000749251,222,,
0000749660,,,0001354457-25-000684
0000750577,855,,
0000752714,1116,,
0000753308,52,,
0000754510,,0000754510-26-000102,
0000759944,352,,
0000760498,983,,
0000763744,1078,,
0000763901,650,,
0000764038,641,,
0000764065,665,,
0000764180,98,,
0000764195,,,0001354457-24-000661
0000764478,363,,
0000764622,547,,
0000764764,,0000764764-24-000025,
0000766285,,0000898432-26-000421,
0000766421,851,,
0000766829,,0000766829-24-000125,
0000768835,,,0000876661-24-000843
0000768847,,0000768847-25-000055;0000768847-25-000186;0000768847-26-000026,
0000769218,,0001193125-26-211794,
0000769397,159,,
0000769520,656,,
0000771497,993,,
0000772406,675,,
0000773840,59,,
0000775158,670,,
0000776867,869,,
0000776901,1109,,
0000779152,474,,
0000780571,854,,
0000783325,280,,
0000784977,840,,
0000785161,559,,
0000785786,989,,
0000785956,1024,,
0000788599,,0001683863-25-004716,
0000788784,212,,
0000789019,2,,
0000789460,1373,,
0000789570,451,,
0000789933,,0000789933-25-000112,
0000790051,354,,
0000790359,1205,,
0000790526,886,,
0000791908,,,0001354457-26-000691
0000793074,1162,,
0000793733,1038,,
0000793952,824,,
0000794170,428,,
0000794367,850,,
0000794447,,0001193125-25-119034;0001193125-25-272690;0001193125-26-038710;0001193125-26-061334;0001193125-26-113986,
0000794619,1394,,0001354457-26-000504
0000795266,719,,
0000795800,,0001641172-25-019707,
0000796343,24,,
0000797468,155,,
0000797542,,0001641172-25-013482,
0000797721,1148,,
0000798354,,0001193125-25-115093;0001193125-25-274207;0001193125-26-279561,
0000798941,,0001193125-26-039499,
0000799127,,0001193125-25-292302,
0000799167,1417,,
0000799292,864,,
0000800166,,,0001143313-26-000018
0000800240,1421,,0001354457-25-001240
0000801337,592,,
0000802481,545,,
0000804269,,0001193125-25-321020,
0000804328,31,,
0000805676,1092,,
0000806633,,0001193125-26-304860,
0000806968,,0000947871-26-000368,
0000807707,,,0001354457-25-000266
0000808326,,,0001354457-25-000150
0000808362,,0001193125-26-147713,
0000809844,,,0000876661-26-000512
0000810136,1386,,
0000811030,,0000894189-24-003335;0000894189-24-005496;0000894189-25-000248;0000894189-25-011415;0000894189-26-003294;0000894189-26-018012,
0000811156,353,,
0000811240,,,0001354457-24-000647
0000811589,1354,,
0000812011,687,,
0000812074,1264,,
0000812427,,0001628280-25-012820,
0000813672,113,,
0000813762,622,,
0000813828,,,0001354457-25-000781
0000814453,975,,
0000814547,213,,
0000815097,362,,
0000815556,204,,
0000816153,,0001999371-26-007310,
0000816761,1052,,
0000816956,1251,,
0000817720,1000,,
0000818479,774,,
0000818686,347,,
0000819793,1087,,
0000820027,199,,
0000820096,,0001193125-24-233869,
0000820313,106,,
0000820892,,0001193125-26-225553,
0000821026,1323,,
0000821189,114,,
0000821483,1414,,
0000822416,278,,
0000822663,876,,
0000822818,463,,
0000823768,103,,
0000824142,659,,
0000824410,1470,,0001354457-25-000262
0000825345,,,0000876661-25-000250
0000825542,883,,
0000827052,258,,
0000827054,175,,
0000827187,,,0001354457-26-000682
0000827876,963,,
0000828944,1007,,
0000829224,93,,
0000831001,69,,
0000831114,,0000894189-24-003602;0000894189-24-006506;0000894189-24-006919;0000894189-24-007381;0000894189-25-001055;0000894189-25-004904;0000894189-25-005517;0000894189-25-009224;0000894189-25-010519;0000894189-25-016598;0000894189-25-018051;0000894189-26-017712;0001398344-25-006733;0001398344-25-008152,
0000831259,133,,
0000831641,504,,
0000832101,406,,
0000832428,,0001193125-25-300330,
0000832988,952,,
0000833021,,,0000876661-26-000546
0000833079,651,,
0000833444,172,,
0000833640,911,,
0000834365,,,0001354457-26-000952
0000835011,1344,,
0000835324,1332,,
0000835948,,,0000876661-26-000156
0000836147,,,0001354457-26-000225
0000836157,1473,,
0000836267,,0001999371-25-011550,
0000836906,,0000836906-26-000193;0001683863-25-002458;0001683863-25-005048;0001683863-25-005455;0001683863-25-005456;0001683863-25-005457,
0000837852,,,0001354457-24-000652
0000839122,,,0001143313-25-000038
0000839923,,0001104659-24-076068;0001104659-26-075475,
0000840489,828,,
0000842023,464,,
0000842162,686,,
0000842180,,0001193125-25-005978;0001193125-26-087344;0001193125-26-214011;0001193125-26-214054,
0000842517,,0000842517-25-000102,
0000842518,,,0001143313-25-000023
0000844150,,0000950103-24-012260;0000950103-25-006383;0000950103-26-003150;0000950103-26-009216,
0000845379,,,0000876661-25-000824
0000845606,,,0000876661-26-000510
0000845877,,0000845877-25-000220;0000845877-26-000111,
0000846475,,,0001354457-26-000080;0001354457-26-000081
0000846596,,,0000876661-24-001088
0000847411,,,0000876661-26-000514
0000849395,,0001193125-24-144045;0001193125-24-144050;0001193125-25-004258;0001193125-25-004260;0001193125-25-235983,
0000849399,398,,
0000849869,793,,
0000850141,1455,,
0000850209,1106,,0000876661-25-000643
0000851170,,,0000876661-26-000548
0000851205,591,,
0000851310,1356,,
0000851520,803,,
0000851968,536,,
0000852772,,,0001354457-26-000051
0000853816,693,,
0000855658,655,,
0000856982,832,,
0000857005,327,,
0000857855,961,,
0000857949,,,0000876661-25-000805
0000858470,356,,0000876661-26-000399
0000858655,,,0001354457-24-000884
0000858877,33,,
0000859737,360,,0001354457-26-000329
0000860413,1017,,
0000860730,89,,
0000860731,306,,
0000860748,917,,
0000861459,1072,,
0000861842,1034,,
0000861878,797,,0001354457-24-000847
0000861884,385,,
0000861929,,0002071844-26-000866,
0000862084,,0001683863-25-000277;0001683863-25-000278,
0000863064,,0001104659-25-023810,
0000863436,1351,,
0000864270,,0001193125-24-182610;0001193125-24-186781;0001193125-24-230133;0001193125-25-059851;0001193125-25-129491;0001193125-25-151229;0001193125-25-243786,
0000864749,454,,
0000865752,157,,
0000866095,,,0000876661-25-000761
0000866256,,0000897069-24-002272;0000897069-24-002274,
0000866291,861,,
0000866374,466,,
0000866706,1047,,
0000866787,158,,
0000867773,,,0001354457-24-000708
0000868278,,,0001354457-26-000084
0000868671,823,,
0000868780,1049,,
0000869428,,0001104659-24-064757;0001104659-24-066144,
0000870780,,,0000876661-26-000363
0000871763,962,,
0000873303,452,,
0000874015,664,,
0000874238,973,,
0000874499,1121,,
0000874716,215,,
0000874761,468,,
0000874766,247,,
0000874866,813,,
0000875045,255,,
0000875186,,0001193125-24-244129,
0000875320,64,,
0000875357,704,,
0000876167,1159,,
0000876378,,,0001143313-24-000087
0000876437,708,,
0000876717,,,0001143313-26-000027
0000876779,,,0001354457-26-000210
0000877212,374,,
0000877422,,,0001354457-25-000931
0000878719,,0001398344-24-023135;0001398344-26-012188,
0000878927,185,,
0000879169,472,,
0000879361,,,0000876661-26-000152
0000879407,981,,
0000879947,,0001193125-25-255400,
0000880266,671,,
0000880631,1336,,
0000880641,,0001193125-25-022027,
0000880984,,0001641172-25-020658,
0000882095,88,,
0000882184,145,,
0000882361,,,0001354457-25-000704
0000882796,1427,,
0000882835,147,,
0000883107,,0001999371-25-003881,
0000883237,1385,,
0000883241,95,,
0000883948,959,,
0000883984,1059,,
0000884614,817,,
0000884713,,,0000876661-24-001059
0000884887,208,,
0000885245,1237,,
0000885550,679,,
0000885590,1226,,
0000885639,1183,,
0000885725,80,,
0000885731,,,0000876661-26-000038
0000885732,,,0000876661-26-000040
0000885740,,,0001354457-25-001277
0000885978,1437,,
0000886163,1297,,
0000886346,916,,
0000886744,1099,,
0000886982,50,,
0000887028,,0001104659-25-023810,
0000887151,,0001213900-25-013797,
0000887343,794,,
0000887359,1171,,
0000887394,,,0000876661-26-000154
0000887596,1291,,
0000887936,626,,
0000889284,,0001398344-25-022109;0001398344-26-004171;0001398344-26-004981,
0000889331,709,,
0000889353,,0001096906-26-000203,
0000889900,895,,
0000890447,,,0001354457-25-000050
0000890540,,0001398344-24-017881;0001398344-24-023370;0001398344-25-009182;0001398344-25-022611,
0000890926,779,,
0000891014,1155,,
0000891024,1224,,0001354457-25-000337
0000891103,537,,
0000891478,,0000950103-24-010280;0000950103-24-011880;0000950103-25-014410;0000950103-26-005859;0000950103-26-008497;0001193125-25-010795,
0000891944,,0000897069-24-002309,
0000892553,684,,0000876661-26-000623
0000893538,809,,
0000894081,,,0001354457-25-000328
0000894189,,0000894189-25-001890,
0000894242,,,0000876661-26-000150
0000894405,1080,,
0000894556,,0001640334-25-002235,
0000895419,1188,,0000876661-25-000713
0000895421,49,,
0000895574,,,0001143313-26-000039
0000896159,76,,
0000896262,1037,,0001354457-25-000816;0001354457-25-000817
0000896429,,,0001354457-26-000420
0000896622,546,,
0000896878,38,,
0000897077,1202,,
0000897111,,0000898432-25-000738;0000898432-26-000570,
0000897269,,,0000876661-26-000148
0000897723,909,,
0000898173,131,,
0000898174,426,,
0000898293,465,,
0000899051,187,,
0000899460,1405,,
0000899782,,,0000876661-26-000365
0000899923,1150,,
0000900075,166,,
0000901491,1443,,
0000901832,,0001104659-26-005772;0001104659-26-005799;0001104659-26-022824,
0000902739,,0001193125-24-227012,
0000903129,1350,,
0000906163,283,,
0000906345,,0001193125-25-323874,
0000906465,1499,,
0000906553,763,,
0000907242,1440,,
0000907246,,0001140361-24-024963;0001193125-25-028665;0001193125-25-173594;0001193125-26-059607,
0000907471,1357,,
0000908255,615,,
0000908315,1465,,
0000908937,459,,
0000909108,,,0001354457-26-000360
0000909327,,0001410578-25-002069,
0000909832,16,,
0000910073,,0000910073-25-000143;0000910073-25-000144,
0000910267,,,0001354457-25-000977
0000910521,310,,
0000910631,,0001104659-25-044995,
0000911216,,0001493152-26-025609,
0000911360,,0001104659-25-044995,
0000911971,,0001193125-24-230165,
0000912093,1345,,
0000912463,1497,,0000876661-26-000060
0000912562,1213,,
0000912603,,,0001354457-25-000635
0000912615,896,,
0000912766,1184,,
0000912767,609,,
0000912900,,0001398344-25-006495;0001398344-26-011069,
0000913142,948,,
0000913144,481,,
0000913241,1012,,
0000913760,1127,,
0000914156,1165,,
0000914208,629,,
0000914475,439,,
0000914712,,,0001354457-25-000006
0000915358,,,0001354457-25-000742
0000915389,483,,
0000915802,,0001398344-24-012525,
0000915912,,,0000876661-26-000689
0000915913,512,,
0000916076,233,,
0000916365,271,,
0000916490,,0001398344-26-006454,0001143362-25-000329
0000916540,725,,
0000916620,,0001193125-25-177944;0001193125-25-177953;0001193125-26-115625,
0000916789,1481,,
0000917273,783,,
0000917470,,,0001354457-26-000183
0000917491,,,0001354457-25-000699
0000917520,1311,,
0000917851,,0001292814-24-002594,
0000918646,565,,
0000918965,1498,,
0000919012,894,,
0000919160,,0001213900-25-119885;0001213900-25-119887;0001213900-25-119889;0001213900-26-067571,
0000919465,,0001104659-25-113222,
0000920112,1199,,
0000920148,371,,
0000920371,612,,
0000921183,,,0001354457-24-000753
0000921738,1069,,
0000922224,321,,
0000923120,1396,,
0000923139,,,0001354457-26-000513
0000923796,1294,,
0000924717,,,0001354457-25-001154
0000924727,,0001104659-24-111049;0001213900-26-010731;0001213900-26-059386,
0000924805,821,,
0000924901,,,0000876661-26-000458
0000926326,1484,,
0000927003,889,,
0000927066,486,,
0000927434,,0001193125-24-198400,
0000927436,,0001193125-24-198400,
0000927445,,0001193125-24-198400,
0000927446,,0001193125-24-198400,
0000927447,,0001193125-24-198400,
0000927628,149,,
0000927653,105,,
0000927971,,0001214659-25-003145;0001214659-26-007017,
0000928658,,0001008886-24-000269,
0000929008,577,,
0000929351,,0001193125-25-113884;0001193125-26-101040,0000876661-25-000296
0000929869,,0000950157-25-000276,
0000930236,,0001104659-24-072505;0001104659-25-004244;0001104659-25-113832;0001104659-26-066968,
0000930245,,0001472375-25-000058,
0000930420,1479,,
0000931015,862,,
0000931584,,,0001354457-25-000037
0000932696,654,,
0000933036,1267,,
0000933136,762,,0001354457-25-000970
0000933738,,,0001354457-25-000490
0000933974,1010,,
0000935036,873,,
0000935703,317,,
0000936340,301,,
0000936395,638,,
0000936468,63,,
0000936528,1088,,
0000937098,818,,
0000937556,768,,0001354457-26-000556
0000939767,689,,
0000940944,390,,
0000943452,273,,
0000943819,254,,
0000943890,,0000950157-25-000276,
0000944148,995,,
0000944480,,,0001354457-24-000842
0000944695,834,,
0000945114,1486,,
0000945841,437,,
0000945908,,0000945908-24-000512;0000945908-24-000513;0000945908-26-000038;0000945908-26-000143;0000945908-26-000208,
0000946581,291,,
0000946647,,,0001354457-25-000152
0000946673,1276,,
0000947484,237,,
0000947559,,,0000876661-25-000246
0000949039,1363,,0000876661-24-000811
0000949157,1463,,
0001000228,562,,
0001000694,1342,,
0001000697,343,,
0001000753,938,,
0001001233,,,0001354457-26-000959
0001001316,1066,,
0001001838,99,,
0001001902,,,0001354457-25-000257
0001002047,288,,
0001002910,331,,
0001003078,829,,
0001004315,,0001193125-26-268812,
0001004434,756,,
0001004980,,0001193125-24-271594,
0001004989,,,0001354457-26-000934
0001005201,,,0001354457-26-000582
0001005284,524,,
0001005757,1467,,0001354457-26-000450;0001354457-26-000465
0001008586,,,0001354457-25-000807
0001008654,,,0000876661-24-000918
0001009759,,0001104659-26-080972,
0001010324,,0001193125-24-198400,
0001010326,,0001193125-24-198400,
0001010337,,0001193125-24-198400,
0001010338,,0001193125-24-198400,
0001011509,,,0000876661-24-001175
0001012019,,0001437749-26-022151,
0001012100,785,,0000876661-26-000345
0001012477,1403,,0001354457-26-000172
0001013237,407,,
0001013462,279,,0001354457-25-000689
0001013605,,0001193125-26-080409,
0001013857,753,,
0001013871,408,,
0001013934,1139,,
0001014473,369,,
0001014739,820,,
0001015328,701,,
0001015551,,0001140361-24-024963;0001193125-25-028665;0001193125-25-173594;0001193125-26-059607,
0001015820,,,0000876661-26-000016;0000876661-26-000033
0001017491,,,0001354457-25-000282
0001018170,,0001193125-26-274329,
0001018399,,,0001354457-25-000601
0001018724,4,,
0001018840,642,,
0001018963,598,,
0001019849,499,,
0001020425,,0001193125-24-140652;0001193125-24-140659,
0001021162,,,0000876661-25-000530
0001021635,628,,
0001021860,605,,
0001022079,404,,
0001022408,1163,,
0001022671,332,,
0001023128,639,,
0001023459,,,0001354457-26-000953
0001024305,585,,
0001024478,253,,
0001024795,1418,,
0001025835,1295,,
0001027596,,0000894189-24-007708;0000894189-25-005485;0000894189-26-009818,
0001028918,1135,,0001354457-25-000860
0001029142,1442,,0001354457-26-000154
0001029145,,,0001354457-25-000829
0001029199,860,,
0001030469,1249,,
0001031203,838,,
0001031296,305,,
0001031623,,,0001354457-26-000053
0001032033,836,,
0001032208,165,,
0001032220,772,,
0001032423,,0001628280-25-042132,
0001032975,445,,
0001034670,611,,
0001035002,163,,
0001035201,1060,,
0001035267,51,,
0001035354,,0001193125-26-251780,
0001035983,491,,
0001037646,248,,
0001037676,1126,,0000876661-25-000024
0001037868,210,,
0001037976,489,,
0001038074,937,,
0001038186,,,0000876661-26-000101
0001039065,1154,,
0001039399,913,,
0001039684,171,,0000876661-26-000770
0001039765,,0001193125-25-062400;0001193125-26-119068,
0001039828,,0001104659-25-002592,
0001040573,,0001193125-24-227012,
0001040674,,0001040674-26-000018;0001104659-25-124239;0001104659-26-042690;0001104659-26-060977;0001104659-26-072772,
0001041061,230,,
0001041673,,0001193125-26-225558,
0001041803,1101,,
0001042046,513,,
0001043219,,0001193125-25-174940,
0001043277,528,,
0001043604,477,,0000876661-25-000489
0001045610,,0001104659-24-057788;0001104659-24-057789;0001104659-25-091839,
0001045810,3,,
0001046102,429,,
0001046257,607,,
0001046311,737,,
0001046568,1381,,
0001047127,614,,
0001047335,1261,,
0001047716,,0001213900-24-062322,
0001047862,244,,
0001048268,1054,,
0001048286,134,,
0001048477,403,,
0001048695,488,,
0001048911,111,,
0001049502,596,,
0001049521,1257,,
0001049782,,,0001354457-25-000861
0001050377,1321,,
0001050446,,0001193125-25-020903;0001193125-25-062618;0001193125-25-138505;0001193125-25-168091,
0001050797,848,,
0001050825,,,0000876661-25-000952
0001050915,220,,
0001051512,1185,,
0001052752,1387,,
0001053352,,,0001354457-26-000355
0001053507,,0001053507-24-000097;0001053507-25-000111;0001053507-26-000118,
0001053584,,,0001354457-24-000547
0001054905,1026,,
0001056285,,,0001354457-26-000324
0001056696,411,,
0001056903,1062,,
0001057352,252,,
0001057706,977,,
0001057877,833,,
0001058090,110,,
0001058290,228,,
0001058623,,,0001354457-25-000698
0001058867,,,0000876661-25-000730
0001059556,100,,
0001060391,140,,
0001060822,1238,,
0001061027,,,0001354457-25-000630
0001061219,135,,
0001061983,732,,
0001064641,,0001193125-25-167572,
0001064642,,0001193125-24-142413;0001193125-24-212807;0001193125-25-224978;0001193125-25-274616;0001193125-26-278815,
0001064728,1102,,
0001064798,,0001193125-24-198400,
0001064799,,0001193125-24-198400,
0001064801,,0001193125-24-198400,
0001064802,,0001193125-24-198400,
0001064803,,0001193125-24-198400,
0001064804,,0001193125-24-198400,
0001064805,,0001193125-24-198400,
0001064806,,0001193125-24-198400,
0001064807,,0001193125-24-198400,
0001064809,,0001193125-24-198400,
0001064844,,0001193125-24-198400,
0001064846,,0001193125-24-198400,
0001064853,,0001193125-24-198400,
0001064854,,0001193125-24-198400,
0001064855,,0001193125-24-198400,
0001064858,,0001193125-24-198400,
0001064862,,0001193125-24-198400,
0001064865,,0001193125-24-198400,
0001064866,,0001193125-24-198400,
0001064871,,0001193125-24-198400,
0001065059,,0001065059-24-000035;0001628280-25-054898,
0001065088,274,,
0001065280,22,,
0001065696,515,,
0001065837,,,0000876661-25-000654
0001066605,,,0001354457-25-001242
0001066764,,0001493152-26-007444,
0001067701,167,,
0001068851,680,,
0001069157,480,,
0001069183,315,,
0001069202,333,,
0001069258,1009,,
0001069878,570,,
0001070081,1138,,
0001070235,1453,,
0001070412,928,,
0001070423,467,,
0001070494,1050,,
0001071255,,,0001354457-26-000392
0001071371,,0001193125-24-167058,
0001071739,206,,
0001071899,,,0000876661-26-000112
0001073404,,0001104659-25-057798,
0001075124,,0001193125-25-033375;0001193125-25-057919,
0001075531,66,,
0001076378,,0001193125-26-261988,
0001076930,717,,
0001077183,1212,,
0001077428,1067,,
0001078075,1445,,
0001078271,1322,,
0001082038,,,0001354457-25-000885
0001082324,,0001140361-25-035702,
0001082554,444,,
0001083301,1468,,
0001083441,,0001193125-24-198400,
0001083446,1084,,
0001084048,1229,,
0001085869,1125,,0001354457-24-000739
0001086222,423,,
0001086745,,0001641172-25-021928,
0001087786,,,0000876661-26-000361
0001088856,925,,
0001089113,,0001193125-24-141570;0001193125-24-260818;0001193125-24-261630;0001193125-25-043858;0001193125-25-118867;0001193125-25-200040;0001193125-25-268653;0001193125-26-100108;0001193125-26-219517,
0001089907,,,0001354457-26-000325
0001090012,262,,
0001092699,619,,
0001093557,281,,
0001093691,1330,,
0001094285,348,,
0001095073,391,,
0001096012,,0000809593-26-000049;0001133228-25-003737,
0001096343,326,,
0001096752,1307,,
0001097149,387,,
0001097864,245,,
0001099219,153,,
0001099590,96,,
0001099800,226,,
0001100663,,0001193125-24-143709;0001193125-24-143716;0001193125-24-158001;0001193125-24-169991;0001193125-24-178341;0001193125-24-206798;0001193125-24-227468;0001193125-24-240944;0001193125-24-240947;0001193125-24-249574;0001193125-24-253843;0001193125-24-272139;0001193125-24-285689;0001193125-25-002646;0001193125-25-053910;0001193125-25-059967;0001193125-25-059972;0001193125-25-059977;0001193125-25-064800;0001193125-25-065225;0001193125-25-078793;0001193125-25-142571;0001193125-25-154443;0001193125-25-217928;0001193125-25-261831;0001193125-25-284111;0001193125-25-313578;0001193125-26-056780;0001193125-26-080041;0001193125-26-107465;0001193125-26-107468;0001193125-26-107475;0001193125-26-127808;0001193125-26-135806;0001193125-26-214490;0001193125-26-297007,
0001100682,470,,
0001101215,1112,,
0001101239,,0001104659-24-096412;0001104659-24-122146;0001104659-25-050475,
0001101302,378,,
0001101680,,,0001354457-24-000787
0001102993,,,0001354457-26-000857
0001103982,91,,
0001104485,891,,
0001104506,518,,
0001104657,1161,,
0001106838,,,0001354457-25-001201
0001107414,,0001193125-26-038649,
0001107843,788,,
0001108426,953,,
0001108524,23,,
0001109354,542,,
0001109357,232,,
0001110611,,,0000876661-26-000313
0001110803,349,,
0001111335,1042,,
0001111485,1359,,
0001111711,441,,
0001111928,979,,
0001113169,294,,
0001113232,918,,
0001114483,930,,
0001114927,,0001114927-26-000041,
0001114995,882,,
0001115055,647,,0001354457-26-000004
0001116132,563,,
0001116942,1296,,
0001117480,,,0001354457-25-000340
0001119639,,0001104659-24-099822;0001104659-25-089028,
0001120193,219,,
0001120914,1482,,
0001121788,246,,
0001122976,915,,
0001123360,289,,
0001124140,597,,0001354457-26-000277
0001124198,603,,
0001124941,714,,0001354457-25-000356
0001125259,,,0000876661-26-000402
0001125376,617,,
0001126234,,,0001354457-24-000929
0001126328,358,,
0001126956,941,,
0001127703,,,0000876661-26-000573
0001128361,1397,,
0001128928,852,,
0001129137,,0001140361-25-023080,
0001129155,,,0000876661-26-000437
0001130310,379,,
0001130464,920,,
0001130713,,0001140361-25-037402,
0001131399,,0001193125-25-053835;0001193125-25-053838,
0001131554,,,0001354457-26-000179
0001133421,120,,
0001133470,,,0001354457-26-000505
0001133818,,,0001354457-25-000650
0001136174,,,0001354457-25-000922
0001136869,313,,
0001136893,198,,
0001136970,,0001193125-24-198400,
0001136976,,0001193125-24-198400,
0001136978,,0001193125-24-198400,
0001136979,,0001193125-24-198400,
0001136980,,0001193125-24-198400,
0001136982,,0001193125-24-198400,
0001136983,,0001193125-24-198400,
0001136985,,0001193125-24-198400,
0001136986,,0001193125-24-198400,
0001136988,,0001193125-24-198400,
0001137091,,0001193125-24-284327,
0001137360,,0001137360-24-000514;0001137360-24-000647;0001137360-25-000334;0001137360-25-000470;0001137360-25-000472;0001137360-26-000159;0001137360-26-000327;0001137360-26-000328;0001137360-26-000329;0001137360-26-000540;0001137360-26-000578;0001137360-26-000580;0001137360-26-000582;0001137360-26-000632;0001137360-26-000655;0001137360-26-000657;0001137360-26-000659;0001137360-26-000661,
0001137390,,,0000876661-26-000103
0001137391,,,0000876661-26-000099
0001137393,,,0000876661-26-000110
0001137547,,,0001354457-26-000318
0001137774,188,,
0001137789,325,,
0001137883,,,0001354457-25-001006
0001138118,242,,
0001138639,1466,,0001354457-25-000146;0001354457-25-000147
0001138978,,,0001354457-25-000428
0001139191,,0001104659-25-072239;0001104659-25-099757,
0001139193,,0001104659-25-072239;0001104659-25-099757,
0001139197,,0001104659-25-072239;0001104659-25-099757,
0001139414,,0001104659-25-072239;0001104659-25-099757,
0001139685,,0001213900-26-016361,
0001140215,,0001493152-25-024395,
0001140392,,,0000876661-25-000552
0001140410,,,0000876661-25-000556
0001140536,270,,
0001140859,176,,
0001141103,,,0001354457-26-000712
0001141284,,,0001354457-26-000684
0001141819,,0000894189-24-004704,
0001142417,740,,
0001142750,1145,,
0001144215,630,,
0001144980,798,,
0001145022,,0000894189-25-002119;0000894189-26-021260;0000894189-26-021261,
0001145197,449,,
0001145986,1410,,
0001156039,70,,
0001156388,,,0001354457-25-000978
0001157062,,0001193125-24-198400,
0001157065,,0001193125-24-198400,
0001157066,,0001193125-24-198400,
0001157068,,0001193125-24-198400,
0001157069,,0001193125-24-198400,
0001157071,,0001193125-24-198400,
0001157074,,0001193125-24-198400,
0001157078,,0001193125-24-198400,
0001157079,,0001193125-24-198400,
0001157080,,0001193125-24-198400,
0001157081,,0001193125-24-198400,
0001157082,,0001193125-24-198400,
0001157089,,0001193125-24-198400,
0001157092,,0001193125-24-198400,
0001157099,,0001193125-24-198400,
0001157103,,0001193125-24-198400,
0001157116,,0001193125-24-198400,
0001157119,,0001193125-24-198400,
0001157123,,0001193125-24-198400,
0001157139,,0001193125-24-198400,
0001157154,,0001193125-24-198400,
0001157157,,0001193125-24-198400,
0001157188,,0001193125-24-198400,
0001157191,,0001193125-24-198400,
0001157194,,0001193125-24-198400,
0001157206,,0001193125-24-198400,
0001157222,,0001193125-24-198400,
0001157408,1022,,
0001157601,742,,
0001158324,999,,
0001158449,946,,
0001158463,1220,,
0001158823,,0001193125-24-198400,
0001158824,,0001193125-24-198400,
0001158895,1302,,
0001159036,673,,
0001159152,,0001193125-25-144057,
0001159167,,,0001354457-26-000045
0001160106,,0000950103-24-007909;0000950103-24-016794;0000950103-25-007392;0000950103-25-014277;0000950103-26-001942,
0001160709,,0001193125-26-211794,
0001160791,,,0001143313-26-000042
0001161728,1044,,
0001162461,,,0001354457-25-000682
0001163165,62,,
0001163302,561,,0000876661-25-000453;0000876882-25-000016
0001163653,,0001104659-25-101894,
0001164727,151,,
0001164863,974,,
0001166003,456,,
0001166258,,,0000876661-25-000724
0001166388,1217,,0001354457-25-001189
0001166691,,0001193125-24-227012,
0001167419,1081,,
0001167581,,0001193125-24-260647,
0001167583,,0001193125-24-141415;0001193125-24-265052,
0001168164,,0001193125-24-212804,
0001168744,,0001193125-24-198400,
0001168745,,0001193125-24-198400,
0001168746,,0001193125-24-198400,
0001168748,,0001193125-24-198400,
0001168749,,0001193125-24-198400,
0001168750,,0001193125-24-198400,
0001168751,,0001193125-24-198400,
0001168753,,0001193125-24-198400,
0001169445,,,0001354457-26-000655
0001169446,,0001292814-24-002594,
0001169561,705,,
0001169770,1230,,
0001170010,461,,
0001170300,,,0000876661-25-000560
0001172222,,,0001354457-24-000688
0001173382,,0001173382-26-000037,
0001173420,1392,,
0001174610,,0001174610-26-000114;0001174610-26-000161;0001174610-26-000294;0001174610-26-000393;0001174610-26-000436;0001174610-26-000460;0001193125-26-007702;0001193125-26-029680;0001683863-24-004168;0001683863-24-005130;0001683863-25-002084;0001683863-25-002884;0001683863-25-005269;0001683863-25-005270;0001683863-25-005730;0001683863-25-005731;0001683863-25-006455;0001683863-25-006644;0001683863-25-006877;0001683863-25-007217;0001683863-25-007390,
0001174850,1428,,
0001174922,560,,
0001175454,334,,
0001175535,,,0000876661-26-000617
0001176194,,,0000876661-26-000106
0001176948,177,,
0001177161,,,0001143313-25-000076
0001177162,,,0001143313-25-000078
0001177394,534,,
0001177609,927,,
0001177702,510,,
0001178670,260,,
0001178879,1065,,0001354457-26-000371
0001178970,1460,,
0001179929,342,,
0001181187,,,0000876661-26-000108
0001181412,,0001628280-26-042107;0001628280-26-042109,
0001181504,,,0000876661-25-000562
0001181505,,,0000876661-25-000558
0001181506,,,0000876661-25-000554
0001183765,,,0001354457-25-000447
0001192448,757,,
0001195734,,,0001354457-25-001054
0001199046,,0001580642-24-002985,
0001210618,,,0001354457-25-000577
0001210677,1158,,
0001210708,,0001193125-25-185222,
0001212545,579,,
0001213660,,,0001354457-25-000041
0001214816,723,,
0001218683,,0001213900-26-010849,
0001219601,521,,
0001220754,,,0001354457-25-000972
0001223026,,,0000876661-25-000619
0001223389,,,0001354457-24-000657
0001224462,,0001193125-25-053838,
0001224544,,0001193125-25-053835,
0001224608,947,,
0001230245,847,,
0001230869,,0001839882-24-046468;0001999371-24-010559;0001999371-25-003600,
0001230992,,,0001143313-25-000062
0001231346,,,0000876661-26-000507
0001232524,681,,
0001232582,,0001104659-25-121402,
0001232860,,,0000876661-25-000212
0001237831,548,,
0001253689,,0001104659-25-060714,
0001257640,1472,,
0001258943,,,0000876661-25-000621
0001260221,115,,
0001261333,505,,
0001262039,192,,
0001262823,359,,
0001262976,1200,,
0001263364,,0001493152-26-031512,
0001265131,1246,,
0001267238,569,,
0001267395,,0001628280-24-049282;0001628280-25-023145,0000876661-26-000166
0001267602,,,0001354457-24-000679
0001267813,,,0001354457-25-000089
0001273685,,0001104659-24-076267;0001104659-25-003444;0001104659-25-066413;0001104659-26-003323,
0001273813,880,,
0001274173,752,,0000876661-26-000587
0001274494,312,,
0001275014,1304,,
0001275283,,0001628280-25-012610;0001628280-25-042321,
0001276187,152,,
0001276469,,,0000876661-24-000868
0001276520,1079,,
0001278021,594,,
0001280058,919,,
0001280263,1245,,
0001280452,201,,
0001280784,991,,
0001281761,337,,
0001281895,1234,,
0001282637,802,,
0001282850,,,0000876661-26-000668
0001282860,,0001193125-24-198400,
0001282861,,0001193125-24-198400,
0001282862,,0001193125-24-198400,
0001282863,,0001193125-24-198400,
0001283699,29,,
0001284812,893,,
0001285785,552,,
0001285786,,,0001143313-25-000088
0001286681,422,,
0001287032,1210,,
0001287750,460,,
0001288847,1019,,
0001289308,887,,
0001289419,450,,
0001289460,498,,
0001289636,,,0001354457-25-000007
0001289848,1298,,
0001289850,,,0001354457-25-000373
0001290476,,,0001354457-25-000261
0001293282,,0001193125-24-269342,0001354457-24-000903
0001293525,,0001104659-25-072239;0001104659-25-099757,
0001293818,,,0001354457-25-000794
0001293971,,,0001354457-25-000482
0001295401,1118,,
0001295810,1256,,
0001295947,985,,
0001296445,858,,
0001297107,,0000950170-25-091975,
0001297184,1250,,
0001297989,766,,
0001298699,,,0000876661-26-000296
0001298946,,0001298946-25-000098,
0001299969,,0001299969-25-000014,
0001300514,267,,
0001300734,,,0001354457-25-001165
0001301236,,,0001354457-26-000174
0001302028,,,0001354457-25-000002
0001302624,,,0000876661-24-000870
0001303523,,0001628280-25-012610;0001628280-25-042321,
0001303942,,,0001354457-26-000002
0001304280,,0001193125-24-154119,
0001304421,,,0001354457-24-000967
0001305168,,,0000876661-24-001102
0001305767,,,0000876661-25-000763
0001306830,415,,
0001306965,,0000950157-24-001369;0001193125-25-269762;0001193125-26-288450,
0001307954,912,,
0001309082,,,0001143362-24-000256
0001309108,643,,
0001311370,782,,
0001313275,,,0001354457-25-000069
0001314414,,0001580642-24-003406;0001580642-24-003640;0001580642-25-007164;0001580642-26-003113,
0001314497,,0001628280-25-012820,
0001314498,,0001628280-25-012820,
0001314499,,0001628280-25-012820,
0001314502,,0001628280-25-012820,
0001314503,,0001628280-25-012820,
0001314506,,0001628280-25-012820,
0001314511,,0001628280-25-012820,
0001314512,,0001628280-25-012820,
0001314513,,0001628280-25-012820,
0001314514,,0001628280-25-012820,
0001314727,1369,,
0001315098,284,,
0001316835,339,,
0001317685,,0001628280-25-044400,
0001318220,183,,
0001318568,,,0000876661-25-000476
0001318605,7,,
0001319067,,0001999371-24-009422,
0001319643,,0001199835-25-000044,
0001320414,819,,0000876661-26-000585
0001320695,1255,,0000876661-26-000121
0001320760,,0001437749-24-034652,
0001321655,142,,
0001321732,718,,
0001323468,1476,,
0001323993,,0001193125-24-233869,
0001324404,443,,
0001324424,396,,
0001324948,593,,
0001326110,978,,
0001326160,97,,
0001326200,,0001140361-25-036924,
0001326380,623,,
0001327318,,,0001354457-26-000067
0001327567,82,,
0001328581,776,,
0001329377,,0001445546-24-006680;0001445546-24-006682;0001445546-25-002354;0001445546-25-002356;0001445546-25-004338;0001445546-25-006467;0001445546-26-000180;0001445546-26-001475;0001445546-26-002794;0001445546-26-002799;0001445546-26-004548;0001445546-26-004823,
0001331421,,0001493152-24-039074;0001493152-26-028933,
0001331520,769,,
0001331875,420,,
0001332349,1431,,
0001333986,440,,
0001334036,608,,
0001334933,1181,,
0001335258,318,,
0001336050,,,0000876661-25-000216
0001336706,,0001104659-25-011697,
0001336920,350,,
0001337619,1003,,0000876661-24-001106
0001337634,,0001193125-25-202200,
0001338749,,,0001354457-26-000123
0001338940,,0001178913-25-001194,
0001339605,1315,,0001354457-25-000481
0001341439,12,,
0001341766,516,,
0001342947,,0001213900-25-101104,
0001343793,,,0000876661-26-000146
0001345016,1170,,
0001345125,,0001999371-26-001909,
0001345126,1335,,
0001346830,,0001104659-25-035121,
0001347242,,,0001354457-25-000985
0001347491,,0001347491-26-000004,
0001348911,,,0001354457-26-000565
0001350487,,0001214659-25-005009;0001214659-25-005010;0001214659-25-008960;0001214659-25-009758;0001214659-25-010078;0001214659-25-010666;0001214659-25-010667;0001214659-25-014557;0001214659-25-017807;0001214659-25-018047;0001214659-26-002854;0001214659-26-002856;0001214659-26-002857;0001214659-26-005427;0001214659-26-005874;0001214659-26-008184,
0001350593,1035,,
0001350653,1458,,
0001352010,475,,
0001353283,286,,
0001355444,,0001193125-25-024217;0001193125-25-237869,
0001356115,,0001437749-25-027183,
0001356570,,,0000876661-25-000781
0001356576,1378,,
0001357615,578,,
0001359057,,0000894189-24-004830;0000894189-24-004860;0000894189-24-005139;0000894189-24-005551;0000894189-25-000728;0000894189-25-016706,
0001359841,1263,,0000876661-25-000928
0001361113,733,,
0001361538,1071,,
0001361658,1036,,
0001362004,1105,,
0001363829,835,,0001354457-25-000610
0001364479,885,,
0001364608,,0001445546-24-007856;0001445546-25-005104;0001445546-25-007257;0001445546-26-004849;0001445546-26-005266,
0001364742,61,,0000876661-24-000908
0001364885,903,,0000876661-25-000941
0001364907,,0001193125-24-198400,
0001364908,,0001193125-24-198400,
0001364909,,0001193125-24-198400,
0001364910,,0001193125-24-198400,
0001364911,,0001193125-24-198400,
0001364912,,0001193125-24-198400,
0001364913,,0001193125-24-198400,
0001364914,,0001193125-24-198400,
0001364915,,0001193125-24-198400,
0001364916,,0001193125-24-198400,
0001364917,,0001193125-24-198400,
0001364918,,0001193125-24-198400,
0001365135,926,,
0001365371,,0001193125-24-198400,
0001366561,703,,0000876661-25-000046
0001366868,,0001366868-25-000025,
0001368514,1094,,
0001368622,825,,
0001369568,1277,,0001354457-26-000694
0001370637,636,,
0001370946,400,,
0001371285,1407,,
0001372020,,,0001354457-26-000316
0001373670,1021,,
0001373715,48,,
0001375365,203,,
0001376139,1090,,
0001377121,1235,,
0001378325,,0001193125-25-140839,
0001378872,,0001193125-24-166503;0001193125-24-266908;0001193125-24-272195;0001193125-26-058418;0001193125-26-103244,
0001378992,645,,0000876661-25-000291
0001381074,,,0001354457-25-000796
0001381668,945,,
0001382230,,,0001354457-25-000736
0001382821,,,0001354457-25-000602
0001383312,299,,
0001383650,293,,
0001383951,,0001104659-25-101894,
0001384101,1329,,
0001385157,179,,0000876661-24-000890
0001385280,,0001193125-25-182334,
0001385590,,0001104659-25-008107;0001104659-25-045100,
0001388126,,,0001143313-25-000069
0001388485,,0001829126-25-001462;0001829126-25-005457;0001829126-26-003341;0001829126-26-003342;0001829126-26-003343;0001829126-26-003346;0001829126-26-003596,
0001388658,1119,,
0001389002,,,0001354457-25-000720
0001389050,1033,,
0001389170,261,,
0001390777,,0001193125-25-056677,
0001391127,,0001193125-24-156805,0001354457-24-000792
0001392272,,0001193125-24-230875,
0001392972,,,0000876661-25-000950
0001392994,,,0000876661-25-000469
0001393052,256,,
0001393311,,0001193125-25-230453;0001193125-26-309607,
0001393434,1491,,
0001393584,1189,,
0001393612,235,,0000876661-25-000350
0001393818,85,,
0001395937,1310,,
0001396009,234,,
0001396033,,,0000876661-24-000763
0001396092,,0001999371-24-013634,
0001396440,888,,
0001397047,,,0001354457-25-001131
0001397187,257,,
0001397702,,,0001354457-24-000684
0001397911,394,,
0001398659,729,,
0001398987,,,0000876661-26-000018
0001399073,,0001140361-24-024963;0001193125-25-028665;0001193125-25-173594;0001193125-26-059607,
0001399075,,0001140361-24-024963;0001193125-25-028665;0001193125-25-173594;0001193125-26-059607,
0001399076,,0001140361-24-024963;0001193125-25-028665;0001193125-25-173594;0001193125-26-059607,
0001399077,,0001140361-24-024963;0001193125-25-028665;0001193125-25-173594;0001193125-26-059607,
0001399078,,0001140361-24-024963;0001193125-25-028665;0001193125-25-173594;0001193125-26-059607,
0001399079,,0001140361-24-024963;0001193125-25-028665;0001193125-25-173594;0001193125-26-059607,
0001399080,,0001140361-24-024963;0001193125-25-028665;0001193125-25-173594;0001193125-26-059607,
0001399081,,0001140361-24-024963;0001193125-25-028665;0001193125-25-173594;0001193125-26-059607,
0001399084,,0001140361-24-024963;0001193125-25-028665;0001193125-25-173594;0001193125-26-059607,
0001402057,266,,
0001402436,376,,
0001403161,,0001628280-25-025917,
0001403568,388,,
0001403708,,,0001354457-25-001278
0001404655,297,,
0001404912,78,,
0001405495,1057,,
0001406234,,0001104659-24-066968,
0001406528,,0000947871-26-000368,
0001406587,1389,,
0001407623,,,0001354457-25-000100
0001408075,572,,
0001408100,1452,,0000876661-26-000537
0001408198,200,,
0001408201,,,0000876661-24-001205
0001408710,620,,
0001408970,,0001829126-25-000308,
0001409493,,0001193125-24-144491;0001193125-24-202526;0001193125-25-204436,
0001409970,,0001409970-26-000129,
0001410384,922,,
0001410428,,0001104659-24-090344,
0001410636,276,,
0001411207,631,,
0001411579,1404,,
0001411688,,0001104659-24-107217,
0001412100,,,0001354457-25-000466
0001412408,1451,,
0001412665,,,0001354457-26-000184
0001413329,40,,
0001413447,128,,
0001413594,,0001104659-25-011447;0001104659-25-098696,
0001413837,,,0000876661-26-000308
0001413898,,0001193125-25-165929,0001354457-25-000944
0001414039,,0001580642-26-001067,
0001414040,,0001398344-25-006369;0001398344-25-022870;0001398344-25-022874;0001398344-25-022876;0001398344-25-022879;0001398344-26-002744,
0001414932,1439,,
0001415726,,0001013762-24-001335;0001013762-24-001336;0001013762-24-001338;0001013762-24-001340;0001013762-25-001500;0001013762-25-001501;0001213900-24-046938;0001213900-24-046939;0001213900-24-046943;0001213900-24-055268;0001213900-24-055269;0001213900-24-055270;0001213900-24-055271;0001213900-24-055273;0001213900-24-055276;0001213900-24-055278;0001213900-24-055279;0001213900-24-055280;0001213900-24-068712;0001213900-24-072421;0001213900-24-072422;0001213900-24-072423;0001213900-24-078161;0001213900-24-082176;0001213900-24-082177;0001213900-24-082178;0001213900-24-090599;0001213900-24-090603;0001213900-24-090607;0001213900-24-101939;0001213900-24-101940;0001213900-24-101941;0001213900-24-111828;0001213900-24-111830;0001213900-25-006853;0001213900-25-006856;0001213900-25-006857;0001213900-25-009494;0001213900-25-016575;0001213900-25-016576;0001213900-25-016579;0001213900-25-022702;0001213900-25-035428;0001213900-25-035429;0001213900-25-035430;0001213900-25-040841;0001213900-25-047183;0001213900-25-057307;0001213900-25-057309;0001213900-25-080654;0001213900-25-080657;0001213900-25-088622;0001213900-25-088627;0001213900-25-091729;0001213900-25-091731;0001213900-25-091734;0001213900-25-103458;0001213900-25-103459;0001213900-25-110754;0001213900-25-114234;0001213900-25-114238;0001213900-25-126151;0001213900-25-126153;0001213900-25-126155;0001213900-25-126160;0001213900-26-008775;0001213900-26-008777;0001213900-26-018489;0001213900-26-018491;0001213900-26-018492;0001213900-26-018494;0001213900-26-020225;0001213900-26-020228;0001213900-26-036449;0001213900-26-036450;0001213900-26-049149;0001213900-26-049154;0001213900-26-062197;0001213900-26-062199;0001213900-26-082841;0001213900-26-082842,
0001417398,1056,,0000876661-26-000115
0001417663,,0001628280-25-010972,
0001418135,181,,
0001418144,,0001193125-24-178884;0001193125-24-266904;0001193125-25-025770;0001193125-25-054736;0001193125-25-106921;0001193125-25-134561;0001193125-25-157433;0001193125-25-160936;0001193125-26-058385;0001193125-26-103241,
0001418819,1005,,
0001419041,,,0001354457-26-000824
0001419612,1371,,
0001420720,,0001104659-25-019406,
0001420800,1133,,
0001421642,,0001104659-26-010969,
0001422143,1398,,
0001422183,770,,
0001423689,,0001423689-25-000093,
0001423774,,,0000876661-25-000116
0001423902,413,,
0001424929,1222,,
0001424958,,0001193125-24-135877;0001193125-24-151247;0001193125-24-165632;0001193125-24-178223;0001193125-24-226749;0001193125-24-269652;0001193125-25-022507;0001193125-25-060270;0001193125-25-145610;0001193125-25-159828;0001193125-25-219970;0001193125-25-282218;0001193125-26-040814;0001193125-26-113575;0001193125-26-200552;0001193125-26-232260;0001193125-26-263180;0001193125-26-300525;0001193125-26-315581;0001193125-26-327370,0001143362-25-000241;0001143362-25-000372
0001425205,1177,,
0001426439,,0001999371-24-006022;0001999371-25-004640;0001999371-25-019862;0001999371-26-009211;0001999371-26-009221,
0001428336,690,,
0001428439,601,,
0001429560,,,0001354457-25-000296
0001430602,,0001193125-24-153016,
0001430723,890,,
0001431695,,,0000876661-25-000652
0001431959,,,0001354457-24-000709
0001432353,,0001432353-24-000385;0001432353-24-000445;0001432353-24-000469;0001432353-24-000502;0001432353-25-000294;0001432353-25-000295;0001432353-25-000317;0001432353-25-000355;0001432353-25-000358;0001432353-25-000382;0001432353-25-000486;0001432353-25-000501;0001432353-25-000524;0001432353-25-000571;0001432353-25-000589;0001432353-25-000637;0001432353-26-000039;0001432353-26-000044;0001432353-26-000065;0001432353-26-000300;0001432353-26-000522;0001432353-26-000576,
0001432364,,0001292814-26-003196;0001292814-26-003677,
0001433270,573,,
0001434588,863,,
0001434614,,,0000876661-25-000786
0001434868,,,0001354457-26-000668
0001435508,,,0001354457-26-000121
0001437107,329,,0001354457-26-000951
0001437352,1444,,
0001437402,1494,,
0001437578,678,,
0001438133,1186,,
0001438472,,0001628280-25-040054,
0001439095,,,0000876661-25-000846
0001439124,,0001292814-25-004367;0001292814-25-004369,
0001439222,1128,,
0001439288,781,,
0001440972,,0001062993-25-001029,
0001441683,1122,,
0001441816,366,,
0001442145,231,,
0001442836,,,0001354457-26-000008
0001443575,,0001829126-25-005893,
0001443611,,,0001417835-24-000170
0001443646,365,,
0001444380,,,0000876661-25-000257
0001444406,,0001104659-24-110078,
0001445283,,,0001354457-24-000793
0001447051,,,0001354457-25-000273
0001447669,538,,
0001448893,698,,
0001450011,,0001193125-24-218827;0001193125-25-334289;0001193125-26-110360,
0001451505,853,,
0001451809,1032,,
0001452344,,0001140361-24-024963;0001193125-25-028665;0001193125-25-173594;0001193125-26-059607,
0001452477,,0001104659-25-108487,
0001452937,,0001213900-25-040247;0001213900-25-048860;0001213900-26-014772;0001213900-26-058302,
0001454789,,,0001354457-26-000075;0001354457-26-000086
0001454889,,0001104659-24-083630;0001104659-24-114898;0001104659-25-002669;0001104659-25-053116;0001104659-26-032223,
0001455684,,,0001354457-25-000923
0001456772,,0001104659-26-075159,
0001458412,,,0001354457-25-000155
0001459188,,0001213900-25-124086,
0001459200,984,,
0001459417,,,0001354457-24-000658
0001460602,,,0001354457-25-000393
0001462120,1279,,
0001463101,412,,
0001463361,,,0001354457-25-000770
0001464423,,0001193125-25-024413;0001193125-25-138508,
0001464521,,0001628280-25-038627,
0001464591,,0000950103-25-007080,
0001465740,,0001104659-25-047833,0000876661-26-000705
0001466143,,0001193125-24-153016,
0001466258,109,,
0001466593,923,,
0001467761,,,0001354457-24-000828;0001354457-25-000301
0001467858,168,,
0001468328,1290,,
0001468642,,0000950103-25-008744,
0001468666,,,0001354457-25-000059
0001469367,936,,
0001471265,1347,,
0001471824,,0001437749-26-007396,
0001472326,,0001193125-24-266034,
0001472787,730,,
0001473844,1438,,0000876661-26-000583
0001474558,,0001683168-25-003968,
0001474735,554,,
0001475115,,,0000876661-26-000219
0001475841,1400,,
0001475922,583,,
0001476150,710,,
0001476765,1131,,
0001476963,,,0001143313-25-000021
0001477294,760,,
0001477449,1390,,
0001477491,,0001162044-25-001295,
0001477720,1025,,
0001477960,,0001477932-26-001029,
0001478242,190,,
0001478482,,0001193125-24-278054;0001193125-25-171071;0001193125-25-173120;0001193125-26-127819;0001193125-26-284034,
0001479026,,0001193125-24-176680;0001193125-24-180247;0001193125-24-180257;0001193125-24-282011;0001193125-25-060978;0001193125-25-134079;0001193125-25-194938;0001193125-25-230356;0001193125-26-226428;0001193125-26-307562;0001193125-26-307566,
0001479290,,,0001354457-25-000073
0001481646,,,0001354457-25-000298
0001482541,,0001493152-25-029392;0001493152-26-016478,
0001482554,,0001641172-25-027135,
0001482981,1441,,
0001484018,,0001484018-24-000118;0001484018-24-000173;0001484018-24-000213;0001484018-24-000260;0001484018-24-000266;0001484018-25-000011;0001484018-25-000050;0001484018-25-000132;0001999371-26-015512,
0001484565,1384,,0001354457-26-000469
0001485894,,0001193125-24-191475;0001193125-24-191482;0001193125-24-191498;0001193125-24-210908;0001193125-24-261686;0001193125-25-014252;0001193125-25-045133;0001193125-25-056606;0001193125-25-123086;0001193125-25-123088;0001193125-25-123090;0001193125-25-159381;0001193125-25-175136;0001193125-25-290070;0001193125-26-011696;0001193125-26-103707;0001193125-26-103709;0001193125-26-152471;0001193125-26-152473;0001193125-26-152480;0001193125-26-152483;0001193125-26-152486;0001193125-26-152488;0001193125-26-152496;0001193125-26-152500;0001193125-26-152503;0001193125-26-152505;0001193125-26-152507;0001193125-26-152510;0001193125-26-152512;0001193125-26-152517;0001193125-26-156151;0001193125-26-265317;0001193125-26-265325;0001193125-26-275145;0001193125-26-275151;0001193125-26-300349,
0001486159,668,,
0001486957,568,,
0001487712,786,,
0001487839,,,0001354457-25-000701
0001488775,,,0000876661-24-000837
0001488813,1275,,
0001489096,,,0000876661-26-000492
0001489393,250,,
0001489993,,0001628280-26-032120,
0001490286,,,0000876661-24-001199
0001490978,1462,,
0001492422,849,,0001354457-26-000449
0001492674,,,0001354457-25-000634;0001354457-25-000637
0001492691,581,,
0001493225,,,0001354457-26-000710
0001493318,,0001213900-25-042571,
0001493580,,0000030146-26-000268,
0001493594,660,,
0001493761,,0001193125-25-137909,
0001494650,,,0001354457-25-000435
0001494904,,0001193125-25-261732,
0001495222,,0001213900-24-059809;0001213900-25-018001;0001213900-26-032384,
0001495320,,0001495320-24-000075,
0001495648,,0001477932-26-000584,
0001496099,1489,,
0001496323,,,0001354457-25-000811
0001496608,,0000919574-24-003503;0000919574-24-003504;0000919574-24-003929;0000919574-24-007061;0000919574-24-007062;0000919574-25-003627;0000919574-25-005683;0000919574-25-005926;0000919574-25-006479;0000919574-25-006480;0000919574-25-007336,
0001496963,,,0000876661-24-001010
0001497770,967,,
0001498382,,0000950170-24-115765,
0001498710,,0000950103-25-005271,0000876661-24-001142;0001143313-25-000064
0001499655,,0001839882-25-014173;0001839882-25-014187;0001999371-24-012251;0001999371-24-013816;0001999371-25-000029;0001999371-25-004479;0001999371-25-004481,
0001499717,,,0001354457-25-000638
0001499961,,0001829126-24-003062,0001354457-26-000021
0001500412,,0001193125-25-165422,
0001500553,,0001193125-25-173594,
0001500604,,0001398344-24-014281;0001398344-24-017891;0001398344-24-020372;0001398344-25-001621;0001398344-25-013368;0001398344-25-015981;0001398344-26-005532;0001398344-26-006686;0002071844-26-000196,
0001501570,1474,,0001354457-25-001033
0001501585,511,,
0001501756,,,0001354457-25-001236
0001501825,,0001193125-25-205687;0001193125-25-315173;0001193125-26-243241,
0001503123,,0000088053-24-000476;0000088053-24-000591;0000088053-25-000564;0000088053-25-000863;0000088053-25-001077;0000088053-26-000037,
0001504008,1089,,
0001505512,,,0001354457-25-000571
0001505952,,0001104659-26-085850,
0001506001,,0000898432-24-000488;0000898432-24-000489;0000898432-24-000635;0000898432-24-000765;0000898432-24-001003;0000898432-24-001004;0000898432-25-000538;0000898432-26-000145;0000898432-26-000460,
0001506213,,0001580642-24-005643;0001580642-24-007560;0001580642-25-000966;0001580642-25-003102;0001580642-25-006127;0001580642-25-006147;0001580642-25-006148;0001580642-25-006921,
0001506307,180,,
0001506928,,,0001354457-25-000558
0001507079,526,,
0001507605,780,,
0001508655,1309,,
0001509589,677,,0000876661-26-000073
0001509991,1136,,
0001510295,136,,
0001511699,,0000894189-24-005358;0000894189-25-000194;0000894189-25-016866,
0001511737,507,,
0001512717,,,0001354457-25-000953
0001512931,,,0001354457-26-000347
0001513331,,0001628280-25-012820,
0001513332,,0001628280-25-012820,
0001513761,624,,
0001514281,,0001514281-24-000092,
0001514743,,,0001354457-26-000251
0001515673,955,,
0001515816,,,0000876661-26-000063
0001515964,,0001104659-26-084673;0001104659-26-085075,
0001516212,,0001193125-24-212811;0001193125-24-215660;0001193125-24-223406;0001193125-25-036109;0001193125-25-046708;0001193125-25-190818;0001193125-25-199861;0001193125-26-058399;0001193125-26-091752,
0001516513,815,,
0001517006,,,0000876661-25-000035
0001517175,1370,,
0001517302,980,,
0001517681,,0001641172-25-023582,
0001517767,,0001193125-25-258686,
0001517936,,0001445546-25-001230;0001445546-25-001232;0001445546-25-001234;0001445546-25-004290,
0001518042,,0001580642-24-005697;0001580642-25-004924;0001580642-25-007675;0001580642-26-002089,
0001519061,,,0000876661-26-000266
0001519449,1401,,
0001519505,,,0000876661-24-001095
0001519751,540,,
0001520006,634,,
0001520262,879,,
0001520697,748,,
0001521036,662,,
0001521332,361,,0000876661-24-001183
0001522727,,0001193125-26-296333,
0001524348,,0001999371-25-016670,
0001524358,1076,,
0001524472,249,,
0001524566,,0001628280-25-054752,
0001524741,,,0000876661-24-000615
0001524931,,,0001354457-24-000761
0001525306,,0001477932-25-002850,
0001525769,1433,,
0001526329,,,0000876661-24-001203
0001526475,,0001104659-26-042046,
0001526520,1219,,
0001526787,,0001193125-26-276962,
0001527166,377,,
0001527428,,0001580642-25-006556,
0001527508,1194,,0001354457-25-000267
0001527590,,0001104659-24-127197,
0001527599,,,0001354457-26-000470
0001527613,,,0001354457-26-000885
0001527702,,0001663577-25-000130,
0001528129,1391,,0000876661-25-000963
0001528396,478,,
0001528849,806,,
0001529274,1041,,
0001529390,,0001213900-24-059882;0001213900-25-024206,
0001529864,1209,,
0001530721,934,,
0001530804,1147,,
0001530950,707,,
0001531048,1110,,0001354457-25-000118
0001531152,497,,
0001531193,,0001140361-26-025572,
0001531978,,,0000876661-25-000276
0001532286,,0001213900-26-035876,0000876661-26-000091
0001532961,1367,,0001354457-25-000758
0001533615,,0001104659-25-113679,
0001534675,1151,,
0001534701,141,,
0001535778,,0001535778-25-000034;0001535778-25-000128,
0001535929,652,,
0001537028,,,0000876661-24-000806
0001537140,,0001580642-24-006222;0001580642-26-004455,
0001537435,,0001537435-25-000029,
0001538210,,,0001354457-24-000653
0001538263,,0001538263-25-000017,
0001539638,1254,,
0001539838,236,,
0001540013,,,0001354457-26-000255
0001540171,,0001193125-26-182253,
0001540305,,0000894189-24-004394;0000894189-24-004726;0000894189-24-006750;0000894189-24-006992;0000894189-24-007162;0000894189-24-007355;0000894189-25-003747;0000894189-25-004536;0000894189-25-005128;0000894189-25-008662;0000894189-25-011226;0000894189-25-011302;0000894189-25-013792;0000894189-26-000888;0000894189-26-009657;0000894189-26-012226;0000894189-26-016483;0000894189-26-017743;0000894189-26-017907,
0001541157,139,,
0001542028,,,0001143313-26-000021
0001543151,58,,
0001543199,,0001193125-24-169170;0001193125-24-229035,
0001543989,,0001104659-25-023810,
0001544400,,0001477932-25-000944;0001477932-25-004166;0001477932-25-004169,
0001545440,,0001580642-25-001705;0001580642-25-007689;0001580642-25-007771,
0001545654,,,0000876661-26-000229
0001545851,,,0000876661-25-000328
0001546417,1340,,
0001547158,,,0000876661-24-001201
0001547341,,,0000876661-24-000836
0001547576,,0001829126-24-004783;0001829126-24-004860;0001829126-24-004945;0001829126-24-005837;0001829126-24-006678;0001829126-25-001691;0001829126-25-001692;0001829126-25-004166;0001829126-25-004356;0001829126-25-007849;0001829126-25-007850;0001829126-25-008262;0001829126-25-008312;0001829126-25-009379;0001829126-26-007553;0001829126-26-007598,
0001547580,,0001683863-24-004303;0001683863-24-004584;0001683863-24-008766;0001683863-25-005332,
0001547903,1051,,
0001547950,,0001213900-24-080389;0001213900-24-111627;0001213900-25-024563;0001213900-26-004953;0001213900-26-014770;0001213900-26-017059;0001213900-26-036289;0001213900-26-044559;0001213900-26-047872;0001213900-26-048987;0001213900-26-070974;0001213900-26-074103;0001213900-26-077880,
0001547994,,,0000876661-25-000688
0001549084,,0001493152-26-031564,
0001549346,1399,,
0001549595,1459,,
0001550695,,,0001354457-25-001044
0001550913,,0001550913-24-000030,
0001551047,,0002071844-25-000651,
0001551152,17,,
0001551182,71,,
0001551306,1117,,
0001551361,,0001193125-25-173594;0001193125-26-059607,
0001551950,,0001193125-24-203748;0001193125-25-306168;0001193125-26-043826;0001193125-26-236736,
0001552000,195,,
0001552033,383,,
0001552275,,0001193125-26-295535,
0001552740,,0001445546-24-004584;0001445546-24-006633;0001445546-25-001578;0001445546-25-003762;0001445546-25-005240;0001445546-26-001111,
0001552797,1306,,
0001552947,,0001580642-25-003826;0001580642-25-006209,
0001554859,,,0001354457-26-000049
0001555280,101,,
0001556266,,,0001354457-25-000479
0001556593,,0001104659-26-005261;0001140361-25-036077,
0001556801,,0001640334-25-001563;0001640334-25-001932,
0001557157,,0001104659-24-099822;0001104659-25-089028,
0001557798,,0001683168-25-002335,
0001558107,,0001398344-25-021232;0001398344-26-010967,
0001558673,,0001193125-24-198400,
0001558691,,0001193125-24-198400,
0001558731,,0001193125-24-198400,
0001558856,,0001193125-24-198400,
0001558860,,0001193125-24-198400,
0001559109,,0001999371-26-014905,
0001559432,,0001193125-25-124706,
0001559865,1223,,
0001559992,,0001193125-24-211869;0001193125-24-273421;0001193125-24-286821;0001193125-24-286872;0001193125-25-201434,
0001559998,,,0001354457-25-000324
0001560241,,,0001354457-24-000689
0001560327,1173,,
0001560672,,0001999371-26-007261,
0001561032,,0001628280-26-026148,
0001561680,902,,0000876661-26-000432
0001561785,,0001445546-25-007553,
0001561861,,0001193125-25-261788,
0001562476,674,,0000876661-26-000640
0001562565,,0000744822-24-000253;0001562565-26-000022,
0001562733,,0001213900-24-089069,
0001563190,1242,,
0001563577,,0001193125-24-130697,0001354457-24-000643
0001564408,316,,
0001564538,,0001193125-24-224718,
0001564618,1176,,0001354457-25-000001
0001564824,,,0001354457-25-000422
0001564902,1020,,
0001565687,1130,,
0001566826,,,0001354457-25-000778
0001567514,602,,0001354457-25-000272
0001567683,800,,0000876661-26-000380
0001567925,,0001567925-24-000047,0000876661-26-000591
0001568100,1287,,
0001570561,,0001193125-25-028665;0001193125-25-173594;0001193125-26-059607,
0001570827,1008,,
0001571123,724,,
0001571329,,,0001354457-25-000672;0001354457-25-000678
0001571949,94,,
0001572661,,0001104659-26-045452;0001572661-24-000100;0001572661-25-000032;0001572661-26-000021;0001572661-26-000084,
0001572694,1364,,
0001573516,527,,
0001575515,541,,
0001575828,1100,,0000876661-26-000619
0001576018,1174,,
0001576280,897,,
0001576427,1153,,
0001576940,1023,,
0001577445,,0001493152-25-004033,
0001577916,1233,,0001354457-25-001186
0001578078,,0001140361-24-024963;0001193125-25-028665;0001193125-25-173594;0001193125-26-059607,
0001578081,,0001140361-24-024963;0001193125-25-028665,
0001578084,,0001140361-24-024963;0001193125-25-028665;0001193125-25-173594;0001193125-26-059607,
0001578085,,0001140361-24-024963;0001193125-25-028665;0001193125-25-173594;0001193125-26-059607,
0001578087,,0001140361-24-024963;0001193125-25-028665;0001193125-25-173594;0001193125-26-059607,
0001578092,,0001140361-24-024963;0001193125-25-028665;0001193125-25-173594;0001193125-26-059607,
0001578093,,0001140361-24-024963;0001193125-25-028665;0001193125-25-173594;0001193125-26-059607,
0001578096,,0001140361-24-024963;0001193125-25-028665;0001193125-25-173594;0001193125-26-059607,
0001578097,,0001140361-24-024963;0001193125-25-028665;0001193125-25-173594;0001193125-26-059607,
0001578098,,0001140361-24-024963;0001193125-25-028665;0001193125-25-173594;0001193125-26-059607,
0001578111,,0001140361-24-024963;0001193125-25-028665;0001193125-25-173594;0001193125-26-059607,
0001578732,1416,,
0001579091,567,,
0001579214,,,0000876661-26-000615
0001579241,490,,
0001579298,393,,
0001579428,910,,
0001579733,1413,,
0001579878,,0001628280-25-035559,
0001579881,,0001104659-24-065959;0001104659-24-073819;0001104659-24-073822;0001104659-24-080727;0001104659-24-092294;0001104659-24-092296;0001104659-24-095347;0001104659-24-102665;0001104659-24-102691;0001104659-24-111119;0001104659-24-121988;0001104659-24-121989;0001104659-24-130606;0001104659-24-130609;0001104659-25-004395;0001104659-25-005512;0001104659-25-007897;0001104659-25-008083;0001104659-25-016822;0001104659-25-016826;0001104659-25-027722;0001104659-25-027724;0001104659-25-030372;0001104659-25-030377;0001104659-25-030387;0001104659-25-050317;0001104659-25-061035;0001104659-25-063409;0001104659-25-063413;0001104659-25-063418;0001104659-25-094269;0001104659-25-094271;0001104659-25-094272;0001104659-25-095421;0001104659-25-095423;0001104659-25-095424;0001104659-25-106813;0001104659-26-041392;0001104659-26-041393;0001104659-26-083139;0001104659-26-084200,
0001579982,,0001013762-25-002262;0001013762-25-002264;0001013762-25-002266;0001213900-25-091045;0001213900-25-091046;0001213900-25-091048;0001213900-25-091049,
0001580063,,,0001354457-25-000496
0001580560,1215,,
0001580670,1113,,
0001580843,,0001213900-24-108212;0001213900-24-108213;0001213900-25-052951,
0001580905,632,,
0001581091,,,0000876661-26-000703
0001581280,1031,,
0001581760,1197,,
0001581990,950,,
0001582313,1029,,
0001582961,1073,,
0001583107,,,0001354457-26-000901
0001583648,,0001437749-24-037515,
0001583771,,,0001354457-25-000728
0001584207,728,,
0001584509,574,,
0001584751,,,0001354457-24-000710
0001584754,,,0001354457-25-000512
0001585364,940,,
0001585389,,0001193125-25-069941,
0001585608,,0000950170-25-028412,
0001585689,156,,
0001587523,1377,,
0001587551,,0001580642-24-003183;0001580642-25-001566;0001580642-26-004182;0001580642-26-004594,
0001587732,931,,
0001587982,,0001213900-24-087385;0001213900-25-030457;0001213900-25-030459;0001213900-25-030461;0001213900-25-038081;0001213900-25-046719;0001213900-25-046720;0001213900-25-051769;0001213900-25-051770;0001213900-25-059398;0001213900-25-059400;0001213900-25-059402;0001213900-25-059404;0001213900-25-059405;0001213900-25-068473;0001213900-25-068478;0001213900-25-068495;0001213900-25-068497;0001213900-25-078747;0001213900-25-078749;0001213900-25-078750;0001213900-25-078751;0001213900-25-078752;0001213900-25-078753;0001213900-25-083449;0001213900-25-083457;0001213900-25-083460;0001213900-25-083471;0001213900-25-083477;0001213900-25-089263;0001213900-25-089264;0001213900-25-089265;0001213900-25-089266;0001213900-25-089267;0001213900-25-096374;0001213900-25-096375;0001213900-25-096376;0001213900-25-096377;0001213900-25-096378;0001213900-25-096379;0001213900-25-096380;0001213900-25-096382;0001213900-25-096383;0001213900-25-096384;0001213900-25-102620;0001213900-25-102621;0001213900-25-102622;0001213900-25-102623;0001213900-25-102626;0001213900-25-102629;0001213900-25-102630;0001213900-25-102631;0001213900-25-112376;0001213900-26-001774;0001213900-26-001776;0001213900-26-001779;0001213900-26-001783;0001213900-26-003850;0001213900-26-003852;0001213900-26-003856;0001213900-26-003858;0001213900-26-005066;0001213900-26-005067;0001213900-26-005069;0001213900-26-009903;0001213900-26-009905;0001213900-26-009906;0001213900-26-009909;0001213900-26-009910;0001213900-26-028051;0001213900-26-028053;0001213900-26-028054;0001213900-26-028055;0001213900-26-034774;0001213900-26-042796;0001213900-26-042797;0001213900-26-059344;0001213900-26-059348;0001213900-26-059352;0001213900-26-059354;0001213900-26-059356;0001213900-26-063448;0001213900-26-065515;0001213900-26-066816;0001213900-26-069459;0001213900-26-069463;0001213900-26-075336;0001398344-24-015007;0001398344-24-015009;0001398344-24-015011;0001398344-24-015013;0001398344-24-015015;0001398344-24-015018;0001398344-24-015027;0001398344-24-015029;0001398344-24-017935;0001398344-24-017936;0001398344-24-017939;0001398344-24-017940;0001398344-24-017975,
0001589526,1362,,
0001590402,,0001193125-24-276452;0001193125-25-310960;0001193125-26-251314,
0001590714,716,,
0001590770,,0001104659-25-044995,
0001590771,,0001104659-25-044995,
0001590772,,0001104659-25-044995,
0001590774,,0001104659-25-044995,
0001590811,,0001104659-25-044995,
0001590895,584,,
0001590955,549,,
0001591085,,0000947871-26-000368,
0001591587,1146,,0001143362-24-000272
0001591588,,0001193125-25-299157,
0001591698,595,,
0001591939,,0000894189-25-014096,
0001592057,,,0000876661-24-000999
0001592386,,0000950142-25-001603,
0001592900,,0001592900-24-000956;0001592900-24-001127;0001592900-24-001712;0001592900-24-001729;0001592900-24-001766;0001592900-24-001776;0001592900-24-001955;0001592900-24-002238;0001592900-24-002242;0001592900-24-002371;0001592900-24-002372;0001592900-24-002520;0001592900-25-000006;0001592900-25-000048;0001592900-25-000184;0001592900-25-000208;0001592900-25-000210;0001592900-25-000313;0001592900-25-000352;0001592900-25-000486;0001592900-25-000491;0001592900-25-000609;0001592900-25-000658;0001592900-25-000901;0001592900-25-000914;0001592900-25-000954;0001592900-25-000957;0001592900-25-001099;0001592900-25-001101;0001592900-25-001115;0001592900-25-001418;0001592900-25-001452;0001592900-25-001512;0001592900-25-001514;0001592900-25-001557;0001592900-25-001581;0001592900-25-001593;0001592900-25-001650;0001592900-25-001800;0001592900-25-001816;0001592900-25-002089;0001592900-25-002566;0001592900-25-002614;0001592900-25-002715;0001592900-25-002734;0001592900-25-003016;0001592900-25-003299;0001592900-25-003703;0001592900-25-003713;0001592900-25-003726;0001592900-25-004098;0001592900-25-004167;0001592900-25-004289;0001592900-25-004301;0001592900-25-004475;0001592900-26-000102;0001592900-26-000272;0001592900-26-000304;0001592900-26-000423;0001592900-26-000728;0001592900-26-000766;0001592900-26-001153;0001592900-26-001183;0001592900-26-001975;0001592900-26-002003;0001592900-26-002011;0001592900-26-002024;0001592900-26-002050;0001592900-26-002062;0001592900-26-002135;0001592900-26-002862;0001592900-26-002879;0001592900-26-003272;0001592900-26-003563,
0001593222,,,0000876661-26-000027
0001593538,1343,,
0001593547,,0001398344-24-020955;0001398344-25-010980;0001398344-25-012989;0001398344-26-003673;0001398344-26-011421,
0001593548,,,0000876661-25-000479
0001594805,,0001341004-25-000016,
0001595974,1278,,
0001596532,79,,
0001596783,519,,0000876661-24-001185
0001596993,1368,,
0001597033,1492,,
0001597264,694,,0001354457-25-000693
0001597389,,0002071876-25-000098,
0001597553,,,0001354457-25-000753
0001598110,,,0001354457-26-000164
0001599298,637,,
0001599407,,,0001143313-25-000044
0001599617,1375,,
0001599901,892,,
0001600033,550,,
0001600222,,0001193125-25-234379,
0001600422,,,0001143313-24-000079
0001600438,944,,0000876661-25-000636
0001600626,,,0000876661-26-000389
0001601046,304,,
0001601072,,,0001354457-24-000935
0001601548,1376,,
0001601712,341,,
0001601830,1305,,
0001601936,,,0001354457-25-000544
0001602508,,0000894189-25-004370,
0001603015,,0001603015-25-000025,
0001603207,,,0001354457-25-000175
0001603652,,,0001354457-26-000400
0001603756,992,,
0001603923,587,,
0001604028,447,,
0001604112,,0001193125-24-149172,
0001604174,,0001104659-24-127271,
0001604778,503,,0001354457-26-000942
0001604813,,0000894189-25-001032,
0001604821,471,,
0001604950,,,0001354457-25-000996
0001605607,,,0000876661-25-000998
0001605888,,0001213900-24-106321,
0001606242,,0001213900-26-006489,
0001606498,,,0000876661-26-000646
0001606698,,,0001354457-25-000380
0001607678,726,,
0001607939,1457,,
0001608390,,,0001354457-25-000705
0001608742,,,0000876661-26-000298
0001609253,986,,
0001609550,906,,
0001609711,335,,
0001609804,1449,,
0001610250,921,,
0001610618,,,0001354457-26-000017
0001611052,530,,
0001611115,,0001193125-25-134123,
0001611331,,0001081400-24-000732;0001081400-25-000284,
0001611547,1182,,
0001611596,,0001140361-24-024963;0001193125-25-028665;0001193125-25-173594;0001193125-26-059607,
0001611647,759,,
0001612720,1262,,
0001612930,,0000894189-24-007428;0000894189-25-010717,
0001613103,83,,
0001614806,,0001104659-25-019860,
0001616000,1456,,
0001616318,1190,,0000876661-24-001115
0001616533,,0001193125-25-152807,
0001616543,,0001104659-25-111917,
0001616667,,0000894189-24-007270,
0001616668,,0000894189-24-003986;0000894189-24-003989;0000894189-24-004894;0000894189-24-007272;0000894189-25-000293;0000894189-25-002515;0000894189-25-002689;0000894189-25-005207;0000894189-25-012775;0000894189-25-018692;0000894189-26-000065;0000894189-26-007742;0000894189-26-013202;0000894189-26-017076;0000894189-26-017705,
0001616803,,0001193125-24-233869,
0001616844,,0001193125-24-233869,
0001616845,,0001193125-24-233869,
0001616847,,0001193125-24-233869,
0001616848,,0001193125-24-233869,
0001616849,,0001193125-24-233869,
0001616850,,0001193125-24-233869,
0001616859,,0001193125-24-233869,
0001616860,,0001193125-24-233869,
0001616862,625,,
0001616983,,0001193125-24-233869,
0001617406,1046,,
0001618230,,0001140361-24-024963;0001193125-25-028665;0001193125-25-173594;0001193125-26-059607,
0001618627,,0000894189-24-007306;0000894189-25-001132;0000894189-25-004239;0000894189-25-013221;0000894189-25-018833;0000894189-26-000302;0000894189-26-006426;0000894189-26-007530;0000894189-26-008069;0001398344-24-023437;0001398344-25-007532;0001398344-25-007974;0001398344-25-017111;0001398344-25-017600;0001398344-25-017838,
0001618673,520,,
0001618732,476,,
0001618756,320,,
0001618921,533,,
0001620393,,0001437749-25-027180,
0001621007,,0001140361-24-024963;0001193125-25-028665;0001193125-25-173594;0001193125-26-059607,
0001621563,,,0000876661-25-000075
0001622536,,0001628280-24-031419,
0001623925,683,,
0001624794,,0001193125-25-133341,
0001624868,,0001193125-24-129338;0001193125-24-284221,
0001626199,884,,
0001626450,,0001193125-26-154890,
0001627223,970,,
0001627475,1383,,
0001627854,,,0000876661-24-001104
0001628171,644,,
0001628369,1074,,0000876661-25-000920
0001628908,1111,,
0001629019,1301,,
0001630113,,,0001354457-24-000782
0001632127,1201,,
0001632790,1228,,
0001633061,,0001213900-24-043536;0001213900-24-070156;0001213900-24-088530;0001213900-24-088534;0001213900-25-033000;0001213900-25-033002;0001213900-25-043892;0001213900-25-074831;0001213900-25-094569;0001213900-25-095243;0001213900-25-102964;0001213900-25-110576;0001213900-25-123206;0001213900-25-123209;0001213900-26-004313;0001213900-26-024047;0001213900-26-042420;0001213900-26-042423;0001213900-26-075312;0001213900-26-080248,
0001633369,,0001213900-26-014769,
0001633917,127,,
0001633931,417,,0000876661-26-000589
0001633932,,,0001354457-25-001005
0001633978,990,,
0001634997,446,,0001143362-24-000406
0001635073,,0001193125-24-269999;0001193125-25-005343;0001193125-25-212624;0001193125-25-212626;0001193125-26-271287,
0001635088,618,,
0001635128,,0001140361-25-021299;0001140361-26-008857,
0001636222,514,,
0001637147,,0001104659-24-125397,
0001637459,197,,
0001637715,,0001193125-24-234487,
0001637873,,0001628280-25-014135,
0001638826,,0001193125-24-273531,
0001638833,939,,
0001638911,,0001213900-26-056822,
0001639300,751,,
0001639438,551,,
0001639691,1120,,
0001639723,,0001628280-25-046815,
0001640147,193,,
0001643174,,0001398344-25-000784;0001398344-25-008643;0001398344-25-019328;0001398344-26-006027;0001398344-26-012504,
0001643219,,0001193125-25-024217;0001193125-25-237869,
0001643303,,0001104659-26-009462,
0001643953,,0001213900-24-056857,
0001643988,,,0001143313-24-000085
0001644419,,0001580642-24-006317,
0001644963,,,0001354457-25-000696
0001645070,1415,,0001354457-24-000838
0001645113,1168,,
0001645590,290,,
0001645666,,0001193125-24-238576,0001354457-26-000433
0001646972,502,,
0001647088,627,,
0001647572,,0001193125-24-152371;0001193125-25-221850,
0001647639,1172,,
0001648403,,0001839882-24-042396;0001999371-24-013296;0001999371-25-010514;0001999371-25-019106;0001999371-25-019109;0001999371-25-020892;0001999371-26-002458;0001999371-26-008200;0001999371-26-008604,
0001649094,588,,
0001649373,,0001104659-24-098829;0001104659-25-003776;0001104659-25-092049,
0001649749,1236,,
0001649819,,0001193125-24-198400,
0001649820,,0001193125-24-198400,
0001649821,,0001193125-24-198400,
0001649822,,0001193125-24-198400,
0001649823,,0001193125-24-198400,
0001649824,,0001193125-24-198400,
0001649825,,0001193125-24-198400,
0001649855,,0001193125-24-198400,
0001649904,1082,,
0001650010,,0001193125-24-198400,
0001650011,,0001193125-24-198400,
0001650149,,0000894189-25-000158;0000894189-25-000909;0000894189-25-007565;0000894189-25-009179;0000894189-26-001519;0000894189-26-002890;0000894189-26-014633,
0001650729,706,,
0001651311,1055,,0001354457-25-001299
0001651407,,,0001354457-25-000474
0001651562,1446,,
0001652044,,0001193125-25-119875;0001193125-25-291400;0001193125-26-104210;0001193125-26-255736;0001193125-26-259954,
0001652130,1152,,
0001652935,,0001104659-24-073197,
0001652958,,0001683168-25-002328,
0001653477,1366,,
0001655589,,0001137439-25-001024;0001137439-25-001033;0001137439-25-001043;0001680359-25-000027;0001680359-25-000029;0002071844-25-000305;0002071844-25-000307;0002071844-25-000645;0002071844-26-000099;0002071844-26-000595,
0001655759,1319,,
0001655888,746,,
0001655923,,0001213900-24-095780,
0001656634,,,0001354457-25-000176
0001657184,,0001140361-24-024963;0001193125-25-028665;0001193125-25-173594;0001193125-26-059607,
0001657201,,0001193125-24-155912;0001193125-24-213995;0001193125-25-135434;0001193125-25-200868;0001193125-26-256712;0001193125-26-256733,
0001657312,427,,
0001657677,,0001193125-26-259552,
0001658247,907,,0001354457-26-000839
0001658566,493,,0000876661-26-000011
0001658678,,0000950170-24-110010,
0001659166,300,,
0001659323,,,0001354457-26-000607
0001659520,,,0000876661-25-000118
0001660280,795,,
0001660734,,0001193125-25-021807;0001193125-26-010370,
0001661460,,,0001354457-25-000014
0001664703,1061,,
0001664710,1339,,
0001665650,,0001213900-25-025257,
0001665918,455,,
0001666134,1085,,
0001666138,837,,
0001666244,,0001193125-26-132892,
0001666291,1488,,
0001666700,240,,
0001667919,,0001445546-24-003356;0001445546-24-003646;0001445546-24-003648;0001445546-24-003753;0001445546-24-004310;0001445546-24-004314;0001445546-24-004317;0001445546-24-004941;0001445546-24-005144;0001445546-24-005665;0001445546-24-005669;0001445546-24-006328;0001445546-24-006330;0001445546-24-006358;0001445546-24-006584;0001445546-24-006993;0001445546-24-007001;0001445546-24-007003;0001445546-24-007031;0001445546-24-007649;0001445546-24-007651;0001445546-24-007653;0001445546-24-008507;0001445546-24-008509;0001445546-24-008511;0001445546-24-008513;0001445546-25-000429;0001445546-25-000431;0001445546-25-000433;0001445546-25-001317;0001445546-25-001319;0001445546-25-002102;0001445546-25-002104;0001445546-25-002701;0001445546-25-002703;0001445546-25-003467;0001445546-25-004115;0001445546-25-004294;0001445546-25-004298;0001445546-25-004344;0001445546-25-004752;0001445546-25-006192;0001445546-25-006832;0001445546-25-007502;0001445546-26-000284;0001445546-26-001210;0001445546-26-002431;0001445546-26-002433;0001445546-26-002435;0001445546-26-002722;0001445546-26-003595;0001445546-26-004397;0001445546-26-005127,
0001668370,,,0001354457-24-000707
0001668397,492,,
0001668673,,,0001354457-24-000831
0001669162,523,,
0001669811,1292,,
0001670061,,0001641172-25-017972,
0001670541,1204,,
0001670592,987,,
0001671284,,,0000876661-25-000732
0001671927,1293,,
0001672013,871,,
0001673358,494,,
0001673743,,0001193125-25-122333,
0001673772,,,0001354457-26-000226
0001674101,265,,
0001674168,881,,
0001674335,1450,,
0001674356,,0001104659-26-075112,
0001674416,842,,
0001674632,,0001193125-25-013413,
0001674862,846,,
0001674910,749,,
0001675149,755,,
0001676163,,0001213900-25-034817,
0001676326,,0001104659-24-106240;0001104659-24-106244;0001104659-25-055468;0001104659-25-072109;0001104659-25-108250;0001104659-26-018598,
0001676725,1028,,
0001677576,994,,
0001678130,,0001398344-24-021779,
0001678261,,0001193125-24-144045;0001193125-25-004258;0001193125-25-235983,
0001679049,1104,,
0001679273,586,,
0001679363,1095,,0001354457-24-000577
0001679688,,,0000876661-26-000800
0001680056,,,0001143313-26-000045
0001680143,,0001140361-25-043793,
0001681009,,0001628280-25-012820,
0001681459,469,,
0001681903,,,0001354457-25-000200
0001682745,826,,
0001682852,184,,
0001683471,,0000894189-24-006769;0000894189-24-007135;0000894189-24-007254;0000894189-24-007546;0000894189-25-000083;0000894189-25-000509;0000894189-25-001824;0000894189-25-001894;0000894189-25-002325;0000894189-25-003558;0000894189-25-008953;0000894189-25-011215;0000894189-25-011425;0000894189-25-013391;0000894189-25-013803;0000894189-26-000957;0000894189-26-011839;0000894189-26-011847;0000894189-26-012089;0000894189-26-012125;0000894189-26-012237;0000894189-26-013155;0000894189-26-014292;0000894189-26-014421;0000894189-26-014684,
0001683606,1475,,
0001684144,,,0001143313-25-000014
0001684688,,0001493152-26-000596,
0001685040,1058,,
0001687221,1422,,0000876661-26-000076
0001687229,324,,
0001688568,964,,
0001689731,,,0001354457-25-000603
0001689873,,0001493152-24-034759;0001493152-24-034761;0001493152-24-044323;0001493152-24-049539;0001493152-24-049613;0001493152-25-005799;0001493152-25-007053;0001493152-25-009151;0001493152-25-010699;0001493152-25-012302;0001493152-25-012817;0001493152-25-013652;0001493152-25-014410;0001493152-25-015895;0001493152-25-017874;0001493152-25-019704;0001493152-25-021449;0001493152-25-024025;0001493152-25-024796;0001493152-25-024798;0001493152-25-026732;0001493152-26-004693;0001493152-26-015452;0001493152-26-018487;0001493152-26-019679;0001493152-26-021364;0001493152-26-022635;0001493152-26-024516;0001493152-26-027914;0001493152-26-028119;0001493152-26-031211;0001493152-26-032120;0001493152-26-032632;0001641172-25-005123;0001641172-25-008903;0001641172-25-013185;0001641172-25-017968;0001641172-25-019827,
0001691082,,0001193125-25-198793,
0001691303,965,,
0001691507,,,0001354457-26-000747;0001354457-26-000768
0001692115,808,,
0001692427,,,0001354457-26-000838
0001692787,,0001692787-25-000042,
0001692819,277,,
0001693011,,,0001354457-25-000600
0001693256,,0001140361-25-031059,
0001693736,,0001628280-26-002658,
0001694028,,0001694028-25-000120,
0001694426,1419,,
0001696556,,0001193125-26-039582,
0001697500,,0001193125-25-168763,
0001697532,,,0001354457-26-000130
0001698508,,,0000876661-24-001117
0001698514,,0001493152-24-041513,
0001699031,,0001193125-24-132022,
0001699039,,0001699039-25-000068,
0001699150,205,,
0001699350,,0001628280-25-036610,
0001699838,,,0001354457-26-000262
0001699963,,0001628280-26-045735,
0001701051,,,0000876661-25-001028
0001701605,223,,
0001701732,,,0001354457-25-000243
0001701809,,,0000876661-24-000817
0001702015,,0001702015-25-000007,
0001702744,1006,,
0001703141,,,0000876661-25-000335
0001703785,,,0000876661-25-000607
0001704292,364,,
0001704299,,,0000876661-25-000854
0001704715,942,,
0001705284,,0001193125-26-302001,
0001705873,,,0001354457-25-001285
0001706431,1469,,
0001707753,508,,
0001707925,28,,
0001708331,,,0001354457-25-000708
0001709319,,0000092103-24-000023,
0001709442,,0001709442-24-000047,
0001709628,,0001683168-25-000557,
0001709941,,0001193125-24-221377,
0001710072,1395,,
0001710607,,0001710607-24-000122;0001710607-25-000026;0001710607-25-000067;0001710607-25-000304;0001710607-26-000017;0001710607-26-000100,
0001710680,,0001839882-25-014010,
0001711269,457,,
0001711279,754,,
0001711933,,,0001354457-25-000619
0001712184,,0001712184-26-000091,
0001713683,282,,
0001713863,,0001213900-25-024479,
0001714899,996,,
0001716951,,0001716951-24-000089,
0001717115,,0001193125-24-159105,
0001718227,,0001193125-26-127240,
0001718512,843,,0000876661-26-000632
0001719714,1093,,
0001719812,,0001839882-25-007361;0001999371-24-006641;0001999371-25-015243;0001999371-25-016225;0001999371-25-018552,
0001720592,,0001193125-26-153991,
0001720635,484,,
0001720671,,,0001354457-25-000140
0001720868,,0001193125-24-162593,
0001720869,,0001193125-24-162593,
0001721947,1195,,0001354457-26-000116
0001722388,,0001839882-25-003582;0001839882-25-004225;0001839882-25-011208;0001839882-25-011293;0001999371-24-008690;0001999371-24-009581;0001999371-24-009583;0001999371-24-010409;0001999371-24-010631;0001999371-24-011658;0001999371-24-011972;0001999371-24-013350;0001999371-24-013636;0001999371-24-013682;0001999371-24-014419;0001999371-24-015295;0001999371-24-015675;0001999371-25-000276;0001999371-25-000425;0001999371-25-000478;0001999371-25-000870;0001999371-25-002204;0001999371-25-006495;0001999371-25-006990;0001999371-25-007817;0001999371-25-008537;0001999371-25-011584;0001999371-25-013184;0001999371-25-013203;0001999371-25-017312;0001999371-25-018870;0001999371-25-019257;0001999371-25-019266;0001999371-26-000595;0001999371-26-001184;0001999371-26-001729;0001999371-26-006076;0001999371-26-006773;0001999371-26-007693;0001999371-26-008901;0001999371-26-012957;0001999371-26-014765;0001999371-26-016355,
0001722438,,,0000876661-24-000880
0001722482,370,,
0001722684,750,,
0001722964,,,0001354457-25-000904
0001722969,,,0001354457-25-000783
0001723089,715,,0001354457-25-000680
0001723128,1214,,
0001723464,,0001393905-24-000361,
0001723596,1320,,
0001723788,,0001213900-25-118338,
0001724521,1430,,
0001724965,1240,,
0001725057,558,,0000876661-26-000087
0001725210,,0001193125-24-181510,
0001725255,1423,,
0001726079,,0001139020-25-000143,
0001726173,,0001628280-25-040267,
0001726711,,,0001354457-26-000962
0001727074,,0001683863-24-004164;0001683863-25-006051;0001727074-26-000037;0001727074-26-000074;0001727074-26-000075,
0001727263,1063,,
0001728205,,,0001354457-25-000859
0001728683,,0001829126-26-003332;0001839882-25-008706;0001999371-25-000327;0001999371-25-012750;0001999371-25-012751,
0001729944,,,0001354457-25-000700
0001729997,,0001193125-25-207049,
0001730168,6,,
0001730430,,0001104659-24-076282,
0001730773,,,0001354457-25-000548
0001731348,1355,,
0001733294,,,0001354457-26-000149
0001733998,1420,,
0001734713,1477,,
0001735707,1313,,
0001736035,758,,
0001736078,,0001398344-25-017469,
0001736297,691,,
0001736730,,0001104659-24-107031,
0001736946,1436,,
0001739016,,0001140361-25-032845,
0001739104,720,,
0001739445,875,,
0001739940,86,,
0001739942,1284,,0000876661-25-000263
0001740332,1013,,
0001740604,,0001628280-26-002177,
0001741534,,,0001354457-26-000936
0001741830,,,0001354457-25-000547
0001742912,,0001839882-24-043298;0001839882-25-001782;0001999371-25-006256;0001999371-25-007096;0001999371-25-011147;0001999371-25-011524;0001999371-25-011525;0001999371-25-011566;0001999371-25-012032;0001999371-26-002444;0001999371-26-010046;0001999371-26-013158,
0001742927,,,0001354457-26-000658
0001743881,845,,
0001743907,,,0001354457-26-000443
0001744489,45,,
0001744659,1326,,0001354457-25-001233
0001745648,,0001193125-26-322198,
0001745916,827,,
0001745999,1137,,
0001747565,,0001104659-24-057789;0001104659-25-091839,
0001747777,,0001193125-25-138811,
0001748425,,0001829126-25-008772;0001999371-25-015767;0001999371-25-021314,
0001748731,,0001193125-24-198400,
0001748732,,0001193125-24-198400,
0001748733,,0001193125-24-198400,
0001748734,,0001193125-24-198400,
0001748735,,0001193125-24-198400,
0001748736,,0001193125-24-198400,
0001748737,,0001193125-24-198400,
0001748738,,0001193125-24-198400,
0001748739,,0001193125-24-198400,
0001748740,,0001193125-24-198400,
0001748741,,0001193125-24-198400,
0001748776,,0001193125-24-198400,
0001748778,,0001193125-24-198400,
0001748790,418,,
0001748966,,0001193125-24-198400,
0001748983,,0001193125-24-198400,
0001749723,924,,
0001750625,,0001628280-25-012610;0001628280-25-042321,
0001750704,,0001628280-26-029806,
0001750721,,0001628280-25-012610;0001628280-25-042321,
0001750736,,0001628280-25-012610;0001628280-25-042321,
0001750821,,0001580642-24-007567;0001580642-26-004013,
0001751008,296,,
0001751788,224,,
0001751912,,0001104659-26-001789,
0001754068,,0001193125-25-056725,
0001754195,,0001754195-26-000037,
0001754323,,,0001354457-26-000683
0001754820,,,0000876661-25-000253
0001755672,216,,
0001756064,,0001493152-26-004116,
0001756262,859,,
0001756655,,0001193125-24-179670,
0001756701,,,0001354457-26-000396
0001757073,1086,,
0001757097,,,0001354457-24-000786
0001757898,309,,
0001758057,,,0001354457-26-000083
0001758488,1361,,
0001759136,,,0001354457-26-000685
0001759425,1314,,
0001759655,1164,,
0001760233,,0001493152-24-030370,
0001760588,,0001580642-24-007043;0001580642-25-005050;0001580642-26-003338,
0001760965,933,,
0001761055,,0001193125-24-153099;0001193125-24-160593;0001193125-24-177753;0001193125-24-238721;0001193125-24-238722;0001193125-24-255662;0001193125-24-269053;0001193125-25-018174;0001193125-25-018182;0001193125-25-050784;0001193125-25-123091;0001193125-25-163542;0001193125-25-170470;0001193125-25-199874;0001193125-25-199877;0001193125-25-262665;0001193125-25-282566;0001193125-25-304010;0001193125-26-057497;0001193125-26-057500;0001193125-26-071196;0001193125-26-091665;0001193125-26-217014,
0001761312,1207,,
0001762239,,,0001354457-26-000939
0001764013,900,,
0001764046,877,,
0001764974,,,0001354457-25-000800
0001765159,,,0001354457-24-000872
0001766363,,,0000876661-25-000220
0001767042,1178,,
0001767057,,0001493152-25-028206,
0001769628,,0001193125-25-059736,
0001769759,,,0001354457-25-000997
0001769804,,,0001354457-24-000740
0001770069,,0001193125-25-249941,
0001770121,1480,,
0001770450,1485,,
0001770501,,0001493152-24-047577,
0001770787,1169,,
0001771146,,0001213900-25-031126;0001213900-25-046877;0001771146-26-000051;0001771146-26-000092;0001771146-26-000278;0001771146-26-000318;0001771146-26-000334;0001771146-26-000377;0001771146-26-000548;0001771146-26-000557;0001771146-26-000632;0001771146-26-000860;0001771146-26-000959;0001771146-26-000962;0001771146-26-001024;0001771146-26-001035;0001771146-26-001062;0001771146-26-001066;0001771146-26-001072;0001771146-26-001109;0001771146-26-001145;0001771146-26-001152;0001771146-26-001183;0001771146-26-001207;0001771146-26-001224;0001771146-26-001298;0001771146-26-001403;0001771146-26-001411;0001771146-26-001461;0001771146-26-001504;0001771146-26-001506;0001771146-26-001508;0001839882-24-040740;0001839882-24-044536;0001839882-25-000624;0001839882-25-009802;0001839882-25-009806;0001839882-25-014144;0001839882-25-015357;0001999371-24-006985;0001999371-24-007818;0001999371-24-010093;0001999371-24-010679;0001999371-24-011919;0001999371-24-012336;0001999371-25-001855;0001999371-25-003326;0001999371-25-003998;0001999371-25-004008;0001999371-25-007015;0001999371-25-007521;0001999371-25-008061;0001999371-25-009534;0001999371-25-010516;0001999371-25-010858;0001999371-25-010954;0001999371-25-011892;0001999371-25-013199;0001999371-25-013256;0001999371-25-013441;0001999371-25-013657;0001999371-25-013757;0001999371-25-013941;0001999371-25-013954;0001999371-25-014075;0001999371-25-014731;0001999371-25-015490;0001999371-25-016366;0001999371-25-017044;0001999371-25-017338;0001999371-25-017664;0001999371-25-018694;0001999371-25-019174;0001999371-25-020887;0001999371-26-000150,
0001771515,1299,,
0001772016,699,,
0001772283,,0001213900-26-022469,
0001772695,,0001772695-25-000045,0000876661-25-000435
0001773383,462,,
0001773427,1124,,0001354457-25-000604
0001774857,,0001193125-25-023571,
0001775085,,,0001354457-25-000787
0001776111,,0001193125-24-216643,
0001776167,,0001140361-26-022275,
0001776661,1496,,
0001777921,1282,,
0001778784,,,0001354457-25-001142
0001778922,,0001628280-26-005650,
0001779020,,,0000876661-25-000043
0001781335,227,,
0001781446,,0001213900-24-049998,
0001781730,,0001193125-25-215480;0001193125-25-215486,
0001781755,,0001781755-26-000037,
0001782037,,,0001354457-26-000471
0001782170,1149,,
0001782524,1334,,
0001782754,,,0000876661-25-000485
0001782941,,,0001354457-26-000623
0001782952,,0001999371-24-008899;0001999371-24-014750;0001999371-25-008606;0001999371-25-016168;0001999371-25-020527;0001999371-26-003011;0001999371-26-010716;0001999371-26-012757;0001999371-26-014129;0001999371-26-014556;0001999371-26-016519,
0001783032,,,0001354457-25-000732
0001783180,138,,
0001784570,,0001193125-25-261856,
0001785173,,,0001354457-25-001073
0001786117,,0001104659-25-109185,
0001786205,1015,,0001354457-26-000381
0001786248,,0001437749-25-027181,
0001786352,810,,
0001786431,761,,
0001786471,,0001493152-25-016237,
0001786842,744,,
0001787117,,0001104659-26-088144,
0001788028,1266,,
0001788060,,0001628280-25-030581,
0001788230,,0001213900-24-099052,
0001788257,,0001213900-24-047107,
0001788348,,0001193125-24-285917,0000876661-24-001222
0001788451,,0001193125-26-018153,
0001789832,1075,,
0001791145,,0001477932-25-003037,
0001791863,,0001193125-24-285923,0000876661-24-001225
0001791942,,0001193125-25-133981,
0001792044,434,,
0001792580,479,,
0001792849,1247,,
0001794546,,0000950170-25-097122,
0001794669,,0001193125-25-112892,
0001795091,,0001615774-24-000005,
0001795351,,0001741773-24-001969;0001741773-24-003408;0001741773-25-000061;0001741773-25-001978;0001741773-25-001979;0001999371-25-015437;0001999371-26-011132,
0001795586,,0001628280-25-030470,
0001796209,531,,
0001796898,,,0001354457-26-000941
0001797318,,0001133228-25-013559;0001797318-24-000021;0001797318-24-000026;0001797318-24-000033;0001797318-24-000038;0001797318-24-000046;0001797318-24-000054;0001797318-24-000060;0001797318-24-000066;0001797318-25-000002;0001797318-25-000006;0001797318-25-000012;0001797318-25-000017;0001797318-25-000044;0001797318-26-000003;0001797318-26-000017;0001797318-26-000087,
0001798270,,,0001354457-24-000704
0001798749,,0001193125-25-110004,
0001799208,,,0000876661-25-000617
0001799332,,,0001354457-25-000456
0001799983,,,0000876661-25-000602
0001800347,1448,,0000876661-25-000550
0001800667,908,,
0001801169,1388,,
0001801368,1216,,
0001802255,,0001193125-24-225567,
0001802665,1312,,
0001803599,866,,
0001803696,1500,,
0001803737,,,0000876661-26-000435
0001803901,,,0001354457-26-000793
0001804196,,0001193125-24-160768;0001193125-25-013324;0001193125-25-013334;0001193125-25-143401;0001193125-25-234347;0001193125-26-014260;0001193125-26-014270,
0001804425,,0001213900-24-096059,
0001804469,,0001213900-25-123887,
0001804745,1231,,
0001804850,,0001104659-24-064757;0001104659-24-066144;0001104659-25-113222,
0001805005,,0001104659-24-064757;0001104659-24-066144;0001104659-25-113222,
0001805387,606,,0001354457-24-000549
0001805526,,0001213900-25-102258,
0001806201,,,0001354457-26-000741
0001807427,,,0000876661-25-000018
0001807486,,0001193125-25-001880,
0001807794,868,,
0001808158,,,0001354457-26-000100
0001808220,,,0001354457-26-000659
0001808665,,,0001354457-26-000643
0001808834,1316,,
0001808865,,,0001354457-25-000857
0001809122,,,0001354457-26-000010
0001810021,,0001104659-26-018187,
0001810546,1083,,
0001810747,,0001829126-24-005311;0001829126-24-006131;0001829126-24-006377;0001829126-24-007799;0001829126-24-008624;0001829126-25-000053;0001829126-25-002496;0001829126-25-002857;0001829126-25-003779;0001829126-25-005021;0001829126-25-007201;0001829126-25-007943;0001829126-25-009190;0001829126-25-009656;0001829126-26-000271;0001829126-26-000981;0001829126-26-003261,
0001810806,721,,
0001811074,351,,
0001811210,610,,
0001811414,,0001193125-25-328821,
0001811623,,,0001354457-25-000791
0001811935,,0001811935-25-000035,
0001812173,,,0000876661-26-000276
0001812360,,,0001143313-25-000059
0001812447,,0001096906-24-001924,
0001812477,,0001013762-24-002825;0001213900-24-053351,
0001814287,,0001628280-25-058633,
0001814712,,0001193125-25-057919,
0001814714,,0001193125-25-057919,
0001814720,,0001193125-25-057919,
0001814722,,0001193125-25-057919,
0001815442,1096,,
0001815849,,,0000876661-24-001134
0001815903,,,0001354457-25-001163
0001816125,,0001137439-24-001348;0002071844-26-000648,
0001816319,,,0001354457-25-000702
0001816613,,,0000876661-25-000283
0001817241,,0001193125-24-179648,
0001817358,935,,
0001817713,1259,,
0001817760,,0001104659-24-066596,
0001818152,,0001599916-24-000214,
0001818274,,0001641172-25-009616,
0001818643,,0001193125-25-216562,
0001818794,954,,
0001818874,621,,
0001819394,1464,,0001354457-25-000149
0001819516,1331,,
0001819848,901,,
0001819928,972,,
0001819974,,,0001354457-26-000745
0001819989,1382,,
0001819994,1142,,
0001820144,1274,,
0001820302,,0001193125-25-262732,
0001820721,1393,,
0001820872,1045,,0000876661-26-000798
0001821080,,,0001143362-25-000444
0001821160,,,0000876661-25-000916
0001821175,,0001493152-26-034336,
0001821393,,,0000876661-24-000916
0001821534,,0001140361-24-024874,
0001821825,775,,
0001822415,,0001096906-24-001460;0001096906-24-002180,
0001822479,932,,
0001822492,1289,,
0001822993,696,,
0001823000,,0001104659-24-058132,
0001823144,,0000950142-25-002461,
0001823406,,,0001354457-26-000771
0001823529,805,,
0001823587,,0001437749-25-001747,
0001824316,,0001140361-24-024963;0001193125-25-028665;0001193125-25-173594;0001193125-26-059607,
0001824383,,0001140361-24-024963;0001193125-25-028665;0001193125-25-173594;0001193125-26-059607,
0001824385,,0001140361-24-024963;0001193125-25-028665;0001193125-25-173594;0001193125-26-059607,
0001824387,,0001140361-24-024963;0001193125-25-028665;0001193125-25-173594;0001193125-26-059607,
0001824388,,0001140361-24-024963,
0001824391,,0001140361-24-024963;0001193125-25-028665;0001193125-25-173594;0001193125-26-059607,
0001824392,,0001140361-24-024963;0001193125-25-028665;0001193125-25-173594;0001193125-26-059607,
0001824395,,0001140361-24-024963;0001193125-25-028665;0001193125-25-173594;0001193125-26-059607,
0001824409,,0001140361-24-024963;0001193125-25-028665;0001193125-25-173594;0001193125-26-059607,
0001824410,,0001140361-24-024963;0001193125-25-028665,
0001824413,,0001140361-24-024963,
0001824415,,0001140361-24-024963;0001193125-25-028665;0001193125-25-173594;0001193125-26-059607,
0001824417,,0001140361-24-024963;0001193125-25-028665;0001193125-25-173594;0001193125-26-059607,
0001824420,,0001140361-24-024963;0001193125-25-028665;0001193125-25-173594,
0001824423,,0001140361-24-024963;0001193125-25-028665;0001193125-25-173594;0001193125-26-059607,
0001824425,,0001140361-24-024963;0001193125-25-028665;0001193125-25-173594;0001193125-26-059607,
0001824443,,0001140361-24-024963;0001193125-25-028665;0001193125-25-173594;0001193125-26-059607,
0001824451,,0001140361-24-024963;0001193125-25-028665;0001193125-25-173594;0001193125-26-059607,
0001824459,,0001140361-24-024963;0001193125-25-028665;0001193125-25-173594;0001193125-26-059607,
0001824478,,0001140361-24-024963;0001193125-25-028665;0001193125-25-173594;0001193125-26-059607,
0001824637,,0001140361-24-024963;0001193125-25-028665;0001193125-25-173594;0001193125-26-059607,
0001824920,1352,,
0001825155,,,0000876661-25-000822
0001826889,,0001193125-25-194000,
0001827087,,,0001354457-25-000762
0001827090,1157,,
0001827506,,,0001354457-25-001066
0001827635,,0001628280-26-005106,
0001827821,,,0000876661-26-000186
0001828016,1098,,
0001828108,734,,
0001828318,1175,,
0001828376,,,0001354457-25-000364
0001828723,,,0000876661-25-000265
0001828805,,0001013762-25-002775,
0001828811,,,0000876661-25-000140
0001828852,,,0001354457-25-000382
0001828937,,0001828937-25-000065,
0001828962,1483,,
0001829280,,,0001354457-26-000464
0001829311,,0001493152-26-015645;0001493152-26-028168;0001683168-25-004132,
0001829794,,0001683168-26-000681,
0001830210,,0001830210-24-000130,
0001831097,1097,,
0001831313,,0001829126-24-003585;0001829126-24-004379;0001829126-24-007431;0001829126-25-004432;0001829126-25-004641,
0001831363,,,0001354457-26-000405
0001831828,1286,,
0001831840,,,0000876661-26-000368
0001831979,,0001493152-24-027127,
0001832168,1495,,0001354457-24-000898
0001832433,189,,0000876661-24-000619
0001832466,1365,,
0001833141,,0001062993-26-000004,
0001833417,,0001140361-25-045047,
0001833418,,0001140361-25-045047,
0001833420,,0001140361-25-045047,
0001833424,,0001140361-25-045047,
0001833425,,0001140361-25-045047,
0001833442,,0001140361-25-045047,
0001833756,648,,
0001834026,,0001493152-24-023547;0001493152-25-020956,
0001834105,,0001493152-24-030752,
0001834488,1143,,
0001834494,1337,,0000876661-25-000801
0001834526,,0001104659-24-058463,
0001834622,1043,,
0001834975,,,0001354457-25-000227
0001835256,,,0000876661-24-001210
0001835385,,0000943374-25-000164,
0001835512,,,0000876661-24-001023
0001835579,,0001193125-25-167089,
0001835591,1243,,0000876661-24-001127
0001835632,148,,
0001835681,867,,0000876661-24-000894
0001836754,,0001493152-24-038068,
0001837240,409,,
0001837254,,0001213900-25-105331,0001354457-26-000673
0001837429,,,0000876661-24-000808
0001837686,,,0001354457-25-001175;0001354457-25-001176
0001838406,,0001104659-24-102644,
0001839439,1227,,0001354457-25-000329
0001839608,,,0000876661-24-000623
0001839839,1260,,
0001840317,,0001213900-24-081217,
0001840416,,0001171843-25-005741,
0001840425,,0001213900-25-016100,
0001840574,,,0001354457-25-000739
0001840748,,,0001354457-25-001168
0001840776,951,,
0001841125,,0001213900-24-070809,
0001841644,,0001213900-26-008592,
0001841666,501,,
0001841804,1004,,0000876661-24-001067
0001841968,,0000950170-25-108405,
0001842022,653,,
0001842295,,0001193125-25-013287,
0001842718,1380,,0001354457-25-001293
0001843588,,,0001354457-26-000675
0001844505,,0001628280-26-003568,0001354457-25-000714
0001845022,,,0001354457-25-000938
0001845123,,0001213900-24-108913;0001213900-24-110260,
0001845257,1258,,
0001845337,,,0001354457-26-000366
0001845809,,0001193125-25-229373,
0001845815,1265,,
0001846017,,,0001354457-26-000317
0001846416,,0001493152-25-002524,
0001846510,,,0000876661-26-000066
0001847345,,0001493152-25-007898,
0001847367,,0001104659-24-074738,
0001847577,,0001140361-24-038315,0001354457-24-000744
0001847584,,,0001354457-24-000673
0001847874,,0001641172-25-012068,
0001848731,,0001104659-26-078090,
0001848758,,0001839882-24-044352;0001839882-24-045674;0001999371-24-007609;0001999371-24-012519;0001999371-24-013114;0001999371-24-014121;0001999371-24-015562;0001999371-24-015910;0001999371-25-003225;0001999371-25-007002;0001999371-25-013000;0001999371-25-018887;0001999371-25-019652;0001999371-25-020319;0001999371-26-002394;0001999371-26-002395;0001999371-26-002396,0001143362-26-000002
0001849056,,0001104659-24-060634,
0001849221,,,0001143313-26-000033
0001849635,822,,
0001849670,,,0001354457-26-000005
0001849737,,,0001354457-25-000631
0001849998,,0001623632-24-001056;0001623632-25-001045;0001623632-26-000696,
0001850059,,0001829126-24-004262,
0001850270,,0001140361-25-024839,
0001850351,,0001193125-26-255941,
0001850733,,0001213900-26-020393,
0001850906,,,0001354457-25-000126
0001851066,,0001140361-24-024963;0001193125-25-028665;0001193125-25-173594;0001193125-26-059607,
0001851194,,,0001354457-26-000227
0001851491,,0001575872-26-000295,
0001851668,,0001140361-24-024963;0001193125-25-028665;0001193125-25-173594;0001193125-26-059607,
0001851860,,,0001354457-25-000231
0001851959,,0001104659-24-064918,
0001852025,,0001193125-25-303851,
0001852131,697,,
0001852207,,0001213900-24-089846,
0001852244,700,,
0001852551,,0001493152-24-023897;0001493152-26-028856;0001493152-26-028861,
0001852633,,,0000876661-25-000157
0001853138,,0001193125-25-215640;0001193125-25-225299,
0001853145,1218,,
0001853513,1179,,0001354457-26-000478
0001853825,,0001493152-24-042621,
0001853868,,0001628280-26-033638,
0001853921,,0001193125-26-309199,
0001853962,,0001193125-25-165401,
0001854183,,0001683168-24-007583,
0001854401,,,0000876661-25-000629
0001854583,,,0001354457-24-000789
0001854816,,0001477932-24-007908,
0001855457,,,0000876661-26-000635
0001856028,,,0001354457-25-000201
0001856236,,,0001354457-26-000419
0001856437,,0001856437-25-000015,
0001856485,1070,,
0001857047,,0001104659-26-026374,
0001857154,1346,,
0001858257,1327,,0001354457-25-001023
0001858681,119,,
0001858724,,0001193125-24-227675,
0001859007,,,0001354457-25-000988
0001859392,,0001628280-25-025859,
0001859807,,0001213900-25-055493;0001213900-25-063105;0001213900-25-065686,
0001859836,,0001104659-26-046298,
0001860160,,0001193125-25-174518,
0001860412,,0001193125-24-162593,
0001860413,,0001193125-24-162593,
0001860414,,0001193125-24-162593,
0001860434,,0001193125-24-174837;0001193125-24-200738;0001193125-24-202923;0001193125-24-228569;0001193125-24-267847;0001193125-25-076712;0001193125-25-160351;0001193125-25-315267;0001193125-25-326006;0001193125-25-337992;0001193125-26-256709;0001193125-26-327736,
0001860543,1432,,
0001860571,,0001104659-24-066968,
0001860580,,0001104659-24-066968,
0001860742,745,,
0001860782,,,0001354457-25-000408
0001860788,,0000930413-24-001929,
0001861107,,0000950170-24-113508,
0001861123,,0001193125-26-026711,
0001861560,,,0001354457-26-000693
0001861649,,0001104659-24-066968,
0001861661,,0001104659-24-066968,
0001861662,,0001104659-24-066968,
0001862005,,0001104659-26-005799;0001104659-26-022824,
0001862463,,0001493152-24-050829,
0001862935,,0001493152-24-034505;0001493152-24-035327,
0001863934,,0001062993-24-018183,
0001864290,,,0000876661-25-000623
0001865127,,,0001354457-24-000650
0001865187,,,0000876661-25-000771
0001865200,,0001104659-25-088949;0001104659-25-090427,
0001865494,,,0001354457-26-000541
0001865602,,0001213900-24-067575,0001354457-25-001229
0001865782,1253,,
0001866226,,0001213900-26-001058;0001213900-26-002600,
0001866364,,0001213900-25-030444,
0001866368,,,0000876661-26-000553
0001866550,,,0001354457-24-000865
0001867072,731,,
0001867090,,0002071844-26-000237,
0001867729,,0001193125-24-197877,
0001868159,,0001104659-26-018187;0001193125-24-184251,
0001868275,143,,
0001868419,,0001104659-25-014270;0001104659-25-014296,
0001868573,,,0001354457-25-000221
0001868726,1471,,0001354457-26-000642
0001868778,,,0000876661-25-000882
0001868912,,,0000876661-25-000277
0001869105,,0001213900-25-075190,
0001869198,914,,
0001869991,,0000051931-24-000767;0000051931-25-000903,
0001870102,,0000051931-24-000769;0000051931-25-000917,
0001870116,,0000051931-24-000766;0000051931-25-000923,
0001870117,,0000051931-24-000571;0000051931-25-000299;0000051931-25-000609;0000051931-26-000343,
0001870128,,0000051931-24-000765;0000051931-25-000912,
0001870130,,0000051931-24-000770;0000051931-25-000921,
0001870600,,,0000876661-26-000606
0001871130,,,0000876661-26-000304
0001871149,,,0001354457-25-000552
0001871638,,0001193125-25-008517;0001871638-26-000027,
0001872090,,0001193125-24-195585,
0001872195,,0001104659-25-075904,
0001872228,,0001193125-25-116924,
0001873280,,0001213900-25-022008,
0001873331,,,0000876661-24-001164
0001873454,,0001731122-25-000472,
0001873529,,0001193125-24-234526,
0001873722,,0001641172-25-018654,
0001873951,,0001193125-25-264024,
0001874178,397,,
0001874315,,0001437749-25-009268,
0001874330,,0001193125-24-198400,
0001874888,,0001193125-24-198400,
0001874889,,0001193125-24-198400,
0001874892,,0001193125-24-198400,
0001874893,,0001193125-24-198400,
0001874895,,0001193125-24-198400,
0001874944,,,0001354457-25-000367
0001875016,,0001641172-25-021215,
0001875053,,0001193125-24-198400,
0001875187,,0001193125-24-198400,
0001875188,,0001193125-24-198400,
0001875239,,0001193125-24-198400,
0001875994,,0001213900-25-093513,
0001876042,,0000950103-25-006419,
0001876588,,,0001354457-25-001034;0001354457-25-001045
0001876711,,0001140361-25-045047,
0001877184,,0001193125-25-047727,
0001877322,736,,
0001877493,,0001999371-25-014520,
0001877971,,0001213900-25-064118,
0001879103,,,0001354457-25-001079
0001879238,,0001829126-24-007884;0001829126-25-001683,
0001879373,,,0001354457-26-000672
0001879754,,0001104659-24-076155,
0001879848,,,0001354457-25-001132
0001880319,1461,,
0001880343,,,0001143313-26-000051
0001881487,1434,,
0001881567,,0001193125-26-044962,
0001881592,,,0001354457-26-000931
0001882781,,0001599916-25-000030,
0001882782,,0001193125-26-205798,
0001883313,1374,,
0001883437,,0001013762-25-002128,
0001883984,,,0001354457-25-000626
0001884021,,0001213900-25-013248;0001213900-25-013250;0001213900-25-023732;0001213900-25-023734;0001213900-25-044694;0001213900-25-044698;0001213900-26-035085;0001213900-26-035088;0001213900-26-035090;0001213900-26-035091;0001213900-26-035094;0001213900-26-035095;0001213900-26-055696;0001213900-26-055700;0001839882-24-042804;0001839882-24-042807;0001999371-24-007000,
0001884072,,,0001354457-25-000165
0001885522,1270,,
0001886172,,0001193125-24-261740;0001193125-25-028571;0001193125-26-031491;0001193125-26-132007,
0001886428,,0001193125-25-141981,
0001886799,,,0001354457-25-000229
0001888012,,,0001354457-25-000913
0001888151,,,0001354457-25-001170
0001888886,814,,
0001888997,,0001104659-24-107318;0001104659-25-078740;0001104659-26-058553;0001104659-26-065634;0001104659-26-079421,
0001889123,,0001213900-25-014354,
0001889539,375,,
0001889658,,0001193125-24-153016,
0001889791,,0001493152-25-014469,
0001889956,,0000950170-24-085846,0001354457-26-000315
0001890361,,0001104659-24-115227,
0001890663,,0001140361-24-047303,
0001891027,,0001104659-25-051765,
0001892480,,,0001354457-25-000164
0001893219,,0001213900-24-102382,
0001893448,,,0001143313-24-000094
0001893645,,0001213900-24-089072,
0001894176,,0001213900-24-086725,
0001894525,,0001213900-25-019471,
0001895249,,0001104659-24-080823,0001354457-25-000727
0001896036,,0001104659-24-108877,
0001896425,,0001213900-24-089429,
0001896670,,0001193125-25-028067;0001193125-25-195150;0001193125-26-200288,
0001896677,,0001193125-25-253454,
0001897463,,0001104659-24-074651,
0001897532,,0001213900-24-057003;0001213900-25-064079,
0001897762,,0001193125-24-241523,
0001897982,,,0001354457-25-000196
0001898391,,0000880195-25-000251;0001193125-25-135104,
0001898474,,,0001143313-26-000015
0001898496,1408,,0000876661-26-000814
0001898718,,0001104659-26-059658,
0001898795,1429,,
0001899658,,,0001354457-25-001166
0001900520,,0001213900-24-095442,
0001900720,,0001575872-25-000116,0001354457-26-000515
0001901203,,0001213900-25-096652,
0001901305,,,0001354457-25-000094
0001901440,539,,
0001902733,949,,
0001902794,,,0001354457-25-000122
0001903508,,0001628280-26-003543,
0001903595,,0001213900-25-013806,
0001905920,,0001213900-24-077218,
0001906133,,,0001354457-25-000769
0001906324,1129,,
0001906364,,0001104659-25-006572;0001493152-26-034441,
0001908705,,0001213900-24-078835,
0001909799,,0001193125-24-169170;0001193125-24-229035,
0001910139,1288,,
0001910851,799,,0001354457-24-000875;0001354457-24-000876
0001912582,,0001213900-24-056731,0001354457-25-000718
0001912884,,0001213900-25-098265,
0001912966,,0001213900-25-086109,
0001913577,,0001193125-25-220455,
0001913847,,0001213900-24-107532,
0001914818,,,0001354457-25-000725
0001915403,,,0001143313-25-000042
0001915657,544,,
0001918080,,0001213900-25-068196,
0001918102,,0001104659-26-067221;0001213900-25-086894,
0001918414,,0001213900-25-113337,
0001919700,,0001193125-24-286848;0001193125-26-098168,
0001919776,,0001104659-26-046035,
0001920092,,0001213900-24-088283,
0001920294,,0001193125-24-201396,
0001921603,,0001193125-26-262875,
0001921963,1144,,
0001922446,,0001140361-25-043011,0000876661-25-000910
0001924447,,0001580642-24-005424;0001580642-26-002325,
0001924482,,0001731122-24-001417,
0001924868,,0001839882-24-045330;0001839882-25-006766;0001839882-25-007991;0001839882-25-008828;0001839882-25-010550;0001999371-24-005968;0001999371-24-006415;0001999371-24-006477;0001999371-24-007156;0001999371-24-007450;0001999371-24-007531;0001999371-24-008862;0001999371-24-008926;0001999371-24-009502;0001999371-24-011680;0001999371-24-012302;0001999371-24-013309;0001999371-24-014480;0001999371-24-015173;0001999371-24-015316;0001999371-25-000320;0001999371-25-002580;0001999371-25-002974;0001999371-25-002990;0001999371-25-003453;0001999371-25-004023;0001999371-25-004843;0001999371-25-005064;0001999371-25-005939;0001999371-25-006315;0001999371-25-006636;0001999371-25-007022;0001999371-25-007587;0001999371-25-007875;0001999371-25-008539;0001999371-25-008839;0001999371-25-009167;0001999371-25-011471;0001999371-25-012417;0001999371-25-012815;0001999371-25-012956;0001999371-25-013874;0001999371-25-014654;0001999371-25-015166;0001999371-25-015665;0001999371-25-016152;0001999371-25-016428;0001999371-25-016732;0001999371-25-017316;0001999371-25-017365;0001999371-25-017377;0001999371-25-018072;0001999371-25-018433;0001999371-25-018457;0001999371-25-018785;0001999371-25-018806;0001999371-25-020723;0001999371-25-020764;0001999371-25-021143;0001999371-26-000021;0001999371-26-000139;0001999371-26-000142;0001999371-26-000307;0001999371-26-000570;0001999371-26-001108;0001999371-26-001587;0001999371-26-001790;0001999371-26-002271;0001999371-26-002607;0001999371-26-002836;0001999371-26-002918;0001999371-26-003395;0001999371-26-003398;0001999371-26-004151;0001999371-26-004152;0001999371-26-005476;0001999371-26-007126;0001999371-26-007811;0001999371-26-008732;0001999371-26-009101;0001999371-26-009291;0001999371-26-009898;0001999371-26-010027;0001999371-26-010585;0001999371-26-011067;0001999371-26-011147;0001999371-26-011496;0001999371-26-012343;0001999371-26-012833;0001999371-26-013199;0001999371-26-013228;0001999371-26-013342;0001999371-26-014108;0001999371-26-014399;0001999371-26-014693;0001999371-26-014771;0001999371-26-015034,
0001925062,,0001628280-26-042101,
0001925283,,0001628280-26-036716,
0001926293,,0001493152-26-000747,
0001926314,,0001493152-26-027705,
0001926599,,0001104659-24-130256,
0001926792,,0001213900-24-083965,
0001927578,,0001104659-24-127544,
0001927958,,0001641172-25-004654,
0001928481,,0001928481-25-000004,
0001928561,,0001213900-25-021781;0001213900-25-025601;0001213900-25-052040;0001213900-25-070691;0001213900-25-086960;0001213900-25-100188;0001213900-26-005250,
0001929561,957,,
0001929783,,0001213900-24-071154,
0001930147,,0001829126-24-004151;0001829126-24-007268;0001829126-25-005047,
0001930313,,0001213900-24-080668,
0001932393,221,,
0001933021,,0001493152-25-004761,
0001933951,,0001493152-24-042050,
0001934114,,0001104659-26-056570,
0001934850,796,,
0001936157,,0001839882-24-045334;0001999371-24-007806;0001999371-25-000429;0001999371-25-000501;0001999371-25-007563;0001999371-25-007564;0001999371-25-007565;0001999371-25-008267;0001999371-25-010192;0001999371-25-010612;0001999371-25-012552;0001999371-25-013663;0001999371-25-021135;0001999371-26-000414;0001999371-26-009580;0001999371-26-014469,
0001936258,1412,,
0001936817,,0001213900-25-031415,
0001937891,,0001493152-25-027820,
0001937987,,0001213900-26-059035,
0001938534,,0001493152-25-004965,
0001938569,,0001493152-25-016939,
0001938571,,0001213900-25-014630,
0001939365,,,0001354457-26-000531
0001939696,,,0001354457-25-000776
0001939965,,0001213900-26-047612,
0001940674,,0001493152-26-006818,
0001941029,,0001575872-25-000215,
0001941158,,0001575872-25-000186,
0001941365,1208,,
0001941506,,0001731122-24-001489,
0001943705,,0001943705-24-000018,0000876661-25-000006
0001943802,,,0001354457-26-000932
0001944013,564,,
0001944048,238,,
0001944057,,,0000876661-26-000020
0001944285,,0001999371-24-015138;0001999371-25-003198;0001999371-25-012950;0001999371-25-013469;0001999371-25-013946;0001999371-26-005043;0001999371-26-012005;0001999371-26-014325,
0001944712,,0001213900-25-021252,
0001945415,,0001213900-24-089093,
0001945565,,0001213900-25-100258,
0001946573,,0001493152-24-018974,
0001947016,,0001062993-25-017278,
0001947210,,0001753926-24-001331,
0001948443,,0001213900-24-042001,
0001948864,,0001493152-24-035836,
0001948884,,,0001354457-24-000781
0001949478,,,0001354457-26-000945;0001354457-26-000946
0001949543,,,0000876661-25-000611
0001950246,,,0000876661-25-000753
0001951070,,0001628280-25-035653,
0001951229,,0001213900-24-066605,
0001953021,,0001213900-24-086920,
0001953926,,0001104659-24-098571,
0001954042,,0001104659-24-057295,
0001954488,,0001213900-25-053888,
0001954705,,0001929980-25-000465,
0001955520,878,,
0001956166,,0001493152-24-047213,
0001956439,,0001213900-25-068518;0001628280-26-031827;0001628280-26-032558,
0001956648,,0001213900-24-100578,
0001958133,,0001213900-25-004877,
0001958399,,0001213900-25-010105,
0001958489,,0001753926-25-000888,
0001958928,,0001213900-25-041860,
0001959348,1424,,0000876661-25-000707
0001959372,,0000894189-26-021432,
0001959726,,0001193125-24-203301,
0001960355,,0001104659-26-061565,
0001960847,,0001213900-25-002952,
0001962011,,0001493152-24-035986,
0001962738,,,0001354457-26-000606
0001962918,,,0001354457-25-000436
0001964314,,0001493152-24-033834,
0001964504,,0001104659-26-016791,
0001964664,,0001213900-24-087652,
0001964738,535,,
0001964789,1487,,
0001964946,,0001493152-24-050008,
0001965040,1166,,
0001965052,,0001193125-25-079142,
0001966041,,0001213900-26-069696,
0001966233,,0001104659-24-078100,
0001966287,,0001213900-24-080742;0001213900-24-096926,
0001966494,,,0001354457-25-000828
0001966678,,0001493152-24-028299,
0001967397,,0001213900-25-014225,
0001967631,,0001213900-24-081984,
0001967649,1358,,
0001967680,287,,
0001967822,,0001213900-24-099342,
0001968043,,0001493152-24-046981,
0001968915,1300,,
0001969302,,0001104659-24-118785,
0001969445,,0000051931-24-000768;0000051931-25-000910,
0001969489,,0000051931-24-000764;0000051931-25-000906,
0001969674,,0001398344-24-019954;0001398344-24-020395;0001398344-25-018314;0001398344-26-002842;0001999371-25-020061;0001999371-25-021138;0001999371-26-000158,
0001969928,,0001213900-25-004882,
0001969995,,0001206774-24-000556;0001206774-24-000667;0001206774-25-000090;0001206774-25-000400;0001206774-26-000026;0001206774-26-000027,
0001970509,,0001104659-26-043241,
0001970533,,0000051931-25-000298;0000051931-26-000324,
0001970544,,0001213900-24-074278,
0001970622,,0001213900-25-025163,
0001970751,,0000894189-25-002907;0000894189-25-004843;0000894189-25-006591;0000894189-26-003355;0000894189-26-009765;0000894189-26-011940,
0001971387,,0001104659-25-042489;0001104659-25-045127,
0001971542,,0001493152-24-028354,
0001971543,,,0001354457-25-001216
0001972074,,0001213900-24-104770,
0001972234,,0001213900-26-008320,
0001972459,,0001580642-24-005553,
0001973062,,0001493152-26-022151;0001493152-26-022156,
0001974138,1203,,
0001974640,1107,,0001354457-26-000853
0001975641,,0001213900-24-110620,
0001976322,,0001829126-24-005227;0001829126-24-005871;0001829126-24-006578;0001829126-24-008079;0001829126-25-001833;0001829126-25-002159;0001829126-25-002785;0001829126-25-003556;0001829126-25-004307;0001829126-25-004886;0001829126-25-005135;0001829126-25-005970;0001829126-25-005983;0001829126-25-006476;0001829126-25-006556;0001829126-25-007420;0001829126-25-008025;0001829126-25-008367;0001829126-25-008380;0001829126-25-008685;0001829126-25-008691;0001829126-25-009005;0001829126-25-009013;0001829126-25-009020;0001829126-25-009025;0001829126-25-009838;0001829126-25-009911;0001829126-25-009990;0001829126-26-000152;0001829126-26-001044;0001829126-26-001159;0001829126-26-001997;0001829126-26-004901;0001829126-26-005021;0001829126-26-005660;0001829126-26-006225;0001829126-26-006288;0001829126-26-006587;0001829126-26-006600;0001829126-26-006904;0001829126-26-006931;0001829126-26-007282;0001829126-26-007668;0001829126-26-007823,
0001976517,,0000894189-25-000511;0001398344-24-009870;0001398344-24-013591;0001398344-24-016956;0001398344-24-016957;0001398344-24-018034;0001398344-24-023492;0001398344-25-000928;0001398344-25-001148;0001398344-25-002953;0001398344-25-006803;0001398344-25-009707;0001398344-25-011624;0001398344-25-012178;0001398344-25-013446;0001398344-25-017366;0001398344-25-018918;0001398344-25-019439;0001398344-25-019485;0001398344-25-020580;0001398344-25-020674;0001398344-25-020681;0001398344-25-021437;0001398344-26-000382;0001398344-26-003037;0001398344-26-004167;0001398344-26-005240;0001398344-26-005951;0001398344-26-009037,
0001976672,,0001137439-25-000272;0001137439-25-000274;0001137439-25-000392;0001137439-25-001063;0001680359-25-000052,
0001976870,,0001213900-25-091864,
0001976908,,0001104659-24-059585,
0001977303,1002,,0000876661-25-000151
0001979407,,0001493152-24-028891,
0001979414,,0001829126-25-002032,
0001979484,,0001104659-24-076195,
0001979610,,0001731122-24-002017,
0001979887,,0001104659-24-086504,
0001980210,,0001013762-25-001535,
0001980262,,0001213900-25-063736,
0001981546,,0001213900-25-094672,
0001981627,,0001104659-24-111406;0001104659-25-089045;0001193125-26-291832,
0001982012,,0001641172-25-017461,
0001982444,,0001104659-24-104955,
0001982448,,0001641172-25-000268,
0001982708,,0001213900-25-013885,
0001982960,,0001493152-25-014778,
0001982961,,0001641172-25-015007,
0001983324,,0001493152-24-046802,
0001983736,,0001493152-26-003707,
0001984014,,0001213900-24-063426,0001354457-26-000573
0001984060,1198,,
0001984086,,0001193125-24-241135,
0001984124,,0001213900-24-082512;0001213900-25-013119,
0001985139,,0001493152-24-050554,
0001985273,,0001213900-24-056898,
0001986247,,0001213900-24-112428,
0001986817,,0001193125-25-109051,
0001987189,,0001893417-25-000018;0001987189-24-000019,
0001987363,,0001140361-25-010730,
0001988494,,0001140361-24-042511,
0001989278,,0001193125-25-230453,
0001989930,,0001213900-24-089533,
0001990251,,0001213900-24-083162,
0001990354,,0001104659-24-069232,
0001990950,,,0001354457-26-000963
0001991261,,0001493152-24-039679,
0001991332,,0001493152-24-029667,
0001991592,,0001213900-24-113184,
0001991605,,0001213900-25-066568,
0001991792,1221,,
0001991946,,0001213900-24-059676,
0001992104,,0001193125-25-212855;0001193125-25-249600;0001193125-25-291077;0001683863-24-003975;0001683863-24-004126;0001683863-24-009530;0001683863-25-000308;0001683863-25-000997;0001683863-25-002435;0001683863-25-003828;0001683863-25-004816;0001683863-25-005282;0001683863-25-006135;0001683863-25-006963;0001992104-26-000205,
0001992508,,0001213900-24-056409,
0001993004,1018,,
0001993097,,0001213900-25-001520,
0001993400,,0001493152-25-009111,
0001993431,,0001213900-25-020968,
0001993463,,0001104659-24-128847,
0001994214,,0001493152-25-020011,
0001994624,,0001104659-24-132852;0001104659-25-002113,0001354457-26-000539
0001995075,,0001213900-25-091459,
0001995116,,0001213900-24-053121,
0001995194,,0001013762-24-001989,
0001995306,,0001104659-24-060301,
0001995520,,0001193125-25-092699,
0001995569,,0001193125-24-176654,
0001995574,,0001140361-24-032913,
0001995704,,0001493152-24-038234;0001641172-25-003366,
0001995807,,0001193125-24-169595;0001193125-25-180412,
0001996192,,0001213900-24-054609,
0001996810,170,,
0001996862,425,,
0001997182,,0001641172-25-014650,
0001997201,,0001213900-24-062539,
0001997296,,0001062993-24-019039,
0001997350,,0001193125-25-163206,
0001997389,,0001104659-25-076613,
0001997403,,0001376474-24-000547,
0001997637,,0001213900-25-030269,
0001997652,,0001193125-24-168867,
0001997859,,0001193125-24-168754,
0001997950,,0001213900-25-086787,
0001998043,,0001214659-24-012478;0001214659-24-020546,
0001998056,,0001493152-24-037353,
0001998311,,0001140361-24-042311,
0001998560,,0001213900-24-113640,
0001999001,,0001193125-24-173290,
0001999297,,0001213900-24-047364,
0001999860,,0001213900-24-097464,
0002000046,,0001193125-24-176363,
0002000178,777,,
0002000230,,0001213900-24-098730,
0002000366,,0001213900-25-039122,
0002000410,,0001213900-24-056673,
0002000530,,0001829126-25-000349,
0002000638,,0001437749-24-022402,
0002000640,,0001013762-24-000861,0001354457-25-000691
0002000756,,0001829126-25-003630,
0002001288,,0001213900-25-019116,
0002001557,,0001140361-24-042555;0001140361-24-043179,
0002001699,,0001213900-24-064708,
0002001794,,0001213900-25-033502,
0002002038,,0001829126-26-006250,
0002002045,,0001104659-25-012646,
0002002236,,0001213900-24-085279,
0002002453,,0001493152-25-008039,
0002002473,,0001628280-24-024805,
0002002660,,0001140361-26-017541,
0002003061,,0001213900-24-086112,
0002003292,,0002003292-25-000045,
0002003977,,0001213900-25-066459,
0002004024,,0001213900-25-026279,
0002004385,,0001213900-25-083964,
0002004440,,0000950157-24-001369;0001193125-25-269762;0001193125-26-288450,
0002004489,,0001493152-25-006776,
0002004711,,0001104659-26-079539,
0002005569,,0001641172-25-017346,0001354457-26-000954
0002006191,,0001193125-24-137354;0001193125-24-137722,0001354457-25-000386
0002006291,,0001193125-24-126306,
0002006468,,0001493152-25-006054;0001641172-25-022923,0001354457-26-000961
0002006815,,0001829126-24-005313,
0002006986,,0001140361-24-035187;0001140361-24-035942,
0002007191,,0001140361-24-029566,
0002007329,,0001104659-24-059436,
0002007587,,0001193125-25-114463,
0002007596,,0001628280-24-031873,
0002007599,,0001641172-25-018425,
0002007691,,0001185185-26-003012,
0002007702,,0001213900-25-001906,
0002007825,,0001193125-25-118382;0001193125-26-050171;0001193125-26-053097,
0002007846,,0001641172-25-013560,
0002007855,,0001193125-25-011373,
0002008007,,0001213900-25-061540,
0002008359,,0000051931-24-000610;0000051931-25-000902,
0002008374,,0000051931-24-000611;0000051931-25-000919,
0002008516,,0000051931-24-000612;0000051931-25-000908,
0002008517,,0000051931-24-000613;0000051931-25-000913,
0002009183,,0001829126-25-002472,
0002009233,,0001213900-25-093782,
0002009312,,0001493152-25-004889,
0002009684,,0001628280-24-025079;0001628280-24-040776,
0002009714,,0001641172-25-005140,
0002010499,,0001493152-24-052507,
0002010653,,0001829126-24-006201,
0002010788,,0001493152-24-029933,
0002010930,,0001213900-24-051065,
0002010959,,0001213900-25-099706,
0002011134,,0002011134-26-000009,
0002011208,,0001493152-24-033978,
0002011286,,0001193125-24-178835,
0002011458,,0001493152-25-012700,
0002011514,,0001104659-24-127186,
0002011535,,0001680359-24-000173,
0002011617,,0002011617-25-000011,
0002011641,,0001193125-24-190512,
0002011674,,0001213900-25-078815,
0002011954,,0001493152-24-043363,0001354457-26-000530
0002012096,,0001213900-24-072882,
0002012219,,0001213900-25-040972,
0002012318,,0001213900-25-034723,
0002012383,,0001193125-24-229601;0001193125-25-072466,
0002012593,,0001193125-24-154251,
0002012600,,0001641172-25-022092,
0002012726,,0000943374-24-000345,
0002012964,,0001013762-24-002647,
0002013186,,0001213900-24-103334,
0002013320,,0001641172-25-025480,
0002013639,,0000943374-24-000426,
0002013649,,0001104659-25-033669,
0002013744,,0001999371-24-008250,
0002013745,,0001193125-24-177313,
0002013807,,0001213900-24-081805;0001213900-24-084719,
0002014254,,0001213900-25-003450,
0002014337,,0001213900-25-093531,
0002014487,,0001213900-24-071529,
0002014596,,0001104659-24-082053,
0002014955,,0001213900-25-037363,0001354457-26-000676
0002014982,,0001213900-24-059991,
0002015000,,0001104659-24-096412;0001104659-24-122146;0001104659-25-050475,
0002015034,,0001193125-24-187600,
0002015502,,0001213900-24-060628,
0002015691,,0001493152-24-046986,
0002015845,,0001628280-24-040236,
0002015947,,0001104659-24-087884,
0002015955,,0001213900-24-053147,
0002016072,,0001213900-24-060550,
0002016221,,0001104659-24-072011,
0002016337,,0001213900-24-082887,
0002016420,,0001213900-24-049857,
0002016429,,0001104659-24-066968,
0002017206,,0001193125-25-006482,
0002017526,,0001140361-24-029451;0001140361-26-028966;0001140361-26-029471,0001354457-26-000709
0002017758,,0001213900-25-043434,
0002017950,,0001493152-24-026635,
0002018064,,0001193125-24-269360,
0002018145,,0001213900-24-086715,
0002018222,,0001641172-25-013962,
0002018462,,0001493152-25-001893,
0002018529,,0001013762-25-003059,
0002018846,,0000912938-25-000127;0000912938-25-000195;0000912938-26-000193;0000912938-26-000647;0001741773-24-004454,
0002019410,,0001104659-25-059448;0001104659-26-074436,
0002019435,,0001213900-25-057617,
0002019505,,0001213900-24-110430,
0002019688,,0001193125-24-144050;0001193125-25-004260,
0002019793,,0001140361-25-021661;0001140361-25-022325,
0002019804,,0001140361-24-037444;0001213900-25-105304,
0002020027,,0001213900-24-085941,
0002020228,,0001213900-25-059931,
0002020385,,0001213900-24-105059,
0002020455,,0001193125-24-181506,
0002020737,,0001493152-25-021020,
0002020795,,0000950103-25-009718,
0002020932,,0001104659-26-009822,
0002020987,,0001213900-24-069304,
0002021042,,0001213900-24-065397,
0002021516,,0001193125-24-162593,
0002021518,,0001193125-24-162593,
0002021688,,0001493152-25-001513,
0002021728,,0001628280-26-033418,
0002021880,,0001193125-26-133638,
0002021938,,0001193125-24-249819,
0002022308,,0001929980-25-000205;0001929980-25-000257,
0002022416,,0001213900-24-069567;0001213900-24-071491,
0002022626,,0001193125-24-234377,
0002022710,,0001628280-24-025816,
0002022900,,0001104659-24-064757;0001104659-24-066144;0001104659-25-113222,
0002023016,,0001104659-25-094385,
0002023153,,0001493152-24-038460,
0002023311,,0001104659-25-004905,
0002023554,,0001193125-24-264578,
0002023658,,0001193125-24-216612,
0002023676,,0001213900-24-085763,
0002023730,,0001193125-24-208863;0001193125-26-249151,
0002023796,,0001641172-25-026331,
0002024114,,0001641172-25-025327,
0002024203,,0001493152-24-037074,
0002024218,,0001013762-24-003515,
0002024258,,0001493152-25-021667,
0002024283,,0001213900-25-065325,
0002024306,,0001493152-25-008375,0001354457-26-000855
0002024459,,0001213900-24-089859,
0002024460,,0001213900-25-043411,
0002024656,,0001213900-25-057268,
0002024876,,0001213900-25-032319,
0002025065,,0001104659-24-092219,
0002025218,,0001213900-25-062068,
0002025255,,0001213900-25-099318,
0002025341,,0001213900-24-075789,
0002025396,,0001213900-24-075729,
0002025401,,0001213900-25-017670,
0002025410,,0001193125-24-229818,
0002025416,,0001193125-25-209065,
0002025608,,0001641172-25-001974,
0002025774,,0001493152-25-019399,
0002025942,,0001493152-25-012296,
0002025968,,0000030146-25-000145;0000030146-26-000006;0000030146-26-000007;0000030146-26-000008;0000030146-26-000009;0000030146-26-000010;0000030146-26-000301;0000030146-26-000302;0000030146-26-000318;0002025968-24-000021;0002025968-25-000005,
0002026053,,0001140361-26-017538,
0002026353,,0001641172-25-003423,
0002026478,,0001013762-25-003638,
0002026514,,0001213900-25-051171,
0002026767,,0001493152-25-018728,
0002026793,,0001193125-24-234354,
0002027160,,0001641172-25-014630,
0002027262,,0001493152-24-048120;0001641172-25-012172,
0002027265,,0001641172-25-003445,
0002027317,,0001193125-24-212125,
0002027329,,0001193125-26-229777,
0002027360,,0001493152-25-010880,
0002027708,,0001213900-25-000977,
0002027722,,0001213900-25-059312,
0002027815,,0002027815-25-000011,
0002028027,,0001213900-24-092578,
0002028177,,0001641172-25-013548,
0002028201,,0001213900-25-005569,
0002028293,,0001104659-24-132535;0001213900-25-001708,
0002028336,,0001104659-24-126634;0001104659-24-128000,
0002028355,,0001477932-25-000881,
0002028516,,0001437749-25-003316,
0002028541,,0001628280-25-051944,
0002028614,,0001213900-25-001726,
0002028699,,0001213900-24-100504,
0002028707,,0001213900-24-092616;0001213900-26-028219;0001213900-26-032329,
0002028735,,0001213900-25-063611,
0002028834,,0001213900-25-099141,
0002028835,,0001213900-25-112696,
0002028935,,0001213900-24-101858,
0002029023,,0001213900-24-094785,
0002029039,,0001493152-25-011753,
0002029118,,0001193125-25-016851,
0002029138,,0001213900-25-021023,
0002029471,,0000919574-25-001556,
0002029492,,0001213900-24-107325,
0002029769,,0001193125-24-241503,
0002029976,,0001213900-25-009871,
0002030277,,0001829126-25-007719,
0002030482,,0001213900-25-003176,
0002030522,,0001213900-25-022556,
0002030617,,0001829126-25-006052,
0002030663,,0001213900-25-026752,
0002030763,,0001493152-25-007154,
0002030781,,0001193125-25-025531,
0002030829,,0001213900-24-103855,
0002030834,,0001213900-24-113332,
0002030954,,0001493152-25-005851,
0002031009,,0001213900-24-113639,
0002031069,,0001213900-25-010841,
0002031561,,0001104659-24-110140,
0002031688,,0001213900-25-059368,
0002032341,,0001213900-26-035147;0001213900-26-036722,
0002032379,,0001493152-24-043938,
0002032528,,0001104659-24-127119,
0002032545,,0001493152-25-004875,
0002032755,,0001213900-25-028586,
0002032779,,0000919574-25-003750,
0002032950,,0001929980-24-000522,
0002032966,,0001213900-25-013770;0001213900-25-044184,
0002033122,,0001829126-25-002993,
0002033377,,0001213900-25-064282,
0002033383,,0001213900-25-100326;0001493152-25-019927,
0002033515,,0001013762-25-003246,
0002033593,,0001213900-25-007471,
0002033770,,0001213900-25-055727;0001213900-25-057972,
0002033807,,0001137439-25-000097,
0002033991,,0001213900-25-033962,
0002034012,,0001193125-26-054329,
0002034037,,0001213900-25-026000,
0002034266,,0001213900-25-105082,
0002034267,,0001213900-25-078775,
0002034268,,0001213900-25-057613,0001354457-26-000466
0002034269,,0001213900-25-038210,0001354457-26-000638
0002034313,,0001213900-25-056955,
0002034334,,0001140361-25-004064,
0002034400,,0001493152-25-016207,
0002034406,,0001213900-24-110114;0001213900-25-041355;0001213900-25-053064;0001213900-25-061844;0001213900-25-066709;0001213900-25-122068;0001213900-25-122081,
0002034520,,0001641172-25-004670,
0002034723,,0001213900-25-097273,
0002034928,,0000051931-25-000058;0000051931-25-000576;0000051931-25-000806,
0002035016,,0001213900-25-003383,
0002035053,,0001193125-26-101640,
0002035149,,0001193125-25-006686;0001193125-25-180416,
0002035173,,0001140361-25-018821,
0002035304,,0001193125-25-021469,
0002035309,,0001193125-25-028665;0001193125-25-173594,
0002035310,,0001193125-25-028665;0001193125-25-173594;0001193125-26-059607,
0002035644,,0001193125-24-281723,
0002035697,,0001213900-25-070260,
0002035709,,0001641172-25-006007,
0002035827,,0001104659-24-121909;0001104659-25-119903,
0002035832,,0001193125-26-006265,
0002035989,,0001140361-25-006351,
0002035992,,0001213900-25-100117,
0002036042,,0001193125-25-020023,
0002036307,,0001641172-25-003224,
0002036330,,0001193125-24-233869,
0002036332,,0001193125-24-233869,
0002036334,,0001193125-24-233869,
0002036335,,0001193125-24-233869,
0002036336,,0001193125-24-233869,
0002036337,,0001193125-24-233869,
0002036340,,0001193125-24-233869,
0002036344,,0001193125-24-233869,
0002036354,,0001193125-24-233869,
0002036356,,0001193125-24-233869,
0002036357,,0001193125-24-233869,
0002036358,,0001193125-24-233869,
0002036359,,0001193125-24-233869,
0002036361,,0001193125-24-233869,
0002036363,,0001193125-24-233869,
0002036385,,0001193125-24-233869,
0002036386,,0001193125-24-233869,
0002036466,,0001193125-24-233869,
0002036477,,0001193125-24-233869,
0002036480,,0001193125-24-233869,
0002036482,,0001193125-24-233869,
0002036484,,0001193125-24-233869,
0002036486,,0001193125-24-233869,
0002036487,,0001193125-24-233869,
0002036489,,0001193125-24-233869,
0002036508,,0001193125-24-233869,
0002036509,,0001193125-24-233869,
0002036511,,0001193125-24-233869,
0002036512,,0001193125-24-233869,
0002036514,,0001193125-24-233869,
0002036531,,0001193125-24-233869,
0002036532,,0001193125-24-233869,
0002036535,,0001193125-24-233869,
0002036537,,0001193125-24-233869,
0002036538,,0001193125-24-233869,
0002036541,,0001193125-24-233869,
0002036545,,0001193125-24-233869,
0002036551,,0001193125-24-233869,
0002036553,,0001193125-24-233869,
0002036557,,0001193125-24-233869,
0002036588,,0001193125-24-233869,
0002036593,,0001193125-24-233869,
0002036630,,0001193125-24-233869,
0002036973,,0001829126-25-002172,
0002037245,,0001104659-25-008107;0001104659-25-045100,
0002037400,,0001104659-25-090562,
0002037427,,0001193125-25-290977,
0002037431,,0001829126-25-003890,
0002038378,,0001213900-25-097998,
0002038383,,0001839882-25-002792;0001839882-25-006676;0001999371-26-011681,
0002038439,,0001731122-25-000954;0001731122-25-000977,
0002039058,,0001213900-24-105842,
0002039072,,0001683168-25-008714,
0002039273,,0001213900-26-010315,
0002039458,,0001999371-25-016133,
0002039461,,0001999371-25-016131,
0002039497,,0000950142-25-002462;0001104659-24-132493,
0002039505,,0001999371-25-017357,
0002039525,,0001213900-25-112387,
0002039972,,0001104659-26-029381,
0002040127,,0001193125-25-024908,
0002040290,,0001493152-25-002106,
0002040381,,0001829126-25-004551,
0002040475,,0001213900-25-091080,
0002040491,,0001104659-25-058338,
0002040807,,0001193125-25-012767,0001354457-25-001124
0002041047,,0001213900-25-033552,
0002041208,,0001213900-26-080925,
0002041338,,0001641172-25-020585,
0002041385,,0001104659-25-044355,
0002041493,,0001213900-25-108861,
0002041610,,0001193125-25-175046,
0002041829,,0001641172-25-027107,
0002041869,,0001999371-25-017822,
0002042022,,0001213900-25-071367,
0002042182,,0001213900-25-046251,
0002042292,,0001213900-25-092649,
0002042347,,0001193125-26-186943,
0002042460,,0001213900-25-094036,
0002042513,,0001193125-25-061245;0001193125-26-213943;0001193125-26-213959,
0002042694,,0001193125-24-254254,
0002042902,,0001213900-25-059990,
0002043390,,0001999371-25-010452;0001999371-25-015870;0001999371-25-016252;0001999371-25-019765;0001999371-26-011152;0001999371-26-012808;0001999371-26-015038;0001999371-26-016518,
0002043508,,0001477932-25-007353,
0002043630,,0001829126-25-007672,
0002043699,,0001213900-25-017790,
0002043766,,0001140361-25-024983,
0002043954,,0001213900-25-045773;0001213900-25-045775;0001213900-25-045777;0001213900-25-045779;0001999371-25-015614;0001999371-25-015865;0001999371-25-015996;0001999371-25-016072;0001999371-26-000877;0001999371-26-002891;0001999371-26-003813;0001999371-26-016471,
0002044009,,0001193125-25-123123,
0002044112,,0001213900-25-123435,
0002044241,,0001493152-25-012393,
0002044255,,0001193125-25-115796,
0002044327,,0001104659-25-074538,
0002044523,,0001641172-25-017334,
0002044635,,0001213900-25-025306,
0002044725,,0001193125-25-264660,
0002044817,,0001193125-26-194971,
0002045473,,0001829126-25-003014,
0002045872,,0001213900-25-092433,
0002046042,,0001104659-25-062698,
0002046117,,0001641172-25-021512,
0002046386,,0001193125-25-321208,
0002046573,,0001641172-25-012419,0001354457-26-000933
0002046656,,0001213900-25-056601,
0002047148,,0001213900-25-066367,
0002047177,,0001213900-25-087527,
0002047190,,0001493152-25-014868,
0002047235,,0000943374-25-000183,
0002047273,,0001213900-25-075248,
0002047455,,0001829126-25-001841,
0002047497,,0001104659-25-017436,
0002048271,,0001493152-25-021628,
0002048519,,0001140361-25-020024,
0002048948,,0001213900-25-034490,
0002048951,,0001193125-26-276307;0001193125-26-283064;0001213900-25-017692,
0002049187,,0001213900-25-064025,
0002049248,,0001929980-25-000324,
0002049662,,0001104659-25-043271;0001104659-26-072433,
0002049717,,0001213900-25-119421,0001143313-26-000035
0002049860,,0001477932-24-008347,
0002050501,,0001641172-25-014317,
0002051380,,0001213900-25-064076;0001213900-25-065768;0001213900-25-100163,
0002051587,,0001213900-25-053854,
0002051630,,0000930413-25-001088;0000930413-25-002396;0000930413-25-002397,
0002051820,,0001628280-26-003464;0002051820-25-000099,
0002051985,,0001213900-25-122247,
0002052053,,0001213900-26-059209,
0002052161,,0001213900-25-034680,
0002052162,,0001213900-25-034679,
0002052229,,0001410578-25-002069,
0002052243,,0001213900-25-120472,
0002052547,,0001104659-25-045958,
0002052568,,0001193125-25-201126,
0002052959,,0001193125-25-114482;0001193125-25-114506,
0002053033,,0001493152-25-013983,
0002053365,,0002053365-26-000006,
0002053456,,0001213900-25-051209,
0002053641,,0001104659-25-080758,
0002053791,,0001213900-25-114517,
0002053799,,0001213900-25-047652,
0002053927,,0001829126-25-003980,
0002054174,,0001213900-25-034886,
0002054247,,0001213900-26-023575,
0002054272,,0001213900-25-060204,
0002054507,,0001213900-25-059621,
0002054696,,0001193125-25-162900,
0002054876,,0001213900-25-059511,
0002055116,,0001104659-25-052777,
0002055459,,0001213900-25-037203,
0002055464,,0001213900-25-049849;0001213900-26-014424;0001213900-26-037663;0001213900-26-037908,
0002055510,,0001193125-25-290972,
0002055592,,0001104659-25-088679,
0002055879,,0001140361-25-024112,
0002056263,,0001213900-25-043817,
0002056634,,0001213900-25-045686,
0002057030,,0001213900-25-055112,
0002057043,,0001213900-25-043927,
0002057388,,0002071844-25-000543,
0002057463,,0001104659-25-067096;0001104659-25-115329,
0002058265,,0001193125-25-122529,
0002058349,,0001213900-25-072964,
0002058359,,0001213900-25-046679,
0002058584,,0001641172-25-022604,
0002058707,,0001193125-26-323646,
0002058758,,0000943374-25-000347,
0002058867,,0001493152-25-021291,
0002058873,,0001193125-25-093594,
0002058897,,0001193125-25-121701,
0002059033,,0001213900-25-058192,
0002059165,,0001829126-25-005461,
0002059438,,0002071844-25-000473,
0002059653,,0000950170-25-096989,
0002059654,,0001185185-25-000620,
0002060016,,0001213900-25-095976,
0002060083,,0001213900-25-086124,
0002060201,,0001193125-25-173594;0001193125-26-059607,
0002060202,,0001193125-25-173594;0001193125-26-059607,
0002060280,,0001104659-26-066295,
0002060337,,0001213900-25-048058,
0002060491,,0001193125-25-173594;0001193125-26-059607,
0002060703,,0001999371-26-003428,
0002060717,,0001628280-26-002820,
0002061379,,0001213900-25-057053,
0002061473,,0001641172-25-009591,
0002061626,,0001213900-26-018703,
0002061770,,0001398344-25-018419;0001580642-26-002165,
0002062440,,0001213900-25-075261,
0002062583,,0001628280-26-015031,
0002062986,,0001193125-25-161677,
0002063196,,0001193125-25-203560,
0002063380,,0001193125-25-284098,
0002063769,,0001104659-25-057798,
0002063816,,0001213900-25-059247,
0002063863,,0001104659-25-105557,
0002063944,,0001104659-25-057798,
0002063949,,0001104659-25-057798,
0002064124,,0001628280-25-041778,
0002064177,,0001185185-25-001654,
0002064314,,0001213900-26-002555,
0002064355,,0001193125-25-221832,
0002064658,,0001213900-25-058291,
0002064683,,0001213900-25-059554,
0002064833,,0002064833-25-000005,
0002064947,,0001193125-25-205449;0001193125-25-205450,
0002064953,,0002064953-25-000006,
0002065379,,0000898432-25-000727;0001193125-25-317342,
0002065601,,0001104659-25-114023,
0002065636,,0001193125-26-045460,
0002065659,,0001193125-25-274207,
0002065661,,0001477932-26-002556,
0002065708,,0001193125-25-317595,
0002065779,,0001829126-25-005587,
0002065812,,0001104659-25-108554,
0002065948,,0001185185-25-000779,
0002066824,,0001628280-26-037675,
0002066836,,0001062993-26-002453,
0002067129,,0001213900-25-093071,
0002067592,,0001213900-25-074237,
0002067627,,0001213900-25-097745,
0002067674,,0001539497-26-001180,
0002067767,,0001493152-25-020395,
0002067876,,0001193125-25-207527,
0002068385,,0001829126-25-010236;0001829126-26-001376,
0002068454,,0001829126-25-006733,
0002068577,,0002068577-25-000027,
0002068712,,0001213900-25-123810;0001213900-26-026101;0001213900-26-036466,
0002069238,,0001213900-25-064523,
0002069604,,0001104659-25-114570,
0002069687,,0001999371-25-021298;0001999371-26-003804;0001999371-26-005961;0001999371-26-005967;0001999371-26-005976;0001999371-26-005981;0001999371-26-011865,
0002069785,,0001193125-25-287192,
0002069856,,0001213900-25-069706,
0002070457,,0001213900-25-119080;0001213900-25-121293,
0002070534,,0001213900-26-067818,
0002070542,,0001213900-26-027408,
0002070602,,0001185185-25-000926,
0002070849,,0001193125-25-262540,
0002070887,,0001213900-25-096188,
0002070900,,0001829126-25-005822,
0002070954,,0001213900-25-117554,
0002071107,,0000894189-25-010279,
0002071288,,0001193125-25-314999,
0002071778,,0001213900-25-094050,
0002072188,,0001104659-26-086161,
0002072404,,0001213900-25-082953,
0002073153,,0001104659-25-117982,
0002073340,,0001213900-25-085308,
0002073515,,0001493152-26-019307,
0002073553,,0001493152-25-016627,
0002073928,,0001213900-25-080538,
0002074123,,0001213900-25-091346,
0002074176,,0001193125-25-183036,
0002074409,,0002071844-25-000620,
0002074697,,0001213900-25-091397,
0002074850,,0001104659-25-086704,
0002074872,,0001213900-25-093575,
0002074878,,0001493152-25-025740,
0002074973,,0001213900-25-121920,
0002075068,,0001213900-25-113950,
0002075109,,0001213900-26-062961,
0002075310,,0001213900-25-085890,
0002075320,,0001213900-26-008173,
0002075336,,0001213900-25-093803,
0002075816,,0001213900-25-090873,
0002076163,,0001213900-25-118514;0001213900-25-120791,
0002076192,,0001213900-25-103537,
0002076427,,0001213900-25-088795,
0002076565,,0001104659-25-113222,
0002076616,,0001213900-25-106896,
0002076739,,0001213900-25-114560,
0002076975,,0001493152-26-003748,
0002077010,,0001493152-25-013042,
0002077033,,0001493152-25-018860,
0002077057,,0001171520-25-000353,
0002077697,,0001398344-26-005169,
0002077709,,0001213900-26-018027,
0002077715,,0001398344-26-005174,
0002077785,,0001185185-26-000360,
0002077954,,0001213900-25-108206,
0002078008,,0001193125-25-282972,
0002078265,,0002078265-25-000022;0002078265-25-000023;0002078265-26-000066;0002078265-26-000081;0002078265-26-000187;0002078265-26-000198;0002078265-26-000267;0002078265-26-000288;0002078265-26-000291;0002078265-26-000300;0002078265-26-000314;0002078265-26-000328,
0002078416,,0001104659-25-120675,
0002078653,,0001193125-25-227525,
0002078856,,0001493152-25-025680,
0002079013,,0001829126-25-009284,
0002079106,,0001213900-25-101447,
0002079109,,0001829126-26-006236,
0002079173,,0001193125-25-216474,
0002079253,,0001213900-25-102429,
0002079272,,0001213900-26-045037,
0002079292,,0001213900-25-102927,
0002079364,,0001829126-26-006171,
0002079431,,0001104659-26-018187,
0002079432,,0001104659-26-018187,
0002079433,,0001104659-26-018187,
0002079434,,0001104659-26-018187,
0002079435,,0001104659-26-018187,
0002079436,,0001104659-26-018187,
0002079437,,0001104659-26-018187,
0002079439,,0001104659-26-018187,
0002079720,,0001493152-26-000611;0001493152-26-024766,
0002079933,,0001213900-25-123035,
0002079999,,0001213900-25-119830,
0002080019,,0001193125-25-229675,
0002080023,,0001213900-25-103807,
0002080087,,0001477932-26-002147,
0002080126,,0001193125-26-038377,
0002080215,,0001213900-26-072064;0001213900-26-074559,
0002080316,,0001104659-26-018187,
0002080373,,0001104659-26-018187,
0002080753,,0001104659-26-018187,
0002080845,,0001193125-26-098223,
0002080883,,0001104659-26-018187,
0002080921,,0001193125-26-045920,
0002080985,,0001104659-25-119866,
0002081043,,0001140361-25-046926,0001354457-26-000870
0002081119,,0001213900-26-028697,
0002081125,,0001213900-25-103100,
0002081199,,0001193125-25-296628;0001193125-26-082403;0001193125-26-232132,
0002081206,,0001753926-26-000296,
0002081300,,0001829126-26-000777,
0002081358,,0001213900-25-121572,
0002081468,,0001213900-25-119495,
0002081515,,0001829126-26-005191,
0002081532,,0001213900-25-119904,
0002081536,,0001213900-26-009791,
0002081690,,0001213900-26-052012,
0002081909,,0001104659-25-116462,
0002082119,,0001140361-26-002263,
0002082149,,0001213900-25-119119,
0002082247,,0001104659-26-004329,
0002082526,,0001493152-26-026870,
0002082542,,0001829126-25-009534,
0002082844,,0001213900-25-117677,
0002082847,,0001493152-26-011575,
0002082866,,0001140361-25-046956;0001140361-26-000050,
0002082889,,0001213900-26-001152,
0002083002,,0001104659-25-120851,
0002083125,,0001213900-26-023453;0001213900-26-025222,
0002083143,,0001213900-25-124059,
0002083193,,0000930413-26-000087;0000930413-26-001990,
0002083217,,0001213900-26-034432,
0002083423,,0001193125-26-059607,
0002083452,,0001829126-26-004606,
0002083493,,0001493152-26-002903,
0002083526,,0001829126-26-004871,
0002083632,,0001628280-26-007360,
0002083689,,0001213900-25-117685,
0002083728,,0001213900-25-122734,
0002083785,,0001193125-26-024240,
0002083910,,0001437749-26-001765,
0002083946,,0001213900-26-015473,
0002083984,,0001193125-26-059607,
0002083989,,0001104659-26-005258,
0002084026,,0001437749-26-023428,
0002084222,,0000947871-26-000368,
0002084396,,0001213900-26-004525,
0002084563,,0001185185-25-001919,
0002085091,,0001628280-26-013619,
0002085177,,0001829126-25-009948;0001829126-26-003267,
0002085187,,0001628280-26-005388,
0002085408,,0001140361-25-043933,
0002085485,,0001477932-26-001000,
0002085659,,0001213900-25-124281,
0002085932,,0001213900-26-056673,
0002086017,,0001213900-26-018435,
0002086263,,0001213900-26-001831,
0002086264,,0001213900-25-121779,
0002086438,,0001193125-26-277150,
0002086524,,0001213900-26-008752,
0002086545,,0001213900-26-000843,
0002086587,,0001193125-26-028089,
0002086663,,0001193125-26-059607,
0002086716,,0001213900-26-078152,
0002086841,,0001213900-26-071131,
0002087087,,0001104659-26-000462,
0002087361,,0001213900-26-009245,
0002087398,,0001104659-26-033637,
0002087446,,0001213900-26-014940,
0002087447,,0001213900-26-002565,
0002087450,,0001829126-26-000461,
0002087587,,0001213900-26-037137,
0002087965,,0001213900-26-069126,
0002087989,,0001437749-26-023399;0001437749-26-023401;0001437749-26-023442;0001437749-26-023444,
0002088103,,0001185185-26-000498,
0002088139,,0001213900-26-055092,
0002088256,,0001213900-26-031619,
0002088281,,0001193125-26-202395,
0002088295,,0001213900-26-002009,
0002088325,,0001213900-26-003959,
0002088626,,0001493152-26-024761,
0002088749,,0001193125-25-313495,
0002088805,,0001213900-26-014012,
0002088807,,0001213900-26-006366,
0002088896,,0001104659-26-048067,
0002089271,,0001628280-26-013549,
0002089283,,0001104659-26-018962;0001104659-26-022330,
0002089536,,0001213900-26-011873,
0002089661,,0001193125-25-257691;0001193125-26-295537,
0002089855,,0001999371-26-013156,
0002089969,,0001437749-26-020341,
0002089982,,0001213900-26-014616,
0002090011,,0001213900-26-053685,
0002090312,,0001104659-26-057155,
0002090441,,0001213900-26-020586,
0002090452,,0001104659-26-003972,
0002090646,,0001493152-26-021726;0001493152-26-023208,
0002090756,,0001140361-25-041407,
0002090787,,0001213900-26-059539,
0002091017,,0001140361-26-023826,
0002091024,,0001213900-26-011465,
0002091176,,0001104659-26-012427,
0002091222,,0001213900-26-008081,
0002091349,,0001193125-26-088399,
0002091467,,0001193125-25-256593,
0002091484,,0001829126-26-001852,
0002091712,,0001829126-26-001278,
0002092259,,0001140361-25-045047,
0002092446,,0001104659-26-072801;0001104659-26-075150,
0002092574,,0001104659-26-027353,
0002092897,,0001193125-26-054605,
0002093101,,0001193125-25-314415,
0002093484,,0001213900-26-009431,
0002093507,,0001829126-26-002680;0001829126-26-002797;0001829126-26-003943,
0002093524,,0001213900-26-059516,
0002093536,,0001193125-26-155863,
0002093912,,0001213900-26-006725,
0002094073,,0001493152-26-007474,
0002094076,,0001493152-26-021592,
0002094265,,0001213900-26-007658,
0002094433,,0001104659-26-040631;0001104659-26-043237;0001193125-26-237910,
0002094496,,0001213900-26-073695,
0002094919,,0001213900-26-061952,
0002095096,,0001829126-26-006191,
0002095161,,0001213900-26-014044,
0002095297,,0001213900-26-036109,
0002095443,,0001213900-26-053994,
0002095743,,0001193125-26-205557,
0002095872,,0001104659-26-018187,
0002096205,,0001104659-25-115462,
0002096300,,0001193125-26-160210,
0002096362,,0001493152-26-021440,
0002096755,,0001213900-26-069521,
0002096861,,0001140361-26-026347,
0002096900,,0001213900-26-017788,
0002096904,,0001999371-26-006816,
0002096997,,0001193125-26-154882,
0002097163,,0001213900-26-031936,
0002097288,,0001213900-26-030637,
0002097364,,0001213900-26-014034,
0002097376,,0001213900-26-019727,
0002097725,,0001193125-26-225113,
0002097986,,0001213900-26-049145,
0002098242,,0001104659-26-011879,
0002098395,,0001493152-26-034960,
0002098430,,0001193125-26-157864,
0002098669,,0001493152-26-003922,
0002098707,,0001213900-26-060000,
0002098712,,0001193125-26-022223,
0002098780,,0001213900-26-020306,
0002099093,,0001493152-26-005071,
0002099095,,0001213900-26-055555,
0002099103,,0001437749-26-007336,
0002099232,,0001493152-26-010287,
0002099656,,0001213900-26-006522,
0002099681,,0001213900-26-062402,
0002099767,,0001213900-26-043295,
0002099906,,0001213900-26-017556,
0002100125,,0001104659-26-010894,
0002100161,,0001193125-26-220896,
0002100704,,0001493152-26-028833,
0002100782,,0001193125-26-067219,
0002100805,,0001104659-26-032243,
0002101135,,0001206774-26-000101,
0002101393,,0001185185-26-002299,
0002101470,,0001213900-26-069566,
0002101562,,0001104659-26-016880,
0002101698,,0001213900-26-046565,
0002102041,,0001213900-26-034150,
0002102123,,0001213900-26-040196,
0002102155,,0001213900-26-049051,
0002102713,,0001193125-26-087222,
0002102771,,0001213900-26-063817,
0002103377,,0001193125-26-059607,
0002103547,,0001104659-26-085728,
0002103612,,0001104659-26-034379,
0002103976,,0001104659-26-085727,
0002104052,,0001628280-26-020017,
0002104177,,0001213900-26-064479,
0002104204,,0001193125-26-156986,
0002104260,,0001193125-26-189235,
0002104391,,0001213900-26-081776,
0002104659,,0001213900-26-045114;0001213900-26-045117,
0002104879,,0001213900-26-066530,
0002104882,,0001193125-26-219759,
0002105139,,0001213900-26-054148,
0002105274,,0001213900-26-064620,
0002105398,,0001104659-26-083813,
0002105838,,0001213900-26-025629,
0002106436,,0001213900-26-076260,
0002107018,,0001104659-26-076880,
0002107724,,0001213900-26-026046,
0002107730,,0001193125-26-241147,
0002108121,,0001213900-26-044239,
0002108164,,0001213900-26-026756,
0002108962,,0001213900-26-048957,
0002109150,,0001193125-26-256364,
0002109876,,0001829126-26-004063,
0002110029,,0001193125-26-262945,
0002110105,,0001628280-26-040609,
0002110117,,0001193125-26-290676,
0002110119,,0001213900-26-078610,
0002111038,,0001185185-26-002107,
0002111542,,0001213900-26-038295,
0002111762,,0001213900-26-055504,
0002111846,,0001213900-26-081805,
0002112446,,0001213900-26-044548,
0002112457,,0001213900-26-058379,
0002113060,,0001193125-26-291647,
0002113481,,0001213900-26-073572,
0002114044,,0001193125-26-181893,
0002114227,,0001213900-26-047822,
0002114229,,0001213900-26-083138,
0002115119,,0001193125-26-309602,
0002115404,,0001213900-26-048552,
0002115436,,0001193125-26-291990,
0002116105,,0001829126-26-006825,
0002116230,,0001929980-26-000339,
0002118032,,0001193125-26-228664,
0002118195,,0001193125-26-254478,
0002119322,,0001437749-26-017527,
0002120882,,0001193125-26-299071,
0002121703,,0001829126-26-005473,
0002122392,,0001829126-26-007768,
0002122505,,0001104659-26-049156,
0002123471,,0001185185-26-002833,
0002123475,,0001213900-26-066191,
0002123613,,0001193125-26-271306,
0002123969,,0001193125-26-189697,
0002125551,,0001213900-26-071425,
0002125567,,0001213900-26-076593,
0002126043,,0001185185-26-002624,
0002126198,,0001104659-26-083106,
0002127043,,0001193125-26-324302,
0002128045,,0001213900-26-075469,
0002128115,,0001104659-26-078412,
0002128626,,0001193125-26-288697,
0002128739,,0001213900-26-066620,
0002129056,,0001213900-26-077497,
0002129659,,0001213900-26-075945,
0002130386,,0001104659-26-073925,
0002131040,,0001628280-26-048765,
0002131350,,0001193125-26-308635,
0002131853,,0001213900-26-065117,
0002133136,,0001213900-26-078601,
0002135346,,0001193125-26-261988,
0002136530,,0001104659-26-079769,
0002137777,,0001193125-26-300332,
0002139246,,0001213900-26-073649,
0002143673,,0001493152-26-034947,
