cik,incumbent_rank,entrant_accessions
0000001800,26,
0000002488,54,
0000002969,83,
0000003453,1197,
0000003570,370,
0000004127,222,
0000004281,555,
0000004447,318,
0000004457,572,
0000004904,125,
0000004977,214,
0000005272,193,
0000005513,798,
0000006201,599,
0000006281,129,
0000006769,590,
0000006951,87,
0000006955,1361,
0000007084,228,
0000007332,1282,
0000007431,819,
0000007536,603,
0000007789,1080,
0000008670,91,
0000008818,452,
0000008858,941,
0000008947,1494,
0000009092,1126,
0000009326,840,
0000009389,227,
0000009984,1110,
0000010456,123,
0000010795,70,
0000011199,,0001104659-20-079052
0000011544,406,
0000012659,914,
0000012927,57,
0000014272,39,
0000014930,622,
0000015615,885,
0000016040,1064,
0000016058,626,
0000016160,1046,
0000016732,320,
0000017843,1388,
0000018230,73,
0000018349,883,
0000018926,412,
0000019411,1103,
0000019446,1077,
0000019584,498,
0000019612,719,
0000019617,8,
0000019745,1255,
0000020212,609,
0000020286,369,
0000020520,,0001140361-21-015424
0000021076,178,
0000021175,469,
0000021344,22,
0000021665,80,
0000022356,558,
0000022444,974,
0000023194,1409,
0000023217,284,
0000024491,1199,
0000024741,234,
0000025445,834,
0000026076,,0001104659-20-106766
0000026172,188,
0000026324,771,
0000026780,1167,
0000027367,,0001493152-22-002827
0000027419,84,
0000027673,,0001104659-21-130777
0000027904,309,
0000027996,1340,
0000028412,616,
0000029002,938,
0000029534,115,
0000029644,575,
0000029905,323,
0000029989,391,
0000030625,785,
0000030697,629,
0000031235,1446,
0000031462,101,
0000031791,347,
0000032604,145,
0000033185,269,
0000033213,772,
0000034088,27,
0000034782,1483,
0000034903,,0001193125-22-000302
0000035214,1444,
0000035527,334,
0000036029,706,
0000036047,612,
0000036104,96,
0000036146,1236,
0000036270,341,
0000036377,1017,
0000036966,893,
0000037785,337,
0000037808,985,
0000038009,,0000038009-20-000082;0000038009-20-000124
0000038725,965,
0000038777,418,
0000039263,682,
0000039368,999,
0000039899,954,
0000039911,639,
0000040211,1050,
0000040533,130,
0000040545,104,
0000040704,140,
0000040729,511,
0000040888,839,
0000040987,352,
0000042582,1055,
0000042888,470,
0000043196,1273,
0000045012,368,
0000045876,1307,
0000046080,434,
0000046195,1015,
0000046765,1097,
0000047111,173,
0000047217,217,
0000047518,553,
0000048039,686,
0000048287,1303,
0000048898,518,
0000049071,109,
0000049196,455,
0000049826,88,
0000050725,1383,
0000050863,21,
0000051143,49,
0000051253,345,
0000051434,338,
0000051644,526,
0000052848,,0001683863-20-013218
0000052988,404,
0000054381,1378,
0000054480,305,
0000055067,232,
0000055242,1022,
0000055785,110,
0000056047,916,
0000056679,1208,
0000056873,200,
0000056978,1218,
0000057131,1287,
0000058361,,0001104659-21-143645;0001437749-21-009160
0000058492,621,
0000059440,1286,
0000059478,34,
0000059527,614,
0000059558,520,
0000060086,424,
0000060519,792,
0000060667,48,
0000062996,322,
0000063276,756,
0000063908,33,
0000064040,62,
0000064463,,0001003297-21-000034;0001753926-21-000384
0000064472,,0001193125-22-198476
0000064670,,0001193125-20-257831
0000064803,64,
0000064996,991,
0000065270,1397,
0000065984,258,
0000066004,1365,
0000066382,1258,
0000066570,672,
0000066740,60,
0000066756,860,
0000067215,1266,
0000067716,715,
0000068505,229,
0000069891,877,
0000070145,797,
0000070318,917,
0000070487,1232,
0000070858,16,
0000070866,997,
0000071829,,0000071829-20-000068
0000072207,654,
0000072331,400,
0000072333,1044,
0000072741,174,
0000072903,149,
0000072971,53,
0000073088,900,
0000073124,302,
0000073309,366,
0000074260,649,
0000074303,1142,
0000075362,180,
0000075677,467,
0000076334,240,
0000076605,1211,
0000077360,524,
0000077476,25,
0000077877,1242,
0000078003,17,
0000078128,403,
0000078239,806,
0000078890,1020,
0000079282,358,
0000079879,213,
0000080424,7,
0000080661,105,
0000081362,808,
0000082811,642,
0000084129,1492,
0000084246,742,
0000084748,1025,
0000084839,293,
0000085535,461,
0000085961,1082,
0000086312,184,
0000087347,216,
0000088121,848,
0000088205,1105,
0000088941,781,
0000089089,505,
0000089439,1188,
0000089800,86,
0000090498,1129,
0000090896,1183,
0000091419,372,
0000091440,494,
0000091576,385,
0000091767,627,
0000091928,1043,
0000092122,89,
0000092230,112,
0000092380,286,
0000093389,1413,
0000093410,31,
0000093556,233,
0000093751,242,
0000094049,978,
0000094344,1432,
0000095029,1239,
0000096021,204,
0000096223,703,
0000096943,292,
0000097134,1322,
0000097210,324,
0000097216,1285,
0000097476,47,
0000097517,722,
0000097745,30,
0000098246,316,
0000098362,815,
0000099780,1004,
0000100517,465,
0000100885,46,
0000101382,987,
0000101778,699,
0000101829,61,
0000102037,1408,
0000102729,951,
0000103379,236,
0000104169,6,
0000104918,963,
0000105132,930,
0000105418,1269,
0000105634,763,
0000105770,266,
0000106040,356,
0000106640,428,
0000107263,238,
0000107687,1067,
0000108312,664,
0000108516,1062,
0000109177,1000,
0000109198,85,
0000109380,620,
0000109563,979,
0000109657,,0001654954-21-001276
0000110471,1086,
0000110621,411,
0000200245,,0000950103-20-024383;0000950103-21-003478;0000950103-21-005989;0000950103-21-014002;0000950103-21-015676;0000950103-22-005818
0000200406,5,
0000202058,148,
0000203527,354,
0000203596,1272,
0000215466,1091,
0000216228,640,
0000217346,492,
0000225648,1291,
0000230211,,0001104659-21-061026
0000230557,837,
0000275880,799,
0000277135,283,
0000277509,1107,
0000277948,99,
0000278165,,0001493152-21-021521
0000278166,1122,
0000310142,1032,
0000310158,23,
0000310764,71,
0000311094,1176,
0000312069,,0001193125-20-136291;0001193125-20-177558;0001193125-20-252199;0001193125-20-314625;0001193125-21-076132;0001193125-21-076334;0001193125-21-339956
0000312070,,0001104659-21-080046;0001193125-20-140577
0000313143,690,
0000313616,32,
0000313927,230,
0000314227,,0001654954-20-010597
0000314489,1450,
0000314590,,0000947871-21-000347
0000314808,,0001104659-21-059177
0000315131,,0001564590-22-013562
0000315189,97,
0000315293,117,
0000315709,1095,
0000315852,1166,
0000315858,,0001193125-20-172102
0000316709,128,
0000317788,1332,
0000318154,36,
0000319201,169,
0000320121,,0001140361-20-025826
0000320193,1,
0000320335,478,
0000350698,683,
0000350894,502,
0000351569,1182,
0000352541,346,
0000353569,381,
0000354190,264,
0000354647,977,
0000354707,743,
0000354908,611,
0000354950,10,
0000354963,961,
0000355379,,0001104659-20-136187
0000355811,545,
0000356171,1489,
0000356309,882,
0000700564,1195,
0000701288,1356,
0000701374,1216,
0000702165,113,
0000702325,1256,
0000703351,1434,
0000705432,1458,
0000706688,886,
0000707179,1006,
0000707549,98,
0000708818,1439,
0000708955,1264,
0000711377,728,
0000711404,319,
0000712515,134,
0000712534,1276,
0000713676,119,
0000714310,871,
0000715072,1288,
0000715957,78,
0000717423,1070,
0000717605,851,
0000718877,82,
0000718937,945,
0000719220,1485,
0000719413,891,
0000719955,537,
0000720005,450,
0000720672,823,
0000721371,308,
0000721994,1357,
0000722830,445,
0000723125,94,
0000723188,888,
0000723254,168,
0000723531,209,
0000723612,1131,
0000724004,1401,
0000725394,,0001683168-20-003715
0000726728,,0001104659-20-110706;0001104659-21-091473;0001104659-22-004430
0000726854,1419,
0000726958,585,
0000728535,340,
0000729986,932,
0000730263,565,
0000730272,495,
0000730708,1430,
0000731012,1087,
0000731288,,0001193125-20-323260;0001193125-21-210788
0000731766,9,
0000731802,353,
0000732712,13,
0000732717,20,
0000732834,562,
0000733269,880,
0000736012,,0001683168-20-003393
0000737758,504,
0000739421,,0000739421-22-000043
0000743316,287,
0000743988,208,
0000745308,1331,
0000745732,164,
0000746210,,0000746210-21-000017
0000746515,335,
0000749251,402,
0000750004,1163,
0000750577,1171,
0000752714,1250,
0000753308,38,
0000759944,413,
0000760498,1241,
0000763744,845,
0000763901,843,
0000764038,1186,
0000764065,1059,
0000764180,69,
0000764478,210,
0000764622,458,
0000766704,,0001193125-22-092900
0000768835,1206,
0000769397,111,
0000769520,671,
0000771497,986,
0000772406,736,
0000773141,902,
0000773840,51,
0000775158,615,
0000775368,513,
0000776867,922,
0000776901,1052,
0000779152,339,
0000780571,913,
0000783325,176,
0000784977,745,
0000785161,538,
0000785786,1040,
0000785956,1003,
0000788784,189,
0000789019,3,
0000789460,1214,
0000789570,493,
0000790051,549,
0000790359,1290,
0000792987,1425,
0000793074,869,
0000793733,1277,
0000793952,740,
0000794105,,0001683863-21-001719
0000794170,653,
0000794172,1396,
0000794367,1102,
0000794619,1262,
0000795266,866,
0000796343,18,
0000797468,333,
0000797721,993,
0000798354,79,
0000798941,,0001140361-22-000119
0000799167,1225,
0000799233,1168,
0000799292,1337,
0000800240,1349,
0000801337,975,
0000802481,765,
0000803578,,0001437749-21-027122
0000804328,45,
0000804753,256,
0000805676,1249,
0000806172,,0001171520-21-000370
0000807882,1112,
0000808362,,0000950103-21-019343
0000808450,842,
0000811156,282,
0000811532,1267,
0000811596,1436,
0000812011,500,
0000812074,1173,
0000812128,967,
0000812427,,0001104659-22-080674;0001306830-21-000189
0000813298,,0001193125-21-266010
0000813639,,0001477932-21-006030
0000813672,171,
0000813762,409,
0000813828,,0001193125-21-096747
0000814453,530,
0000814547,360,
0000815094,344,
0000815097,481,
0000815556,202,
0000816761,1011,
0000816956,995,
0000817720,924,
0000818033,1215,
0000818479,444,
0000818686,364,
0000819793,1202,
0000820027,276,
0000820313,165,
0000820318,669,
0000821130,,0000821130-20-000071;0000821130-20-000093;0000821130-21-000031
0000821189,196,
0000822416,386,
0000822663,1296,
0000822818,831,
0000823768,118,
0000824142,857,
0000824410,1381,
0000825542,472,
0000827052,257,
0000827054,219,
0000828146,,0001104659-21-040060
0000828944,1231,
0000829224,56,
0000829365,,0001193125-21-356233
0000830524,1448,
0000831001,52,
0000831114,,0001398344-21-006414;0001398344-21-014834;0001398344-21-023805;0001398344-21-024695
0000831259,277,
0000831641,655,
0000832101,374,
0000832489,,0001437749-20-020182
0000833079,767,
0000833444,186,
0000833640,780,
0000835324,1470,
0000836157,1395,
0000837465,1135,
0000839923,,0001104659-21-076776
0000840489,989,
0000842023,416,
0000842162,544,
0000842180,,0001193125-20-248821
0000842633,1391,
0000844150,,0000950103-20-010027;0000950103-20-016713;0000950103-21-008735;0000950103-22-011789
0000844551,,0001193125-22-156896
0000845877,,0000845877-21-000146
0000845982,,0000950103-20-020037
0000849145,,0000950123-20-009327
0000849399,365,
0000849869,710,
0000850141,1203,
0000850209,863,
0000850460,1405,
0000851205,390,
0000851520,701,
0000851968,597,
0000853816,662,
0000855658,716,
0000856982,968,
0000857005,436,
0000857855,1246,
0000858470,515,
0000858877,24,
0000859737,289,
0000860730,127,
0000860731,331,
0000860748,632,
0000861842,1096,
0000861878,606,
0000861884,567,
0000862692,,0001193125-21-259445
0000863064,,0001104659-21-132745
0000864270,,0001193125-20-303436;0001193125-21-211770;0001193125-21-302066
0000864749,401,
0000865752,133,
0000866291,,0001193125-20-280351
0000866374,594,
0000866706,1021,
0000866787,190,
0000868671,824,
0000868780,935,
0000869428,,0001104659-20-079052
0000870826,,0001104659-21-120223
0000871763,739,
0000873303,379,
0000874015,491,
0000874499,,0001213900-21-027115
0000874716,156,
0000874761,430,
0000874766,317,
0000874866,1233,
0000875045,124,
0000875320,74,
0000875357,748,
0000876167,1194,
0000876427,1106,
0000876437,912,
0000877212,321,
0000877365,,0001193125-21-023834
0000877890,291,
0000878726,,0001104659-21-070838
0000878927,251,
0000879169,253,
0000879407,694,
0000879585,1453,
0000880266,645,
0000882095,59,
0000882184,226,
0000882835,120,
0000883237,1399,
0000883241,177,
0000883948,1139,
0000883984,759,
0000884614,532,
0000884887,427,
0000885550,485,
0000885590,551,
0000885639,875,
0000885725,102,
0000885978,1390,
0000886163,1101,
0000886346,1316,
0000886982,76,
0000887028,,0001104659-21-132745
0000887343,1058,
0000887396,,0001072613-22-000318
0000887596,1380,
0000887936,696,
0000889331,702,
0000890926,905,
0000891014,1184,
0000891024,957,
0000891103,,0001104659-20-078462
0000891478,,0000950103-22-005566;0000950103-22-009936;0001193125-20-158584;0001193125-20-312192;0001193125-21-110278;0001193125-21-184355;0001193125-21-210384;0001193125-21-277366;0001193125-21-340407
0000892553,972,
0000893691,1061,
0000893949,1155,
0000894081,1229,
0000894871,,0001493152-22-002959
0000895126,,0000895126-21-000035
0000895419,514,
0000895421,68,
0000895464,,0001640334-21-000097
0000896159,90,
0000896262,506,
0000896264,1156,
0000896429,,0000914121-20-004117
0000896622,516,
0000896878,66,
0000897077,1327,
0000897723,1073,
0000897802,,0000894189-21-008829
0000898173,151,
0000898174,618,
0000898293,624,
0000899051,179,
0000899689,,0001104659-20-130517;0001104659-21-119346
0000899866,243,
0000899923,1464,
0000900075,248,
0000901491,858,
0000901832,,0000950103-20-015401;0001104659-20-108304;0001104659-21-075026
0000902739,,0000950103-21-013949
0000903129,1304,
0000904163,1078,
0000906163,329,
0000906553,944,
0000906709,746,
0000908255,507,
0000908937,212,
0000909327,,0001104659-20-105369;0001104659-20-128019;0001104659-21-089206;0001104659-21-115738
0000909832,35,
0000910329,1084,
0000910406,805,
0000910521,586,
0000910631,,0001193125-20-237082
0000911360,,0001193125-20-237082
0000911421,,0001104659-21-036342
0000912093,847,
0000912562,1157,
0000912615,1179,
0000912728,1228,
0000912767,791,
0000912958,,0000950103-22-008737
0000913142,1245,
0000913144,459,
0000913241,1145,
0000913760,1420,
0000914025,1497,
0000914208,673,
0000914475,399,
0000915220,,0001104659-21-132745
0000915389,429,
0000915913,474,
0000916076,357,
0000916365,301,
0000916490,,0001193125-21-213846
0000916540,680,
0000916789,656,
0000917251,,0001104659-21-116684
0000917273,1160,
0000917491,1393,
0000917520,730,
0000917851,,0001104659-20-082035
0000918646,828,
0000919012,1164,
0000919160,,0001398344-20-021435;0001398344-20-022923;0001398344-21-006689;0001398344-21-006690;0001398344-21-024448
0000919864,,0001140361-21-036215
0000920112,1353,
0000920148,278,
0000920371,718,
0000921738,744,
0000922224,263,
0000922247,,0001437749-20-024981
0000923120,1487,
0000923184,,0001193125-22-188595
0000923601,,0001493152-22-014701
0000924396,,0001185185-21-001055
0000924805,1362,
0000925645,1416,
0000926326,876,
0000927003,910,
0000927066,410,
0000927628,183,
0000927653,224,
0000927971,,0001214659-20-010125;0001214659-21-008783;0001214659-21-011312;0001214659-22-008218
0000929008,1175,
0000929869,,0000950157-20-000665;0000950157-22-000609
0000931015,560,
0000931148,1178,
0000932696,1147,
0000933036,1200,
0000933136,1212,
0000933267,,0001654954-21-006299
0000933972,,0001654954-22-008273
0000933974,733,
0000935036,853,
0000935494,668,
0000935703,247,
0000936340,246,
0000936395,464,
0000936468,50,
0000936528,1144,
0000937098,688,
0000937556,378,
0000939767,525,
0000940944,439,
0000943452,382,
0000943819,182,
0000943890,,0000950157-20-000665;0000950157-22-000609
0000944148,1279,
0000944695,757,
0000944809,807,
0000945114,1488,
0000945764,,0000945764-20-000139
0000945841,363,
0000945908,,0001193125-22-102978;0001193125-22-102980;0001379491-20-002481;0001379491-20-004180;0001379491-21-000203;0001379491-21-002504;0001379491-21-002505;0001379491-21-004214;0001379491-22-000579
0000946486,,0001437749-20-010889
0000946581,279,
0000946673,1315,
0000947484,371,
0000948320,,0001493152-20-023180;0001493152-21-024545
0000949039,,0001193125-22-087316
0001000228,442,
0001000229,1449,
0001000623,1415,
0001000694,483,
0001000697,348,
0001000753,949,
0001001085,,0001104659-20-115607;0001104659-20-129075;0001104659-21-095700
0001001316,1024,
0001001838,155,
0001002047,441,
0001002517,501,
0001002910,267,
0001004434,838,
0001004702,1451,
0001004980,288,
0001005101,,0001171200-22-000062
0001005284,487,
0001005757,1252,
0001005817,1443,
0001006269,,0001104659-20-129591
0001006840,,0001553350-20-000662
0001010612,1368,
0001012100,604,
0001012771,1477,
0001013237,350,
0001013462,207,
0001013857,456,
0001013871,486,
0001013880,1031,
0001013934,911,
0001014473,223,
0001014739,1057,
0001015328,973,
0001015780,397,
0001018724,2,
0001018963,1373,
0001018979,1325,
0001019849,788,
0001020214,1345,
0001020425,,0001193125-21-272994;0001193125-21-273001;0001193125-22-013887
0001020859,1382,
0001021096,,0001477932-21-002229
0001021561,1002,
0001021635,546,
0001021860,685,
0001022079,294,
0001022408,1423,
0001022671,592,
0001022899,,0001493152-21-009633
0001023459,1311,
0001023731,1169,
0001024305,907,
0001024478,215,
0001024795,1330,
0001027596,,0000894189-21-009125
0001028918,1306,
0001029125,,0001437749-20-018597;0001437749-22-015110
0001029199,635,
0001030192,,0001654954-22-002753
0001031203,1209,
0001031296,311,
0001031308,,0001104659-20-107497
0001032033,958,
0001032208,147,
0001032220,678,
0001032975,377,
0001033012,1137,
0001033905,1161,
0001034670,598,
0001034957,,0001654954-21-007121
0001035002,241,
0001035201,1005,
0001035267,65,
0001035983,1128,
0001037646,245,
0001037868,254,
0001037976,633,
0001038074,692,
0001038133,1463,
0001038357,307,
0001039065,1300,
0001039399,1034,
0001039684,375,
0001039765,,0001193125-21-103877;0001193125-22-086472
0001039828,1001,
0001040573,,0000950103-21-013949
0001041061,195,
0001041588,,0001041588-21-000008
0001041792,,0001292814-21-001705
0001041803,1076,
0001042046,610,
0001042776,1066,
0001042893,1347,
0001043277,367,
0001043604,480,
0001044777,1310,
0001045309,864,
0001045610,,0001104659-20-139082;0001104659-21-024392;0001104659-22-013054
0001045810,12,
0001046102,638,
0001046257,591,
0001046311,665,
0001047127,835,
0001047335,1459,
0001047862,211,
0001048286,197,
0001048477,250,
0001048695,484,
0001048911,122,
0001049502,528,
0001049521,704,
0001050377,1355,
0001050441,1440,
0001050797,636,
0001050915,608,
0001051512,1028,
0001052100,1445,
0001052752,1317,
0001053507,,0001053507-20-000139;0001053507-21-000103;0001053507-21-000149
0001054905,1118,
0001055726,859,
0001056696,576,
0001056903,906,
0001057352,157,
0001057706,1338,
0001057877,660,
0001058057,225,
0001058090,161,
0001058290,146,
0001058307,,0001493152-21-012999
0001058623,,0001193125-20-148869
0001059556,106,
0001060391,192,
0001060736,185,
0001060822,813,
0001061164,,0001477932-21-006430
0001061219,141,
0001061983,1297,
0001062128,,0001178913-22-002584
0001064642,,0001193125-20-198684;0001193125-20-251447;0001193125-20-288698;0001193125-21-107424;0001193125-22-005614;0001193125-22-113015;0001193125-22-147178
0001065088,139,
0001065280,15,
0001065332,1217,
0001065696,477,
0001066119,,0000950103-20-022536
0001067294,946,
0001067428,,0001193125-20-261455;0001193125-21-304972
0001067701,398,
0001067983,,0001193125-21-031449;0001193125-22-099502
0001068851,630,
0001069157,647,
0001069183,641,
0001069202,423,
0001069258,1094,
0001069878,489,
0001070050,,0001575705-21-000865
0001070081,890,
0001070154,1035,
0001070235,943,
0001070412,1130,
0001070423,602,
0001070494,552,
0001070750,,0001193125-20-282631
0001071058,,0001193125-20-276111
0001071739,142,
0001073349,1053,
0001074871,,0001019056-22-000163
0001075531,77,
0001075607,1036,
0001076930,779,
0001077183,732,
0001077428,1159,
0001077771,988,
0001078075,1121,
0001080014,1260,
0001080657,,0001080657-20-000048;0001437749-20-020646;0001437749-21-014436;0001493152-22-001809
0001080709,855,
0001082324,,0001140361-20-016312
0001082554,643,
0001082923,687,
0001083446,1468,
0001083743,,0001493152-20-014856
0001084048,926,
0001084267,,0001683168-21-006053
0001084580,,0001193125-20-295594
0001084961,1354,
0001085869,1293,
0001086082,1098,
0001086222,285,
0001088856,1154,
0001089113,,0001193125-20-160416;0001193125-20-223308;0001193125-20-251197;0001193125-20-302713;0001193125-21-092844;0001193125-21-171063;0001193125-21-248972;0001193125-21-336954;0001193125-22-072167;0001193125-22-088133;0001193125-22-170866
0001090012,734,
0001090372,,0000894189-21-003268;0000894189-21-003896
0001091748,1350,
0001092699,940,
0001092796,1275,
0001093557,132,
0001093691,962,
0001094032,,0001731122-20-001095
0001094285,394,
0001095073,475,
0001095435,,0001062993-21-001661
0001096275,,0001493152-21-017827
0001096339,,0001515971-21-000146
0001096343,330,
0001096752,1177,
0001097149,239,
0001097864,479,
0001099219,154,
0001099590,93,
0001099800,114,
0001100663,,0001193125-20-248785;0001193125-20-248848;0001193125-20-254073;0001193125-20-262099;0001193125-20-262359;0001193125-20-274192;0001193125-20-285285;0001193125-21-086953;0001193125-21-161639;0001193125-21-182403;0001193125-21-194674;0001193125-21-205803;0001193125-21-211424;0001193125-21-295043;0001193125-21-312747;0001193125-21-319787;0001193125-22-009496;0001193125-22-014453;0001193125-22-065279;0001193125-22-065286;0001193125-22-099893;0001193125-22-105137;0001193125-22-181417;0001193125-22-186930;0001683863-20-009917;0001683863-20-010749;0001683863-20-010830;0001683863-20-010988;0001683863-20-010990;0001683863-20-011782;0001683863-20-012853
0001100682,440,
0001101026,,0001078782-21-000499
0001101215,1054,
0001101239,,0001104659-21-034908
0001101302,446,
0001102112,1049,
0001102934,695,
0001102993,901,
0001103982,67,
0001104462,,0001096906-22-001627
0001104506,998,
0001104657,1348,
0001107843,651,
0001108426,827,
0001108524,28,
0001109357,143,
0001110611,,0001193125-21-022225
0001110803,92,
0001110805,1193,
0001111335,1074,
0001111485,,0001193125-21-227401
0001111711,457,
0001111928,451,
0001113169,167,
0001113232,1441,
0001113256,1170,
0001114446,,0001193125-20-158930;0001193125-20-174316;0001193125-20-193648;0001193125-20-273092;0001193125-21-029260;0001193125-21-273210
0001114483,1042,
0001115055,874,
0001116132,774,
0001116578,,0001104659-20-055463;0001104659-22-042763
0001116942,1284,
0001118417,1278,
0001119639,,0001104659-21-079429;0001193125-20-159655;0001292814-20-003571
0001120193,252,
0001120914,1500,
0001121142,1389,
0001121788,275,
0001122904,1462,
0001122976,1498,
0001123360,103,
0001124140,332,
0001124198,1235,
0001124524,1305,
0001124796,1467,
0001124804,1220,
0001124941,1045,
0001125345,1259,
0001125376,971,
0001126115,,0001554795-21-000407
0001126328,388,
0001126956,846,
0001126975,468,
0001127537,,0001628280-20-013892
0001128361,1404,
0001128928,650,
0001129137,,0001193125-20-136138;0001193125-22-199119
0001129260,1435,
0001130310,449,
0001130464,782,
0001130713,865,
0001131399,,0001193125-20-261169
0001131554,,0001104659-21-087643
0001132509,,0001477932-20-003821
0001133421,100,
0001133470,1410,
0001135185,1265,
0001136174,,0001437749-20-018510
0001136294,,0001104659-21-022976
0001136352,1392,
0001136869,191,
0001136893,55,
0001137360,,0001137360-20-000501;0001137360-20-000503;0001137360-21-000125;0001137360-21-000218;0001137360-21-000752;0001137360-21-000879;0001137360-21-000920;0001137360-21-001011;0001137360-21-001064;0001137360-22-000115;0001137360-22-000241;0001137360-22-000518
0001137774,218,
0001137789,389,
0001138118,327,
0001138608,,0001477932-21-002531
0001138978,,0001493152-21-004370
0001139191,,0001104659-21-061026
0001139193,,0001104659-21-061026
0001139197,,0001104659-21-061026
0001139206,,0001104659-21-061026
0001139208,,0001104659-21-061026
0001139209,,0001104659-21-061026
0001139414,,0001104659-21-061026
0001140536,201,
0001140859,265,
0001141284,,0001213900-22-023871
0001141391,,0001193125-22-053458
0001141819,,0000894189-21-001366;0000894189-21-001376;0000894189-21-006724;0000894189-22-001151
0001142417,741,
0001142596,889,
0001142750,953,
0001144215,747,
0001144519,578,
0001144546,,0001683168-21-003410
0001144879,,0001104659-22-044605
0001144980,1092,
0001145057,1237,
0001145197,359,
0001145604,,0001826466-20-000015;0001826466-22-000034
0001156039,75,
0001157075,,0001683168-21-003192
0001157408,1104,
0001157601,1189,
0001158324,707,
0001158449,421,
0001158463,915,
0001159036,773,
0001160106,,0000950103-20-011644;0000950103-21-003846;0000950103-21-008871;0000950103-22-002929;0000950103-22-004811
0001160951,,0001193125-20-219377
0001160958,564,
0001161728,1007,
0001163165,136,
0001163302,1358,
0001164727,95,
0001164863,1437,
0001166003,535,
0001166388,892,
0001166691,,0000950103-21-013949
0001167581,,0001193125-20-175227
0001167583,,0001193125-20-215658;0001193125-20-310431;0001193125-21-032010;0001193125-21-192761;0001193125-21-275917;0001193125-22-007476
0001168054,964,
0001168164,,0001193125-22-005616
0001169446,,0001104659-20-082035
0001169561,1065,
0001170005,,0001104659-20-081351
0001170010,310,
0001171825,1109,
0001172052,1352,
0001173313,,0001213900-21-039717
0001173420,873,
0001173431,777,
0001173489,1471,
0001174169,,0001140361-21-022023
0001174610,,0001683863-20-013832;0001683863-21-000136;0001683863-21-003584;0001683863-21-005098;0001683863-21-005366;0001683863-21-006053;0001683863-22-002000;0001683863-22-002871;0001683863-22-003112;0001683863-22-005065
0001174922,497,
0001175454,249,
0001175535,,0001175535-20-000078
0001176948,437,
0001177394,556,
0001177609,577,
0001177648,1454,
0001177702,850,
0001178670,298,
0001178727,,0001213900-20-017189;0001213900-21-054608
0001178879,768,
0001178970,1465,
0001179929,407,
0001180145,1385,
0001180262,509,
0001185348,1133,
0001187953,,0001477932-21-008913
0001191070,,0001193125-21-354603
0001192448,1090,
0001196501,895,
0001199046,,0001398344-20-023242;0001580642-21-005324;0001580642-22-001491;0001580642-22-002820;0001580642-22-002821
0001207074,1326,
0001209028,,0001564590-21-036683
0001210677,,0001193125-21-196418
0001212458,542,
0001212545,786,
0001214816,821,
0001217234,1226,
0001218683,,0001213900-21-050217
0001219601,448,
0001220754,1398,
0001224544,,0001193125-20-261169
0001224608,1039,
0001227654,1150,
0001230245,1369,
0001232524,583,
0001235010,804,
0001235912,,0001104659-21-085722
0001237831,661,
0001243429,,0001193125-20-145022
0001253176,1367,
0001253986,,0001104659-21-075711;0001104659-21-103136;0001104659-21-124877
0001257640,1289,
0001259429,,0001213900-21-028171
0001260221,237,
0001260729,,0001193125-21-292258
0001261333,137,
0001261788,,0000894189-20-006530
0001262039,244,
0001262976,952,
0001265131,1146,
0001267238,557,
0001270073,1210,
0001272830,887,
0001273685,,0001104659-21-089337;0001104659-21-142970
0001273813,1100,
0001274494,563,
0001274791,,0001193125-22-099502
0001275014,1334,
0001275168,,0001552781-21-000286
0001275283,,0000950157-20-001211;0001193125-22-077997
0001276187,290,
0001276520,1407,
0001277250,,0001654954-22-004794
0001278021,271,
0001278027,1115,
0001280058,854,
0001280263,1201,
0001280452,380,
0001280600,617,
0001281761,419,
0001281895,1292,
0001282637,726,
0001283140,1238,
0001283699,40,
0001284812,894,
0001285785,634,
0001286139,,0001193125-21-200477
0001286225,579,
0001286681,315,
0001287032,,0001287032-20-000312;0001287032-20-000419;0001287032-21-000313;0001287032-21-000364;0001287032-22-000073
0001287098,,0001104659-21-095955
0001287213,1499,
0001288469,1116,
0001288847,512,
0001289244,,0001273813-21-000035;0001273813-21-000055
0001289308,898,
0001289419,521,
0001289460,749,
0001289790,947,
0001289848,1379,
0001293310,,0001214659-20-007851
0001293525,,0001104659-21-061026
0001293971,822,
0001295810,1181,
0001295947,1111,
0001296445,870,
0001297184,1452,
0001297989,1033,
0001298946,,0001104659-20-100171
0001299709,1271,
0001300514,159,
0001303313,573,
0001303523,,0000950157-20-001211;0001193125-22-077997
0001306830,392,
0001306965,,0001193125-20-246249;0001193125-21-341115;0001193125-22-016754
0001307624,,0001262463-20-000464
0001307748,,0001193125-21-294710
0001307954,727,
0001308606,793,
0001309108,534,
0001309251,,0001213900-21-006298
0001310527,,0001493152-22-007888
0001310630,,0001493152-20-012881
0001311370,833,
0001312109,,0001104659-21-100115
0001314196,,0001213900-20-020674
0001314497,,0001104659-22-080674;0001306830-21-000189
0001314498,,0001104659-22-080674;0001306830-21-000189
0001314499,,0001104659-22-080674;0001306830-21-000189
0001314502,,0001104659-22-080674;0001306830-21-000189
0001314503,,0001104659-22-080674;0001306830-21-000189
0001314506,,0001104659-22-080674;0001306830-21-000189
0001314511,,0001104659-22-080674;0001306830-21-000189
0001314512,,0001104659-22-080674;0001306830-21-000189
0001314513,,0001104659-22-080674;0001306830-21-000189
0001314514,,0001104659-22-080674;0001306830-21-000189
0001314727,1148,
0001315098,,0001193125-20-309661
0001316835,918,
0001317945,1323,
0001318084,1335,
0001318220,203,
0001318342,,0001398344-20-009887
0001318605,11,
0001320350,,0001193125-20-230231
0001320414,956,
0001320695,970,
0001321655,,0001193125-20-250175
0001321732,499,
0001321741,,0001193125-21-065683;0001193125-21-250442
0001323885,1123,
0001324404,540,
0001324948,861,
0001325964,,0001553350-21-000760
0001326110,1372,
0001326160,,0001104659-22-071369
0001326732,1152,
0001327567,221,
0001328581,1125,
0001329377,,0001445546-21-000297;0001445546-21-001262;0001445546-22-003030
0001331520,929,
0001331875,471,
0001332551,,0001193125-21-175702
0001333493,1143,
0001333621,,0001193125-20-246249;0001193125-21-341115
0001333986,460,
0001334036,981,
0001334388,,0001193125-22-014790
0001334978,,0001193125-20-146276
0001335105,,0001493152-20-021857
0001335258,431,
0001336920,343,
0001337619,698,
0001338065,990,
0001339005,,0001140361-21-020732
0001340652,836,
0001341439,29,
0001341766,1414,
0001345016,1134,
0001345126,1406,
0001348036,415,
0001348362,,0001640334-21-000051
0001350487,,0001193125-20-320766;0001193125-21-015683;0001193125-21-146782;0001193125-21-162965;0001193125-21-162968;0001193125-21-176416;0001193125-21-194522;0001193125-21-290415;0001193125-21-348558;0001193125-21-355569;0001193125-22-040850;0001193125-22-074138;0001193125-22-176247
0001350593,1185,
0001351288,116,
0001352010,306,
0001353283,158,
0001353538,,0001213900-21-052921
0001354327,1424,
0001354866,,0001387131-21-005304
0001355096,,0001104659-20-099685
0001355839,,0001213900-21-039827
0001356115,,0001193125-21-002025
0001356576,1344,
0001357204,600,
0001357615,844,
0001357671,,0001213900-20-025801
0001357971,,0000943374-22-000123
0001358071,422,
0001359841,644,
0001360565,,0001493152-21-008077
0001361113,818,
0001361658,1012,
0001362004,1301,
0001362468,1127,
0001363829,769,
0001364479,1438,
0001364608,,0001445546-22-002132;0001445546-22-002838
0001364742,58,
0001364885,1060,
0001364954,432,
0001365135,433,
0001366246,1234,
0001366561,595,
0001367644,587,
0001368458,1283,
0001368622,1120,
0001370637,336,
0001370880,826,
0001370946,548,
0001371285,1141,
0001372612,920,
0001372807,,0001193125-21-186735
0001373715,63,
0001374339,,0001104659-22-073200
0001374535,1029,
0001375151,1281,
0001375365,1190,
0001376139,1093,
0001377936,,0001213900-20-015673;0001213900-22-021954
0001378872,,0001193125-21-122452;0001193125-21-185469;0001193125-21-201886;0001193125-21-291051;0001193125-21-303656;0001193125-21-327436;0001683863-20-013875
0001378946,676,
0001378992,543,
0001379041,1447,
0001380106,,0001104659-21-090832
0001381531,1351,
0001381668,729,
0001382821,721,
0001383312,313,
0001383414,,0000950170-22-005228
0001384101,1132,
0001385157,181,
0001385280,1253,
0001385590,,0001104659-21-023145
0001385867,262,
0001386278,931,
0001388658,825,
0001389050,1412,
0001389170,705,
0001389518,,0001493152-20-021087
0001392694,,0001493152-21-026868
0001392972,1243,
0001393311,,0001193125-20-165680;0001193125-20-219134;0001193125-20-259624;0001193125-20-293007;0001193125-21-186737;0001193125-21-243379;0001193125-21-268830;0001193125-21-326003;0001193125-22-002652
0001393584,,0001193125-20-244867
0001393818,153,
0001395064,,0001193125-20-190236
0001396009,312,
0001396814,1026,
0001397183,,0001493152-22-008354
0001397187,135,
0001397702,1223,
0001397795,,0001213900-21-009457
0001397911,570,
0001398659,508,
0001398987,1400,
0001399529,1187,
0001400891,1329,
0001401680,1014,
0001402057,300,
0001402328,,0001683168-22-000830
0001402388,,0001193125-21-024252;0001193125-21-024350
0001402436,325,
0001403161,,0001193125-22-165332
0001403568,408,
0001403752,1254,
0001404123,766,
0001404655,426,
0001404912,268,
0001405495,1119,
0001406234,,0001104659-20-106964;0001104659-21-006317;0001104659-22-006283;0001193125-21-170200
0001406587,1490,
0001407573,,0001213900-21-042115
0001407973,,0001193125-21-311530
0001408075,750,
0001408100,1048,
0001408198,166,
0001408710,933,
0001408970,,0001615774-20-007956;0001829126-20-000323;0001829126-21-000031;0001829126-21-001616;0001829126-21-004728;0001829126-21-004874;0001829126-21-009886;0001829126-21-014037;0001829126-22-002026;0001829126-22-006851;0001829126-22-007015
0001410384,674,
0001410636,206,
0001411207,711,
0001411342,,0001411342-21-000160
0001412408,1359,
0001412558,,0001193125-21-315007
0001413159,,0001193125-21-115400;0001193125-21-254015
0001413329,44,
0001413447,160,
0001413745,,0001104659-20-094295
0001413898,,0001193125-21-202097
0001414040,,0001398344-21-003876;0001398344-21-006941;0001398344-21-006944;0001398344-21-014360;0001398344-21-018231;0001398344-22-006056;0001398344-22-007572
0001414767,,0001903596-22-000437
0001415311,,0001683863-20-015026;0001683863-20-015027
0001415726,,0001437749-20-013831;0001437749-20-013832;0001437749-20-017633;0001437749-20-017634;0001437749-20-020074;0001437749-20-020075;0001437749-20-020076;0001437749-20-025854;0001437749-20-025855;0001437749-20-025856;0001437749-21-007116;0001437749-21-007117;0001437749-21-007118;0001437749-21-007119;0001437749-21-007757;0001437749-21-007758;0001437749-21-007759;0001437749-21-015844;0001437749-21-015845;0001437749-21-015846;0001437749-21-015847;0001437749-21-015848;0001437749-21-022756;0001437749-21-022757;0001437749-21-022758;0001437749-21-022759;0001437749-21-022760;0001437749-21-022761;0001437749-21-023311;0001437749-21-023312;0001437749-21-029334;0001437749-21-029335;0001437749-21-029336;0001437749-21-029337;0001437749-22-002457;0001437749-22-004441;0001437749-22-004442;0001437749-22-017509
0001415995,,0001104659-21-003098;0001104659-21-125702;0001104659-21-125704;0001104659-21-125706;0001104659-22-007168
0001417398,1037,
0001417926,,0001185185-20-001558
0001418091,187,
0001418115,,0001477932-21-002567
0001418135,126,
0001418144,,0001193125-20-305619;0001193125-20-319853;0001193125-20-319855
0001418819,783,
0001419275,,0001185185-21-000216
0001419554,,0001493152-21-025028
0001419612,476,
0001419828,,0000891092-20-011385;0000891092-21-004444;0001213900-22-030425
0001420302,714,
0001420800,809,
0001421819,,0001683168-20-002569
0001422930,,0001628280-20-016901
0001423902,738,
0001424182,,0001193125-20-247119
0001424212,,0001445546-21-002456
0001424657,,0001213900-21-005665
0001424929,812,
0001424958,,0001193125-20-161888;0001193125-20-174032;0001193125-20-226812;0001193125-20-287720;0001193125-20-315842;0001193125-21-001961;0001193125-21-091300;0001193125-21-186987;0001193125-21-219295;0001193125-21-278378;0001193125-21-331248;0001193125-21-347495;0001193125-21-353493;0001193125-22-009550;0001193125-22-097516;0001193125-22-159305;0001193125-22-204588;0001193125-22-204589
0001425205,775,
0001425287,1375,
0001425627,,0001477932-22-003282
0001426332,1314,
0001426439,,0001104659-21-083165;0001104659-21-149455;0001104659-22-062762;0001104659-22-076067
0001428336,776,
0001428439,281,
0001428522,1478,
0001430162,,0000950103-21-003473
0001430723,1081,
0001431695,,0001193125-21-079825
0001432133,,0001628280-21-014119
0001432353,,0001432353-20-000198;0001432353-20-000216;0001432353-20-000217;0001432353-20-000297;0001432353-20-000307;0001432353-20-000390;0001432353-20-000394;0001432353-20-000398;0001432353-20-000413;0001432353-20-000426;0001432353-20-000441;0001432353-21-000006;0001432353-21-000028;0001432353-21-000245;0001432353-21-000310;0001432353-21-000312;0001432353-21-000322;0001432353-21-000354;0001432353-21-000355;0001432353-21-000356;0001432353-21-000357;0001432353-21-000358;0001432353-21-000359;0001432353-21-000401;0001432353-21-000404;0001432353-21-000522;0001432353-21-000553;0001432353-22-000015;0001432353-22-000033;0001432353-22-000273;0001432353-22-000303;0001432353-22-000338;0001432353-22-000339;0001432353-22-000362
0001433607,,0001493152-21-012364
0001434316,980,
0001434418,1363,
0001434588,717,
0001434754,,0000930413-20-001952
0001434868,1402,
0001436229,,0001493152-21-022318
0001437107,,0001193125-22-093745
0001437249,,0001580642-21-005501
0001437352,646,
0001437424,,0001493152-22-006333
0001437491,,0001213900-21-039814
0001437578,554,
0001437750,,0001477932-22-001392
0001437925,,0001477932-22-001397
0001438133,559,
0001438533,1417,
0001439222,849,
0001439288,801,
0001439404,454,
0001439725,,0001193125-20-275716
0001440153,,0001673431-20-000033
0001441082,,0001477932-22-001420
0001442145,170,
0001442836,1343,
0001442999,,0001663577-21-000303
0001443646,395,
0001443669,841,
0001444380,681,
0001444406,,0001104659-21-132825
0001445499,,0001193125-21-121214
0001446847,1224,
0001448056,709,
0001448397,,0001140361-21-023354
0001448893,796,
0001450011,,0001193125-21-252778;0001193125-22-166316
0001450704,,0001683168-22-000869
0001451505,1312,
0001452477,,0001104659-20-089359;0001104659-21-152703
0001452937,,0001213900-21-025066;0001213900-21-025098;0001213900-21-049604;0001213900-21-054241;0001213900-22-013004;0001213900-22-014553;0001615774-20-005532;0001615774-20-005568;0001615774-20-006523;0001615774-20-008233
0001452965,,0001193125-21-300163
0001454889,,0001104659-21-040260;0001104659-21-132800;0001104659-22-083814
0001454938,,0001104659-21-094018
0001455365,,0001104659-21-123625
0001456772,,0001104659-20-076050
0001458891,,0001193125-21-185068
0001459200,817,
0001462056,,0001193125-21-320383
0001462223,,0001654954-21-007364
0001463101,510,
0001463172,420,
0001463258,1384,
0001463833,,0001213900-21-039715
0001464413,,0001464413-21-000064;0001464413-21-000216;0001464413-21-000218;0001464413-21-000220;0001464413-21-000249;0001464413-21-000251
0001464423,,0001193125-21-252737
0001464963,,0001193125-21-172338
0001466258,205,
0001466593,1204,
0001467761,,0001493152-21-015813
0001467831,,0000894189-20-004637;0000894189-21-002967;0000894189-21-003634;0000894189-21-006728;0000894189-21-007073;0000894189-21-007356
0001467858,150,
0001468327,,0001193125-21-305042
0001468328,1213,
0001468492,,0001193125-22-173561
0001468748,1063,
0001468929,,0001104659-21-149939
0001469367,691,
0001471265,1309,
0001471727,,0001471727-21-000055
0001472012,,0001104659-20-110396
0001472595,1192,
0001472698,,0001140361-21-013057
0001472787,596,
0001474098,,0001474098-21-000095;0001474098-21-000140
0001474167,,0001477932-22-001044
0001474735,438,
0001475260,,0000950142-21-000004
0001475841,1480,
0001475922,652,
0001476045,,0001193125-21-200509
0001476150,724,
0001476204,,0001476204-21-000140
0001476840,,0001628280-21-022291
0001477294,584,
0001477449,273,
0001477720,,0001193125-20-241150
0001477815,,0001193125-21-330112
0001478242,175,
0001478320,658,
0001478482,,0001133228-21-001640;0001133228-21-004276;0001133228-21-005973
0001479026,,0001193125-20-139063;0001193125-20-187929;0001193125-20-282472;0001193125-21-111533;0001193125-21-196327;0001193125-21-318586;0001193125-21-318595;0001193125-21-318627;0001193125-21-352718;0001193125-21-352784;0001193125-22-026590
0001479290,1270,
0001479615,,0000950123-20-009487
0001479681,,0001607062-22-000226
0001481241,,0000919574-22-000669
0001481646,,0001104659-20-076766
0001482512,787,
0001482541,,0001493152-22-003222
0001482981,,0001193125-21-303473
0001483934,,0000919574-20-003902
0001484018,,0001484018-21-000015;0001484018-21-000046;0001484018-21-000099
0001484612,,0001193125-20-244237
0001484769,,0001493152-20-018758
0001484778,,0001628280-21-005105
0001485894,,0001193125-20-288733;0001193125-20-310621;0001193125-21-050293;0001193125-21-068699;0001193125-21-194561;0001193125-21-194569;0001193125-21-289545;0001193125-21-306554;0001193125-21-350180;0001193125-22-095888;0001193125-22-126057;0001193125-22-137884;0001193125-22-150968;0001193125-22-169001;0001193125-22-200009;0001193125-22-200010;0001193125-22-200012;0001683863-20-009543;0001683863-20-009565
0001486159,,0001486159-20-000117;0001486159-21-000066
0001486957,628,
0001487197,,0001493152-22-001174
0001487371,1371,
0001487428,,0001104659-21-044946;0001104659-22-071743
0001487712,879,
0001487918,,0001487918-20-000082;0001487918-21-000135
0001488479,,0001193125-20-261455;0001193125-21-304972
0001488638,,0001214659-21-013659
0001489393,260,
0001490349,,0001140361-20-030095;0001140361-20-030096;0001213900-21-059585
0001490906,1263,
0001490978,784,
0001491978,,0001193125-20-229644;0001193125-21-265608
0001492074,,0001193125-20-271836
0001492422,1085,
0001492426,387,
0001492633,631,
0001492658,751,
0001492691,517,
0001493580,,0001493580-21-000041;0001493580-21-000099;0001493580-21-000104;0001493580-22-000022
0001493594,908,
0001494319,878,
0001494582,,0001437749-22-000813
0001494904,,0001193125-20-233610;0001193125-21-359209;0001193125-21-359213
0001495222,,0001213900-21-015723;0001213900-21-043443;0001213900-22-001929;0001213900-22-033312
0001495240,,0001193125-20-270267;0001193125-21-010091
0001496099,,0001104659-20-104409
0001496323,1333,
0001496963,,0001104659-21-062885
0001497645,,0001104659-21-103462
0001497770,1196,
0001498233,,0001104659-21-008588;0001213900-22-006572
0001498301,,0001140361-20-012455
0001499785,,0001213900-21-067360
0001500198,,0001213900-21-028934
0001500604,,0001193125-20-270469;0001193125-21-195273;0001193125-21-266778;0001193125-22-004608
0001501072,,0001387131-22-004806
0001501570,1486,
0001501585,527,
0001501756,1268,
0001501796,,0001193125-21-307948
0001501825,,0001193125-21-238750;0001193125-21-269519;0001193125-21-275683;0001193125-21-321062
0001502377,,0001157523-21-001440
0001503123,,0000088053-21-000166;0000088053-22-000106;0000088053-22-000674
0001503274,1457,
0001503290,,0001104659-21-063024
0001503802,1341,
0001504008,1113,
0001504619,,0000950170-22-005234
0001504776,,0001628280-21-018899
0001505155,1472,
0001505497,,0001021771-21-000082
0001505611,,0001213900-22-023892
0001506001,,0000898432-22-000235
0001506213,,0001580642-21-001880;0001580642-21-004665;0001580642-21-006063;0001580642-22-000178;0001580642-22-003316
0001506307,163,
0001506983,,0001493152-21-030843
0001507079,539,
0001507964,,0001171843-20-005782
0001508033,,0001508033-21-000029
0001509261,,0001104659-20-121068;0001104659-21-082912
0001509470,,0001104659-21-150929
0001509786,,0001213900-20-028189
0001510295,220,
0001510487,919,
0001511699,,0000894189-20-010054;0000894189-21-008967;0000894189-22-003964
0001511737,383,
0001511820,,0001493152-21-020823
0001512762,1313,
0001512922,,0001493152-21-018691
0001513331,,0001104659-22-080674;0001306830-21-000189
0001513332,,0001104659-22-080674;0001306830-21-000189
0001513761,800,
0001515673,663,
0001516212,,0001193125-21-026910;0001193125-21-283825;0001193125-22-044216;0001193125-22-094686
0001516513,,0001628280-21-012244
0001517006,,0001104659-20-116763
0001517022,1227,
0001517302,899,
0001517396,,0001213900-22-041077
0001517413,463,
0001517936,,0001445546-21-001132;0001445546-21-005684
0001518042,,0001580642-21-003249;0001580642-21-003664;0001580642-21-006065
0001518720,,0001493152-21-004093
0001518832,829,
0001519061,,0001104659-21-124652
0001519177,,0001654954-20-013021
0001519751,414,
0001520006,1418,
0001520262,896,
0001520358,,0001493152-21-016662
0001520697,936,
0001521332,259,
0001522540,,0001193125-21-184343
0001522727,1366,
0001522860,,0000950103-20-015309
0001523289,,0001829126-22-000733
0001524358,803,
0001524472,351,
0001524513,,0001193125-22-176098;0001683863-20-012845
0001525759,,0001193125-20-169514
0001526243,,0001104659-21-005849
0001526520,976,
0001527096,,0001104659-21-083316
0001527166,435,
0001527428,,0001580642-21-002443
0001527469,568,
0001527508,,0001193125-20-247100
0001527541,,0001213900-21-042537
0001527613,,0001376474-20-000139
0001528115,,0001193125-20-196463
0001528287,,0001628280-21-006896
0001528396,443,
0001528930,1475,
0001529274,,0001193125-21-111472
0001529390,,0001213900-20-027796
0001530721,1018,
0001530804,1377,
0001530950,580,
0001530979,,0001193125-21-147974
0001531048,,0001193125-20-145609
0001531152,605,
0001531177,,0001193125-21-210238
0001531978,,0001193125-21-296940
0001533231,,0001193125-21-117244;0001193125-21-352266
0001533232,,0001193125-21-117244;0001193125-21-352266
0001533233,,0001193125-21-117244;0001193125-21-352266
0001533234,,0001193125-21-117244;0001193125-21-352266
0001533743,,0001493152-20-017929
0001534133,,0001193125-20-249563
0001534154,,0001213900-21-043432
0001534254,,0001104659-21-120837
0001534701,199,
0001534969,,0001104659-21-091799
0001535379,830,
0001535929,571,
0001537140,,0001580642-21-005849
0001538210,,0001193125-21-033776
0001538927,,0001193125-20-170377
0001539838,566,
0001540184,700,
0001540305,,0000894189-20-004949;0000894189-20-005809;0000894189-20-007954;0000894189-20-008047;0000894189-20-008050;0000894189-20-009370;0000894189-20-009491;0000894189-21-001457;0000894189-21-003180;0000894189-21-003416;0000894189-21-004400;0000894189-21-004618;0000894189-21-005742;0000894189-21-006660;0000894189-21-007749;0000894189-21-007928;0000894189-21-007934;0000894189-21-008296;0000894189-21-008560;0000894189-21-008703;0000894189-22-000495;0000894189-22-000685;0000894189-22-000727;0000894189-22-004357;0000894189-22-004899
0001540615,,0001575705-21-000735
0001540755,569,
0001543066,,0001161697-21-000444
0001543151,108,
0001543199,,0001193125-22-046593
0001543916,,0001193125-21-267910
0001544522,,0001628280-21-018475
0001545440,,0001580642-21-004222
0001545772,,0001104659-21-095786
0001546417,1421,
0001547546,,0001104659-21-061118;0001104659-22-004946
0001547576,,0001213900-20-018936;0001213900-20-029195;0001615774-20-005610;0001829126-20-000146;0001829126-20-000152;0001829126-20-000216;0001829126-20-000272;0001829126-21-004802;0001829126-21-010152;0001829126-21-010812;0001829126-21-010813;0001829126-21-011206;0001829126-22-005897;0001829126-22-008816
0001547580,,0001104659-20-102584;0001104659-20-120970;0001683863-21-005895
0001547903,1387,
0001547950,,0001213900-20-026511;0001213900-20-038585;0001213900-21-010647;0001213900-21-030452;0001213900-21-035829;0001213900-21-037280;0001213900-22-023221
0001549346,1089,
0001549595,,0001193125-20-195385
0001551152,37,
0001551182,144,
0001551306,1013,
0001551950,,0001193125-21-275936;0001193125-22-087731
0001552000,272,
0001552033,295,
0001552358,,0001477932-21-007479
0001552451,713,
0001552740,,0001445546-20-005903;0001445546-21-002737;0001445546-21-002739;0001445546-21-003070;0001445546-22-003285
0001552800,,0001104659-21-080791
0001552845,405,
0001552947,,0001580642-20-002070;0001580642-20-003779;0001580642-21-002894;0001580642-21-004324;0001580642-22-001277;0001580642-22-003557;0001580642-22-003737
0001553788,,0001731122-21-001019
0001554625,,0001554625-21-000059;0001554625-21-000098;0001554625-21-000125;0001554625-21-000159;0001554625-21-000208;0001554625-22-000059
0001554818,,0001683168-21-000566
0001555279,,0001104659-20-136589
0001555280,72,
0001556593,,0001140361-21-031578
0001556739,,0001140361-20-021046
0001556748,,0001193125-21-254132;0001193125-21-254135;0001193125-21-346852;0001193125-22-058013;0001193125-22-058026
0001556753,,0001493152-21-014744
0001557127,,0001628280-21-022525
0001557157,,0001104659-21-079429;0001193125-20-159655;0001292814-20-003571
0001558536,,0001104659-22-004950
0001558569,,0001104659-21-080784
0001558740,,0001829126-22-011075
0001559109,,0001387131-20-006255
0001559720,,0001193125-20-312601
0001559865,1023,
0001559998,,0001493152-21-003943
0001560143,,0001683168-20-002874;0001683168-22-000879
0001560293,,0001575872-22-000322
0001560317,,0001104659-21-095786
0001560327,872,
0001560385,,0001104659-20-061673
0001561032,,0001104659-21-122575
0001561680,1038,
0001562088,,0001628280-21-014340
0001562476,868,
0001562528,,0001104659-21-127157
0001562565,,0001193125-22-102990;0001379491-21-000663
0001563190,,0001193125-21-092630
0001563227,,0001213900-21-051655
0001563568,,0001193125-22-187980
0001564406,,0001193125-20-210032
0001564618,1099,
0001564824,778,
0001564902,1360,
0001565687,,0001193125-21-201508
0001566895,,0001193125-20-191046
0001567264,,0001213900-21-062617
0001567514,1280,
0001567683,648,
0001567900,,0001437749-21-025942
0001568100,984,
0001568162,,0001104659-20-135907
0001568628,,0001493152-20-019434
0001568651,,0001193125-21-066730
0001569345,,0001193125-21-195259
0001571123,667,
0001571498,1247,
0001571934,,0001104659-21-076903
0001571949,107,
0001571996,121,
0001572661,,0001572661-20-000129;0001572661-20-000178;0001572661-21-000036;0001572661-22-000102
0001572910,561,
0001573097,582,
0001573221,1339,
0001573516,754,
0001574094,,0001493152-21-019300
0001574815,1153,
0001575515,852,
0001576263,623,
0001576280,490,
0001576427,1484,
0001576885,,0001193125-21-201591
0001576914,574,
0001576940,1336,
0001577134,,0001104659-21-019559
0001577526,,0001628280-20-016871
0001578732,1386,
0001578735,753,
0001579241,462,
0001579298,376,
0001579428,939,
0001579733,,0001193125-20-200971
0001579982,,0001104659-21-041417;0001104659-21-138122
0001580063,,0001193125-20-170424
0001580149,,0001520138-20-000415
0001580560,,0001193125-21-169294
0001580608,589,
0001580670,897,
0001580843,,0001104659-20-065900;0001398344-22-011862
0001580864,,0001193125-20-161871
0001580905,996,
0001581164,1071,
0001581280,1008,
0001581990,1221,
0001582581,,0001558370-20-010894
0001582961,,0001193125-21-087066
0001583107,1324,
0001583708,,0001628280-21-012645
0001584207,755,
0001584371,,0001213900-21-044237
0001584425,,0001193125-21-293666
0001584509,619,
0001584547,,0001062993-20-004203
0001584751,,0001193125-21-034333
0001585364,519,
0001585689,261,
0001585790,925,
0001587523,1248,
0001587551,,0001580642-21-006003;0001580642-22-001478
0001587732,735,
0001587982,,0001398344-21-015369;0001398344-21-024388;0001398344-22-005748;0001398344-22-007036;0001398344-22-007037;0001398344-22-010017;0001398344-22-010019;0001398344-22-010021;0001398344-22-010023;0001398344-22-010026;0001398344-22-010028;0001398344-22-010029;0001398344-22-010032;0001398344-22-010033;0001398344-22-010035;0001398344-22-010038;0001398344-22-010039;0001398344-22-010042;0001398344-22-010043;0001398344-22-010046;0001398344-22-010047;0001398344-22-010050;0001398344-22-010051;0001398344-22-012389;0001398344-22-012391;0001398344-22-012393;0001398344-22-012395;0001398344-22-012397
0001587987,,0001587987-21-000015
0001588978,,0001628280-21-018383
0001589149,,0001493152-22-020048
0001590364,1298,
0001590418,,0001683168-21-003987
0001590560,1114,
0001590714,928,
0001590717,,0001628280-22-013828
0001590770,,0001193125-20-237082
0001590771,,0001193125-20-237082
0001590772,,0001193125-20-237082
0001590774,,0001193125-20-237082
0001590811,,0001193125-20-237082
0001590877,1321,
0001590895,948,
0001590955,299,
0001591166,,0001104659-21-095786
0001591587,1075,
0001591698,522,
0001591763,1072,
0001592900,,0001213900-20-033899;0001592900-21-000219;0001829126-20-000391;0001829126-20-000392;0001829126-21-003279;0001829126-21-006516;0001829126-21-010099;0001829126-21-011161;0001829126-21-012570;0001829126-21-016267;0001829126-21-016290;0001829126-22-006370;0001829126-22-011197;0001829126-22-013865
0001593538,1207,
0001593547,,0001398344-20-021242;0001398344-20-025002;0001398344-21-006846;0001398344-21-012404;0001398344-21-020487;0001398344-21-023823;0001398344-22-000793
0001593899,,0001193125-20-275982
0001593936,1394,
0001594012,1069,
0001594109,541,
0001595386,,0001193125-22-114444
0001595527,,0001104659-20-094743;0001104659-20-096286
0001595893,1051,
0001596532,270,
0001596783,342,
0001597033,1056,
0001597264,731,
0001597389,,0001171200-21-000115;0001171200-21-000349;0001171200-22-000256
0001597553,992,
0001597672,,0001193125-22-080124
0001597934,,0001387131-21-009569
0001598014,162,
0001598981,,0001493152-22-003545
0001599298,,0001193125-20-248702
0001599407,,0001213900-22-022170
0001599617,1474,
0001599901,,0001193125-20-164100
0001600033,1466,
0001600438,1427,
0001600641,,0001193125-21-179167
0001600983,,0001104659-22-007278
0001601046,280,
0001601485,,0001104659-21-010887
0001601712,355,
0001601830,,0001193125-21-112361
0001602409,,0001520138-21-000803
0001603756,1222,
0001603923,,0001104659-21-042795
0001604028,820,
0001604112,,0001193125-22-178810
0001604174,,0001104659-21-041583;0001104659-21-082031;0001104659-21-144415;0001104659-22-006910
0001604477,,0001193125-20-276005
0001604643,1019,
0001604778,328,
0001604813,,0000894189-20-009039;0000894189-21-008300
0001604821,762,
0001605803,,0001104659-21-035281
0001605888,,0001213900-21-044735
0001606498,1219,
0001606698,,0001096906-21-002522
0001607716,959,
0001607939,,0001193125-21-304146
0001609151,,0001628280-21-021072
0001609253,,0001609253-20-000137
0001609550,937,
0001609702,607,
0001610466,666,
0001610820,,0001493152-21-004540
0001610950,550,
0001611052,,0001193125-21-155566
0001611547,1328,
0001611647,752,
0001611746,,0001213900-21-066377
0001611842,,0001104659-20-074652
0001611983,,0001104659-20-137156
0001612851,,0001387131-20-006023
0001613103,41,
0001613859,536,
0001614178,1079,
0001614184,942,
0001615055,,0001628280-21-019820
0001616000,1461,
0001616318,1431,
0001616668,,0000894189-20-004806;0000894189-20-008025;0000894189-20-009758;0000894189-21-001632;0000894189-21-003719;0000894189-21-004252;0000894189-21-006736;0000894189-21-007366;0000894189-22-002507;0000894189-22-003747
0001616862,625,
0001617351,,0001493152-20-015321
0001617406,1088,
0001617553,,0001628280-21-009829
0001618673,770,
0001618732,689,
0001618756,296,
0001618921,152,
0001619096,,0001213900-21-004389
0001619856,,0001193125-21-218592
0001620459,1244,
0001620463,,0000950123-20-009608
0001623526,1491,
0001623613,482,
0001623715,,0001193125-21-214104
0001623925,927,
0001624868,,0001193125-20-250357;0001193125-21-279441
0001625278,,0001628280-21-020993
0001625641,,0001193125-21-217450
0001626450,,0001193125-20-208183
0001627014,396,
0001627223,867,
0001627452,,0001627452-20-000009
0001627475,1149,
0001627554,,0001017386-22-000285
0001627857,903,
0001628171,1240,
0001628369,994,
0001628908,1428,
0001628945,,0001140361-21-031852
0001629137,725,
0001629665,,0001213900-21-037600
0001630113,,0001493152-21-021221
0001630472,,0001193125-21-187874
0001630627,,0001193125-21-122584
0001631596,,0001140361-21-013946
0001631650,1473,
0001632127,417,
0001632790,814,
0001633061,,0001213900-20-035512;0001213900-20-042951;0001213900-21-032983;0001213900-21-036306;0001213900-21-048384;0001213900-21-061144;0001213900-22-003353
0001633917,14,
0001633931,693,
0001633978,531,
0001634379,,0001193125-20-244204
0001634997,314,
0001635073,,0001193125-21-237143;0001193125-21-281900;0001193125-21-282392;0001193125-22-177424
0001635077,,0001683168-22-002825
0001635088,,0001193125-21-265546
0001636222,670,
0001636422,1274,
0001637459,131,
0001637715,,0001193125-21-107604
0001637873,,0001193125-21-087528
0001639225,373,
0001639300,533,
0001639691,1016,
0001640043,,0000919574-20-006228
0001640147,,0001628280-20-013410
0001641281,,0001193125-21-025784
0001642380,,0001493152-21-005102
0001642545,1191,
0001642896,,0001193125-21-351430
0001643171,,0001104659-20-115607
0001643269,,0001193125-20-242171
0001643615,,0001193125-20-194777
0001643953,,0001213900-20-017648
0001644419,,0001398344-20-016768;0001398344-21-023555;0001580642-20-002542;0001580642-20-004319;0001580642-20-004320;0001580642-21-000278;0001580642-21-001228;0001580642-22-001726;0001580642-22-002142
0001644440,1162,
0001644675,884,
0001645070,,0001193125-21-278978
0001645113,503,
0001645569,,0001193125-21-269537
0001645590,362,
0001645842,,0001140361-21-013297
0001645873,,0001140361-21-031266;0001140361-22-004341
0001646614,,0001193125-21-369517
0001646972,720,
0001647088,,0001104659-20-079502
0001647513,1479,
0001647572,,0001193125-20-257831
0001647639,,0001193125-20-314763
0001647822,,0001493152-21-008383
0001648087,,0001493152-22-003267
0001648403,,0001387131-20-009847;0001387131-21-000376;0001387131-21-007477
0001648960,,0001520138-21-000412
0001649009,,0001213900-20-028118
0001649094,,0001193125-20-164625
0001649373,,0001104659-20-097489;0001104659-21-036141;0001104659-21-080613;0001104659-22-003103
0001649739,,0001649739-21-000012;0001649739-21-000015
0001649749,1495,
0001649904,1481,
0001650107,,0001650107-21-000077
0001650149,,0000894189-21-009204;0000894189-22-000385;0000894189-22-004108
0001650164,,0001193125-21-276944
0001650648,,0001193125-20-312833
0001650664,1180,
0001650696,,0001193125-20-249161
0001650729,613,
0001650962,1476,
0001651235,904,
0001651431,,0001193125-20-209296
0001651561,1295,
0001651562,,0001193125-21-089538
0001651721,,0001193125-21-260674
0001652044,4,
0001652130,1456,
0001652724,,0001193125-21-024543
0001652842,,0001683168-21-005262
0001652958,,0001683168-22-000702
0001653087,1318,
0001653384,,0001104659-21-127885;0001104659-22-083673
0001653477,983,
0001653482,,0001628280-21-019862
0001653909,,0001628280-21-020403
0001654126,,0001104659-21-007115
0001654151,950,
0001655020,,0001655020-21-000041
0001655050,,0001104659-20-059411
0001655210,496,
0001655589,,0001680359-20-000274;0001680359-21-000021
0001655759,1320,
0001656472,1010,
0001656536,,0001193125-21-032310
0001657201,,0001193125-21-047606;0001193125-21-269983;0001683863-20-013178
0001657573,,0001193125-21-200432
0001658551,,0001193125-22-001668
0001659166,231,
0001659352,,0001193125-20-267807
0001660280,811,
0001660734,1041,
0001661460,,0001193125-20-188813
0001662244,,0001193125-21-190015
0001662524,1374,
0001662574,,0001683168-21-001910
0001662579,,0001193125-20-255111
0001662684,,0001104659-21-075680
0001662774,1342,
0001664998,,0001628280-21-007133
0001665340,,0001193125-20-295594
0001665650,,0000950103-21-008563
0001665918,684,
0001665988,,0001193125-21-037217
0001666071,1136,
0001666134,637,
0001666138,1308,
0001666268,,0000950103-22-012769
0001666291,,0001193125-21-315386
0001666700,138,
0001667011,,0001193125-21-305427
0001667919,,0001445546-20-002438;0001445546-20-002498;0001445546-20-002905;0001445546-20-003367;0001445546-20-003858;0001445546-20-004370;0001445546-20-004986;0001445546-20-005926;0001445546-20-005927;0001445546-21-000202;0001445546-21-000294;0001445546-21-000895;0001445546-21-001501;0001445546-21-001503;0001445546-21-001921;0001445546-21-002741;0001445546-21-002759;0001445546-21-003001;0001445546-21-003036;0001445546-21-003384;0001445546-21-004569;0001445546-21-004590;0001445546-21-005013;0001445546-21-005355;0001445546-21-006227;0001445546-22-004043
0001668010,,0001104659-21-064114
0001668105,1370,
0001668397,712,
0001668673,1469,
0001669162,697,
0001670076,,0001193125-21-101908
0001670310,,0000071701-21-000040
0001670541,1198,
0001670592,708,
0001671013,1433,
0001671284,,0001104659-21-084792
0001671818,,0001193125-20-257791
0001671858,,0001193125-20-307168
0001671927,,0001140361-21-003072
0001672013,909,
0001672571,,0001493152-20-020389
0001672688,,0001628280-21-014135
0001672826,,0001680359-20-000510
0001673358,274,
0001673475,,0001640334-21-000242
0001673481,,0001213900-21-056782
0001674101,657,
0001674168,1151,
0001674335,1083,
0001674356,,0001104659-21-080631
0001674416,581,
0001674440,,0001493152-22-016755
0001674862,677,
0001674910,761,
0001675033,,0001140361-21-022038
0001675149,982,
0001676047,,0001213900-21-050385
0001676238,,0001193125-21-327898
0001676852,,0001493152-21-000766
0001677077,,0001104659-21-079849
0001677576,1140,
0001678130,,0001398344-20-020341;0001398344-21-021868
0001678463,1482,
0001678660,,0001193125-20-246935
0001679063,,0001104659-20-084542
0001679082,1261,
0001679273,473,
0001679628,,0001493152-22-003158
0001679788,,0001628280-21-005378
0001679826,921,
0001680367,,0001193125-20-263847
0001681009,,0001104659-22-080674;0001306830-21-000189
0001681459,789,
0001682220,,0001104659-20-101887;0001104659-21-085013;0001104659-21-150298;0001104659-22-030649;0001104659-22-057358
0001682745,1165,
0001682852,194,
0001683471,,0000894189-20-004191;0000894189-20-004903;0000894189-20-005035;0000894189-20-005675;0000894189-20-006899;0000894189-20-007435;0000894189-20-007920;0000894189-20-008535;0000894189-20-008967;0000894189-20-009239;0000894189-20-009640;0000894189-20-009938;0000894189-20-009946;0000894189-21-000031;0000894189-21-000104;0000894189-21-000114;0000894189-21-000216;0000894189-21-000376;0000894189-21-000380;0000894189-21-000758;0000894189-21-001057;0000894189-21-001544;0000894189-21-001789;0000894189-21-002557;0000894189-21-003290;0000894189-21-004121;0000894189-21-004142;0000894189-21-004944;0000894189-21-007467;0000894189-21-008369;0000894189-21-008508;0000894189-21-008746;0000894189-21-008924;0000894189-21-009355;0000894189-22-000036;0000894189-22-000525;0000894189-22-001674;0000894189-22-002661;0000894189-22-003539;0000894189-22-003819;0000894189-22-003847;0000894189-22-004775;0000894189-22-005202
0001683541,,0001193125-21-170862
0001683553,,0001193125-20-263986
0001684506,,0001477932-20-006947
0001685040,934,
0001685428,,0001193125-21-285575
0001687229,304,
0001688568,679,
0001689375,,0001104659-21-129947
0001689548,,0001193125-20-269310
0001689657,,0001193125-20-192581
0001689731,,0001193125-21-241098
0001689813,764,
0001690012,,0001193125-21-279172
0001690639,,0000950103-21-013879
0001690947,,0001193125-21-254091
0001691303,1496,
0001691421,,0001104659-20-080117
0001691493,,0001193125-21-349505
0001692115,758,
0001692819,466,
0001693011,,0001193125-20-195291
0001693853,,0001193125-21-084237
0001694426,1299,
0001695295,,0001104659-20-132843
0001697587,,0001477932-22-000142
0001698113,,0001213900-20-038774;0001213900-20-039479
0001698535,,0001193125-22-060923
0001699150,349,
0001699382,,0001193125-20-250157
0001699709,,0001683168-22-001045
0001699838,,0001193125-21-195185
0001701541,1426,
0001701605,,0000950103-21-019342
0001701963,,0001213900-21-001607
0001702123,,0001104659-21-100176
0001702744,1009,
0001703056,547,
0001703057,,0001193125-20-312822
0001703079,,0001213900-21-017871
0001703644,,0001104659-21-144726
0001703785,,0001193125-22-171929
0001704287,,0001213900-21-057034
0001704720,881,
0001705338,,0001628280-22-002519
0001706431,601,
0001706524,,0001683168-21-000243
0001706946,659,
0001707092,1294,
0001707753,488,
0001707925,42,
0001708035,1158,
0001708176,,0001213900-20-016987;0001213900-20-016991
0001708331,,0001213900-21-008475
0001708527,,0001104659-20-110100
0001708646,,0001193125-22-023510
0001709048,,0001193125-21-308789
0001709385,,0001437749-22-002631
0001710072,,0001104659-21-037695
0001710155,955,
0001710482,,0001104659-22-030414
0001710607,,0001710607-20-000168;0001710607-20-000213;0001710607-20-000269;0001710607-21-000006;0001710607-21-000019;0001710607-21-000051;0001710607-21-000126;0001710607-21-000141;0001710607-21-000176;0001710607-22-000013;0001710607-22-000089;0001710607-22-000094
0001711269,326,
0001711933,,0001104659-21-050657
0001712184,,0001193125-20-242601
0001713683,297,
0001713952,923,
0001714367,,0001558891-20-000023
0001714562,,0001493152-21-014265
0001714899,969,
0001715768,,0001715768-22-000013
0001716166,,0001493152-20-023246
0001716583,,0001193125-21-221839;0001213900-20-031957
0001716951,,0001716951-21-000067;0001716951-21-000139
0001717452,1346,
0001718224,,0001477932-21-008010
0001718405,,0001104659-20-069879;0001104659-20-098413;0001104659-21-005528
0001718512,862,
0001718852,,0001193125-21-074446
0001718939,,0001104659-22-007835
0001719395,,0001193125-20-268227
0001719812,,0001387131-20-009022;0001387131-20-009063;0001387131-20-011065;0001387131-21-005619;0001387131-21-005620;0001387131-21-005963;0001387131-21-005965;0001387131-21-008803;0001387131-21-010148;0001387131-21-010566;0001387131-21-010804;0001387131-21-011082;0001387131-21-012288;0001387131-21-012289;0001387131-21-012290;0001387131-21-012291;0001387131-22-000005;0001387131-22-000006;0001387131-22-000389
0001720161,,0000919574-21-003870
0001720420,,0001140361-20-017430
0001720635,856,
0001720671,,0001193125-21-346748
0001720990,,0001193125-20-285584
0001721386,,0001731122-21-000062
0001721484,,0001213900-21-008383
0001721947,,0001104659-20-085059
0001722271,,0001104659-20-075574
0001722388,,0001193125-21-219354;0001193125-21-317260
0001722438,,0001213900-20-040155
0001722482,361,
0001722684,723,
0001722964,1251,
0001723069,,0001213900-21-053952
0001723596,1257,
0001723648,,0001193125-21-198809
0001724521,1460,
0001724570,,0001193125-20-272562
0001724670,810,
0001724979,,0001193125-21-122776
0001725057,393,
0001725134,,0001193125-20-193765
0001725160,1319,
0001725430,,0001493152-20-024084
0001725872,,0001213900-20-041621;0001213900-21-001260
0001726445,,0001628280-20-016900
0001726711,,0001213900-20-015155
0001726822,,0001829126-22-003433
0001727074,,0001683863-21-001795;0001683863-21-006713;0001683863-22-004665
0001727263,790,
0001727398,,0000894189-22-003968
0001728205,,0001140361-21-017801
0001728328,,0001193125-20-285837
0001728683,,0001387131-22-005131
0001728860,,0001193125-20-244910
0001729214,,0001753926-21-000500
0001729750,,0001104659-20-093307
0001730168,43,
0001730773,,0001493152-21-026866
0001731289,,0001104659-20-070923
0001731805,,0001104659-21-079978
0001731831,1205,
0001732845,529,
0001733186,1364,
0001733257,,0001193125-21-082831
0001733294,,0001193125-20-163176
0001733418,,0001104659-20-070335
0001733998,1174,
0001734517,1108,
0001734713,1302,
0001734722,,0001193125-21-119471
0001734750,,0001213900-21-016571
0001735803,,0001193125-21-036538
0001736035,,0001193125-21-307501
0001736243,,0001104659-21-084621
0001737193,,0001737193-20-000057
0001737287,675,
0001737706,,0001193125-20-166778
0001737927,,0001193125-20-292373
0001737995,,0001493152-22-009678
0001738021,,0001193125-20-290341;0001193125-21-315396;0001213900-20-015594
0001739104,453,
0001739410,,0001193125-21-228072
0001739445,1068,
0001739614,,0001628280-20-012719
0001739936,832,
0001739940,81,
0001739942,593,
0001740279,,0001104659-20-123356
0001740332,1172,
0001741530,,0001104659-22-070316
0001741830,,0001628280-20-014261
0001742341,,0001213900-20-015249
0001742912,,0000894189-20-008130;0000894189-20-008280;0000894189-20-008950;0000894189-20-009023;0000894189-20-009431;0000894189-20-009933;0000894189-20-010013;0000894189-20-010066;0000894189-21-002075;0000894189-21-002935;0000894189-21-003025;0000894189-21-003188;0000894189-21-003811;0000894189-21-004088;0000894189-21-004466;0000894189-21-004476;0000894189-21-004924;0000894189-21-006967;0000894189-21-009300;0000894189-22-001163;0000894189-22-003512;0000894189-22-003550;0001387131-22-006760;0001387131-22-006915;0001826466-22-000056;0001826466-22-000063
0001742924,1455,
0001742927,,0001104659-20-137506
0001743759,,0001193125-20-248161
0001743881,816,
0001743905,,0001213900-22-015148
0001743907,,0001193125-21-080721
0001744320,,0001477932-20-003019
0001744489,19,
0001744494,,0001140361-21-003946
0001744659,1422,
0001744894,1493,
0001745020,,0001193125-21-289711
0001745041,588,
0001745114,,0001628280-21-012093
0001745317,,0001104659-20-109756;0001104659-20-112259
0001745916,760,
0001745999,1429,
0001746278,,0001213900-22-003860
0001746473,,0001193125-20-155679
0001747009,1030,
0001747565,,0001104659-20-139082;0001104659-21-024392;0001104659-22-013054
0001747748,,0001628280-21-000835
0001748137,,0001393905-22-000248
0001748425,,0001387131-21-000980;0001387131-21-002104;0001387131-21-012389;0001387131-22-005575
0001748790,303,
0001749704,,0001193125-21-127723
0001750106,,0001654954-20-012778
0001750149,,0001104659-20-119208
0001750153,,0001213900-20-044117
0001750284,,0001104659-20-126242
0001750625,,0000950157-20-001211;0001193125-22-077997
0001750721,,0000950157-20-001211;0001193125-22-077997
0001750736,,0000950157-20-001211;0001193125-22-077997
0001751008,,0001193125-21-113168
0001751788,172,
0001752360,,0000947871-21-000347
0001752836,966,
0001753162,,0001104659-20-087318
0001753368,,0001104659-21-150032
0001753706,,0001104659-20-079050
0001754068,,0001193125-20-199661
0001754226,,0000943374-21-000383
0001754820,,0001104659-20-135029
0001754836,,0001104659-21-128977
0001755351,,0001213900-20-030450;0001829126-21-001617
0001755672,255,
0001756180,,0001683168-22-004563
0001756497,795,
0001756499,,0001279569-22-000221
0001756594,,0001104659-20-081719
0001757073,802,
0001757898,,0001193125-21-104111
0001758009,,0001213900-21-036863
0001758021,,0001104659-21-050174
0001758057,,0001193125-20-312776
0001758766,,0001104659-20-095995;0001104659-21-061061
0001759008,,0001104659-21-008177
0001759124,,0001437749-21-015255
0001759186,,0001213900-20-033484
0001759546,,0001104659-20-119279
0001759631,,0001213900-20-030492
0001759655,,0001193125-21-131721
0001760588,,0001580642-21-003824
0001760764,,0001213900-20-033738;0001213900-21-033922
0001760854,,0001140361-20-027625
0001760903,,0001264931-20-000173
0001760965,1376,
0001761055,,0001193125-20-251407;0001193125-20-251418;0001193125-20-251421;0001193125-21-102283;0001193125-21-102291;0001193125-21-227613;0001193125-21-353720
0001761312,1027,
0001761696,,0001213900-21-003608
0001761918,,0001193125-21-214084
0001762239,,0001731122-21-001190
0001762303,,0001193125-20-183429
0001762322,,0001213900-20-031273
0001762459,,0001193125-21-028007
0001763925,,0001763925-20-000011
0001764013,1117,
0001764046,,0001104659-21-080866
0001764757,,0001104659-21-085197
0001764791,,0001193125-20-251255
0001764795,,0001580642-20-004620
0001765159,,0001193125-21-291257
0001766140,,0001213900-21-035803
0001766363,,0001193125-21-138163
0001766478,,0001104659-21-080619
0001768012,,0001104659-21-001022
0001768224,1403,
0001768267,1230,
0001768446,,0001193125-21-235064
0001768910,,0001104659-20-085794
0001768946,,0001104659-21-012221
0001769116,,0001104659-20-107036
0001769484,,0001104659-21-054813
0001769697,,0001213900-21-060455
0001769768,,0001213900-21-023753
0001769804,,0001213900-20-030762;0001213900-21-051725
0001770121,,0001193125-21-016261
0001770236,,0001104659-21-082117
0001770450,794,
0001770787,447,
0001771146,,0001387131-20-009359;0001387131-21-005095;0001387131-21-005097;0001387131-21-007464;0001387131-21-009956;0001387131-21-011788;0001387131-21-011996;0001387131-21-012025;0001387131-21-012180
0001771515,737,
0001771910,,0001140361-20-011268
0001771917,1047,
0001771951,,0001493152-21-009923
0001772028,,0001104659-20-133713
0001772720,,0001193125-20-326022
0001773383,384,
0001773427,1124,
0001773751,,0001193125-21-017838
0001774675,,0001104659-21-082707
0001774739,,0001794202-20-000373
0001775194,,0001477932-21-004193
0001775898,,0001193125-20-155437
0001776067,,0001213900-20-038699
0001776167,,0001140361-21-004743
0001776661,,0001193125-20-284770
0001776903,,0001213900-20-036173
0001776909,,0001213900-20-031372
0001777319,,0001493152-22-001162
0001777393,,0001193125-21-063743
0001777765,,0001104659-21-101542
0001777835,,0001013762-20-000017;0001193125-21-204696
0001777921,,0001193125-21-209872
0001777946,,0001193125-21-263381
0001779020,,0001213900-20-010861;0001213900-21-000468
0001779128,,0001104659-21-065292
0001779306,,0001104659-20-056264;0001104659-21-115993
0001779372,,0001213900-21-058171
0001779474,,0001140361-21-021785
0001779578,,0001104659-20-135097
0001780201,,0001193125-21-326040
0001780312,,0001493152-21-008574
0001780366,,0001104659-20-105369;0001104659-20-128019;0001104659-21-089206;0001104659-21-115738
0001780731,,0001213900-21-006675
0001780785,,0001104659-21-010274
0001781162,,0001213900-21-043676
0001781193,,0001193125-20-182466
0001781335,198,
0001781397,,0001213900-21-017146
0001781730,,0001193125-21-321178
0001782037,,0001213900-20-028363
0001782107,,0001213900-22-008204
0001782170,,0001628280-21-018887
0001782223,,0001193125-21-292187
0001782309,,0001104659-20-079209
0001782594,,0001193125-20-168467
0001782627,,0001104659-21-136758
0001782754,,0001193125-20-164569
0001782941,,0001104659-21-006526
0001783010,,0001140361-20-015284
0001783032,,0001104659-21-083488
0001783036,,0001213900-21-004771
0001783180,235,
0001783183,1442,
0001783317,,0001193125-20-273976
0001783328,,0001193125-21-214090
0001783398,,0001193125-21-013336
0001783879,,0001628280-21-014808
0001784168,,0001213900-20-022558
0001784535,,0001213900-20-045506
0001784567,,0001493152-21-013841;0001493152-21-023608
0001784851,,0001104659-21-123193
0001784970,,0001477932-20-003771;0001477932-22-005183
0001785243,,0001580642-21-001709
0001785345,,0001193125-21-024167
0001785530,,0001193125-21-134162
0001785592,,0001213900-22-006492
0001785680,,0001193125-21-084213
0001786108,,0001104659-21-008513;0001213900-22-040857
0001786182,,0001193125-21-065592
0001786205,,0001193125-22-024538
0001786248,,0001193125-20-195526
0001786255,,0001193125-21-223145
0001786286,,0001104659-21-096868
0001786431,523,
0001786842,,0001193125-20-236631
0001787134,,0001104659-21-026223
0001787306,1411,
0001787356,,0001193125-20-276854
0001787400,,0001193125-20-186958
0001787412,,0001599916-21-000211
0001787518,,0001213900-20-015423
0001787640,,0001104659-21-081375
0001787740,,0001104659-21-136539
0001787803,,0001493152-20-023452
0001788028,,0001213900-21-050592
0001788717,,0001193125-21-211776
0001788882,,0001628280-20-014741
0001789029,,0001193125-21-085979
0001789192,,0001493152-21-011022
0001789299,,0001213900-21-019557
0001789769,,0001193125-21-080481
0001789940,,0001193125-21-288648
0001789972,,0001193125-21-002768
0001790121,,0001213900-20-043427
0001790169,,0001594062-21-000071
0001790340,,0001104659-21-095970
0001790625,,0001213900-21-045081
0001790665,,0001213900-21-063191
0001790982,1138,
0001791091,,0001213900-20-035335
0001791278,,0001193125-20-185083
0001791706,,0001104659-20-086436
0001791725,,0001213900-21-002195
0001791863,,0001193125-20-182781
0001792044,,0001193125-20-290141
0001792267,,0001193125-20-162088
0001792580,960,
0001792581,,0001104659-20-114766
0001792627,,0001140361-21-020604
0001792781,,0001193125-21-204409
0001792789,,0001193125-20-308368
0001792829,,0001193125-20-202124
0001792849,,0001437749-20-018336;0001437749-20-018850
0001792941,,0001477932-22-004262
0001793129,,0001193125-20-178526
0001793229,,0001104659-20-113620
0001793294,425,
0001793497,,0001213900-22-006276
0001793659,,0001193125-21-002054
0001793663,,0001193125-21-217569
0001793855,,0001104659-20-085155
0001793862,,0001193125-20-156691
0001793882,,0001193125-20-271756
0001794287,,0001193125-20-175226
0001794350,,0001193125-20-252020
0001794515,,0001628280-20-008946;0001794515-21-000307
0001794621,,0001193125-22-039201
0001794669,,0001193125-20-161294
0001794717,,0001213900-22-010485
0001794783,,0001193125-20-146822
0001794846,,0001193125-21-160687
0001794905,,0001104659-20-103142;0001193125-21-236394
0001795251,,0001140361-20-018669
0001795351,,0001741773-21-002217;0001795351-20-000025;0001795351-21-000004
0001795579,,0001104659-20-068956
0001795589,,0001193125-20-131732
0001795918,,0001193125-20-237082
0001796022,,0001193125-20-244072
0001796129,,0001193125-20-329821
0001796383,,0001398344-20-012929;0001398344-20-020270
0001796514,,0001213900-20-013385
0001797099,,0001193125-20-189754
0001797318,,0001137439-20-000286;0001137439-20-000618;0001680359-20-000486;0001680359-20-000563;0001680359-21-000202;0001680359-21-000271
0001797768,,0001140361-20-026757
0001798100,,0001104659-20-093544
0001798270,,0001558370-21-012261
0001798562,,0001213900-20-010886;0001213900-21-047279;0001213900-21-048261
0001798618,,0001193125-21-005343
0001798749,,0001104659-21-085707
0001799011,,0001493152-21-025191
0001799208,,0001104659-20-079287
0001799290,,0001213900-20-015159
0001799448,,0001193125-20-268246
0001799567,,0001193125-20-178830
0001799788,,0001213900-20-028040
0001799858,,0001387131-21-002100
0001799983,,0001193125-20-232602
0001800044,,0001047469-20-004138
0001800227,,0001104659-20-078461
0001800315,,0001193125-20-275442
0001800392,,0001213900-21-007332
0001800491,,0001104659-20-125413
0001800637,,0001213900-21-004285
0001800667,,0001193125-20-240984
0001800682,,0001193125-20-141381;0001193125-21-252867
0001801075,,0001193125-20-186637
0001801169,,0001104659-20-137261;0001104659-20-137517
0001801170,,0001193125-21-004070;0001193125-21-007348
0001801198,,0001193125-20-158448
0001801368,,0001193125-20-296150
0001801417,,0001213900-22-005887
0001801602,,0000950103-21-002070;0001140361-22-023538
0001801661,,0001104659-20-138149;0001104659-20-138151
0001801753,,0001193125-21-223669
0001801754,,0001140361-20-016125
0001801777,,0001193125-20-158196
0001801834,,0001213900-20-024430
0001802156,,0001193125-21-219419
0001802450,,0001104659-20-093862;0001104659-22-063867
0001802457,,0001193125-20-190532;0001193125-21-206309
0001802665,,0001193125-20-219598
0001802749,,0001193125-20-132446;0001193125-21-159335
0001802768,,0001193125-20-169129
0001802883,,0001628280-20-009727
0001802974,,0001193125-20-253215
0001803112,,0001193125-21-282922
0001803407,,0001213900-22-021573
0001803599,,0001193125-20-241008
0001803696,,0001193125-20-156658
0001803737,,0001140361-22-020493
0001803901,,0001193125-20-161559;0001193125-21-197353
0001803914,,0001104659-20-069759;0001104659-21-024317
0001804176,,0001104659-21-023964;0001140361-20-011880
0001804196,,0001193125-21-074843
0001804469,,0001213900-21-050201
0001804583,,0001104659-21-011583
0001804591,,0000950103-20-019360;0001193125-21-192313;0001193125-21-194255
0001804745,,0001193125-21-008663
0001804850,,0001104659-20-079052
0001805005,,0001104659-20-079052
0001805012,,0000950103-20-017942
0001805077,,0001213900-20-012789;0001213900-20-037361
0001805087,,0001104659-20-079455;0001104659-22-006034
0001805284,,0001104659-20-090798
0001805385,,0001104659-21-094897;0001213900-20-019147
0001805387,,0001140361-20-013039;0001193125-20-283964
0001805508,,0001104659-21-010823
0001805521,,0001213900-20-017873
0001805594,,0001213900-21-012739
0001805651,,0001193125-20-197555;0001628280-21-014167;0001628280-21-014543
0001805795,,0001213900-20-030602
0001805833,,0001104659-20-073416;0001193125-22-019890;0001193125-22-025942
0001805890,,0001193125-20-176504
0001806156,,0001193125-21-025741
0001806201,,0001193125-20-165231;0001193125-20-169633
0001806220,,0001140361-20-021296
0001806310,,0001193125-20-249136
0001806524,,0001264931-20-000115
0001806837,,0001104659-20-087517
0001806904,,0001213900-20-045085
0001806905,,0001213900-22-036075
0001806952,,0001193125-21-190157
0001807046,,0001493152-21-025346
0001807120,,0001193125-21-091210
0001807166,,0001213900-20-028010
0001807192,,0001193125-20-252417
0001807389,,0001213900-21-034180
0001807486,,0001193125-21-050193
0001807594,,0001213900-20-017325
0001807765,,0001213900-20-027272
0001807794,,0001628280-22-001235
0001807846,,0001213900-20-015780
0001807901,,0001193125-20-191700
0001807958,,0001193125-21-254132;0001193125-21-254135;0001193125-21-346852;0001193125-22-058013;0001193125-22-058026
0001807983,,0001104659-20-096383
0001808065,,0001193125-21-254132;0001193125-21-254135;0001193125-21-346852;0001193125-22-058013;0001193125-22-058026
0001808158,,0001193125-20-170457
0001808220,,0001193125-20-193017
0001808377,,0001829126-22-010764
0001808665,,0001104659-20-063840
0001808805,,0001140361-20-017640;0001628280-21-011892
0001808834,,0001193125-20-271107
0001808865,,0001193125-20-196302
0001808997,,0001564590-20-031529
0001809104,,0001104659-20-065672;0001193125-21-212035
0001809122,,0001104659-20-094379
0001809158,,0001104659-21-001808
0001809196,,0001193125-20-184871
0001809353,,0001104659-20-083064
0001809519,,0001193125-20-251664
0001809541,,0001193125-20-250251
0001809587,,0001104659-20-091907
0001809616,,0001213900-21-015993
0001809691,,0001193125-21-184011
0001809750,,0001477932-22-002755
0001809766,,0001193125-20-136308
0001809987,,0001193125-20-181010
0001810019,,0001193125-20-207569
0001810031,,0001193125-20-210360
0001810140,,0001213900-20-019279;0001213900-21-029304
0001810182,,0001193125-20-191878
0001810200,,0001213900-22-007157
0001810467,,0001213900-21-035666
0001810491,,0001213900-20-020413
0001810523,,0001445546-20-002811
0001810546,,0001193125-20-266042
0001810560,,0001213900-20-030446;0001213900-22-002152
0001810739,,0001193125-20-255761
0001810747,,0001398344-20-017249;0001398344-20-023845;0001398344-20-024570;0001829126-21-003622;0001829126-21-004208;0001829126-21-009794;0001829126-21-010428;0001829126-21-011485;0001829126-21-012697;0001829126-22-000633;0001829126-22-003539;0001829126-22-005380;0001829126-22-010840
0001810806,,0001193125-20-241491
0001810997,,0001193125-20-226673
0001811063,,0001193125-21-041929;0001213900-20-015954
0001811074,,0001213900-20-042409
0001811109,,0001104659-20-100330;0001607062-21-000212
0001811115,,0001193125-20-191900
0001811168,,0001829126-20-000120
0001811210,,0001104659-20-086762;0001104659-21-095277
0001811216,,0001104659-21-010221
0001811414,,0000950123-20-006374;0001193125-20-308489
0001811530,,0001599916-21-000304
0001811764,,0001104659-20-081678;0001104659-21-087795
0001811856,,0001193125-21-079857;0001213900-20-023588
0001811882,,0001193125-20-195148
0001812173,,0001213900-20-017327;0001213900-21-049537
0001812234,,0000950142-20-002760
0001812360,,0001213900-20-041708
0001812364,,0001193125-20-191867
0001812667,,0001104659-20-087052
0001812727,,0001493152-21-002879
0001812923,,0001104659-20-126788
0001813658,,0001104659-20-086409
0001813756,,0001193125-21-302853;0001193125-21-308162;0001213900-20-019784
0001813783,,0001104659-20-128006
0001813814,,0001104659-21-053876
0001813914,,0001104659-20-083820;0001104659-21-080874
0001814067,,0001193125-20-253132
0001814114,,0001213900-20-019874
0001814140,,0001213900-20-025142
0001814215,,0001104659-20-102149
0001814287,,0001564590-20-032985
0001814329,,0001193125-21-205288;0001213900-20-020237
0001814423,,0001104659-20-111969
0001814728,,0001213900-20-019034
0001814824,,0001213900-20-020312
0001814963,,0001104659-22-078395
0001815021,,0001193125-20-251387
0001815086,,0001213900-20-031398
0001815184,,0001193125-20-216040
0001815302,,0001193125-20-208063
0001815436,,0001213900-21-060538
0001815442,,0001193125-20-223612
0001815495,,0001213900-20-022057
0001815526,,0001193125-20-230767
0001815566,,0001731122-21-000468
0001815620,,0001193125-20-269423
0001815737,,0001213900-20-022756
0001815753,,0001213900-21-006328
0001815776,,0001193125-21-196381
0001815805,,0001104659-20-103778
0001815846,,0001193125-20-265165
0001815849,,0001193125-20-215964
0001815903,,0001104659-20-130862
0001815974,,0001493152-21-010499
0001816007,,0001193125-20-274486
0001816017,,0001193125-20-240990
0001816048,,0001213900-20-026356
0001816090,,0001213900-20-023497
0001816101,,0001193125-20-217312;0001193125-21-131944
0001816125,,0001137439-20-000954;0001137439-22-000233;0001794202-20-000479;0001794202-21-000174;0001794202-21-000195;0001794202-21-000242;0001794202-22-000030;0001794202-22-000082;0001794202-22-000095
0001816172,,0001213900-21-025621
0001816176,,0001213900-20-020041
0001816233,,0001213900-20-027313;0001213900-21-036176;0001213900-21-036180
0001816261,,0001193125-20-245999
0001816319,,0001213900-22-032411
0001816431,,0001104659-20-101820;0001104659-21-081560
0001816581,,0001193125-20-224386;0001193125-21-080038
0001816590,,0001628280-20-013596
0001816613,,0001104659-20-095770;0001104659-21-094008
0001816696,,0001213900-20-025448
0001816708,,0001140361-20-020318;0001140361-21-025216
0001816736,,0001213900-20-021145
0001816815,,0001493152-21-014811
0001816816,,0001193125-20-210111
0001817004,,0001493152-21-022611
0001817071,,0001104659-20-097114
0001817153,,0001213900-20-041931
0001817159,,0001398344-21-001601
0001817218,,0001213900-22-032053
0001817229,,0001193125-21-024727
0001817232,,0001213900-20-043208
0001817358,,0001193125-20-261816
0001817511,,0001607062-21-000489
0001817565,,0001104659-21-147275
0001817640,,0001193125-20-296133
0001817656,,0001213900-22-022156
0001817713,,0001193125-21-186719
0001817740,,0001104659-22-055208
0001817760,,0001104659-21-027574
0001817786,,0001104659-20-110234
0001817868,,0001213900-20-025959
0001817944,,0001213900-20-042323
0001818089,,0001104659-20-118172
0001818093,,0001193125-21-156433;0001213900-20-028406
0001818201,,0001140361-20-018299;0001193125-21-237930
0001818212,,0001213900-20-022454
0001818221,,0001193125-20-245985
0001818331,,0001213900-20-024549;0001628280-21-014760
0001818346,,0001104659-20-103832
0001818355,,0001104659-20-096119
0001818382,,0001104659-21-110678;0001213900-20-027080
0001818383,,0001193125-20-278659
0001818502,,0001104659-20-107653;0001193125-21-224403
0001818644,,0001193125-21-253301;0001213900-20-036420
0001818787,,0000950103-21-000661
0001818794,,0001193125-20-243958
0001818838,,0001104659-21-011303
0001818844,,0001104659-20-136083
0001818873,,0001104659-20-113095
0001818874,,0001104659-20-113091;0001104659-21-073852
0001818876,,0001104659-20-113088
0001818880,,0001213900-21-016324
0001819035,,0001213900-20-024987;0001213900-21-008472
0001819113,,0001104659-20-127260;0001104659-21-125878
0001819133,,0001193125-21-246234;0001213900-20-024994
0001819142,,0001104659-21-000788;0001193125-22-031167
0001819157,,0001140361-20-020493
0001819175,,0001104659-20-103426
0001819253,,0001193125-21-060865;0001193125-22-166249
0001819263,,0001104659-20-112508
0001819313,,0001213900-20-025749
0001819394,,0001193125-20-314025;0001193125-21-227538
0001819395,,0001193125-21-011093;0001628280-22-001184
0001819399,,0001193125-20-264323
0001819404,,0001193125-20-264321
0001819411,,0001140361-21-008904
0001819438,,0001193125-20-246838;0001193125-21-295421
0001819493,,0001213900-20-030231;0001213900-21-045049
0001819496,,0001213900-20-029110
0001819498,,0001213900-21-011572
0001819510,,0001140361-20-022015
0001819516,,0001104659-20-106991
0001819559,,0001193125-21-187634
0001819574,,0001193125-20-289667;0001193125-21-184524
0001819576,,0001104659-20-126838
0001819580,,0001193125-20-292642
0001819584,,0001213900-20-025999;0001213900-21-046178
0001819608,,0001193125-20-260755
0001819615,,0001213900-20-043352;0001213900-20-044866
0001819663,,0001683168-21-000511
0001819704,,0001104659-20-135673
0001819724,,0001104659-21-036390
0001819790,,0001193125-20-267409
0001819794,,0001213900-20-041851
0001819796,,0001213900-20-037744
0001819810,,0001104659-21-114349;0001193125-20-300873
0001819848,,0001193125-21-247915;0001213900-20-026733
0001819876,,0001213900-20-036099
0001819881,,0001213900-20-031709;0001213900-20-032814
0001819928,,0001104659-21-051691
0001819974,,0001193125-21-118592
0001819989,,0001193125-21-260900;0001213900-20-031587
0001819994,,0001104659-20-108236;0001193125-21-262190
0001820143,,0001104659-20-133069
0001820144,,0001140361-20-025800
0001820160,,0001193125-21-012953
0001820175,,0001213900-21-002156
0001820190,,0001213900-21-000590
0001820191,,0001193125-20-259952
0001820201,,0001104659-20-129878;0001104659-21-131160
0001820209,,0000950123-21-003134
0001820272,,0001213900-21-002667
0001820302,,0001193125-20-250689;0001193125-21-299620
0001820378,,0001193125-21-222723
0001820566,,0001193125-20-314085;0001193125-22-042172
0001820630,,0001213900-20-027834;0001628280-21-012482
0001820721,,0001193125-20-267361
0001820727,,0001104659-20-132735
0001820807,,0001104659-20-118143
0001820852,,0001140361-20-022019
0001820872,,0001104659-20-109913;0001104659-22-068074
0001820875,,0001104659-20-116462
0001820877,,0001193125-20-286281
0001820931,,0001193125-20-246910
0001820953,,0001104659-21-003560
0001821018,,0001213900-20-029245
0001821075,,0001213900-20-040383
0001821080,,0001580642-21-000726
0001821146,,0001213900-20-036405
0001821159,,0001104659-21-090210;0001140361-20-021795;0001213900-21-035315
0001821160,,0001193125-20-273449
0001821169,,0001213900-21-020772
0001821171,,0001104659-20-109567
0001821175,,0001493152-21-000471
0001821317,,0001193125-20-251973
0001821318,,0001104659-20-125520
0001821323,,0001104659-20-130395
0001821329,,0001104659-21-010681
0001821349,,0001104659-20-126701
0001821393,,0001193125-20-282945
0001821424,,0001213900-21-000306
0001821440,,0001193125-20-275443
0001821468,,0001193125-20-304585
0001821586,,0001213900-20-031945;0001213900-22-019217
0001821595,,0001213900-20-038738
0001821606,,0001193125-21-003317
0001821682,,0001193125-20-272729
0001821742,,0001213900-20-032215
0001821769,,0001193125-21-301974;0001193125-21-306726;0001213900-20-040217
0001821788,,0001104659-20-115891
0001821806,,0001193125-20-277140
0001821812,,0001213900-21-014343
0001821825,,0001193125-21-084081
0001821850,,0001213900-20-038948
0001822027,,0001213900-20-032467
0001822145,,0001213900-20-044238
0001822219,,0001213900-20-029418
0001822250,,0001193125-20-312191
0001822309,,0001213900-20-038231
0001822312,,0001193125-20-265373
0001822359,,0001213900-20-031174;0001213900-21-058683
0001822366,,0001193125-20-311445
0001822462,,0001193125-20-272027
0001822479,,0001193125-20-298473
0001822492,,0001104659-20-113291;0001104659-21-094006
0001822523,,0001140361-21-003206
0001822553,,0001213900-20-031390
0001822691,,0001193125-22-029805;0001213900-21-001986
0001822711,,0001213900-21-008871
0001822791,,0001213900-20-045386;0001213900-21-000487
0001822792,,0001213900-21-012352
0001822829,,0001193125-20-295904
0001822835,,0001104659-20-125515
0001822862,,0001140361-21-002035
0001822873,,0001140361-20-023324
0001822877,,0001104659-20-110871
0001822886,,0001493152-21-023130
0001822888,,0001213900-21-002878
0001822912,,0001213900-21-002132
0001822928,,0001193125-21-220722;0001213900-20-030298
0001822929,,0001104659-20-116898
0001822935,,0001213900-21-001968
0001822966,,0001104659-20-128388;0001104659-22-054359;0001104659-22-056493
0001822993,,0001193125-21-089528
0001823000,,0001104659-20-119364
0001823033,,0001193125-21-015555
0001823034,,0001193125-21-051076
0001823086,,0001104659-20-124185
0001823143,,0001104659-21-009505
0001823144,,0001104659-20-121805;0001104659-21-154308
0001823200,,0001193125-20-273506
0001823239,,0001193125-20-297484
0001823306,,0001140361-20-019997
0001823323,,0001104659-21-001059
0001823340,,0001140361-20-021800
0001823365,,0000943374-21-000011
0001823383,,0001493152-20-023186
0001823406,,0000943374-21-000024
0001823465,,0001104659-20-113466
0001823466,,0000950103-20-020709;0001104659-22-084153
0001823481,,0001193125-21-011228
0001823524,,0001193125-20-270070
0001823529,,0001628280-21-009677
0001823575,,0001140361-20-025937;0001140361-22-022239
0001823584,,0001104659-21-012735
0001823587,,0001213900-20-032513;0001437749-22-000163;0001437749-22-001606;0001437749-22-001987
0001823593,,0001193125-21-113272
0001823608,,0001193125-21-062425
0001823634,,0001213900-20-041578
0001823652,,0001193125-20-293049;0001193125-22-144667;0001193125-22-150258
0001823707,,0001213900-21-000795
0001823733,,0001193125-21-006995
0001823766,,0001213900-20-032477;0001213900-21-049102
0001823767,,0001564590-20-047440
0001823776,,0001193125-20-272630
0001823794,,0001193125-20-324545
0001823826,,0001213900-20-037706
0001823854,,0001213900-20-041936
0001823855,,0001193125-21-006957
0001823857,,0001213900-20-043988
0001823878,,0001104659-20-117041;0001823878-21-000008
0001823882,,0001213900-20-033898;0001829126-21-007757;0001829126-21-008369
0001823884,,0001104659-21-001356
0001823896,,0001193125-20-319644
0001823945,,0001104659-20-117070
0001823986,,0001193125-21-145690
0001824013,,0001104659-20-124287
0001824036,,0001193125-20-318093
0001824119,,0000950103-20-022438
0001824149,,0001213900-21-006578
0001824153,,0001193125-21-003878
0001824171,,0001104659-21-000291
0001824185,,0001104659-21-011891
0001824211,,0001213900-21-006315
0001824293,,0001104659-21-014523
0001824301,,0001213900-20-041242
0001824403,,0001104659-20-134068;0001104659-21-097058
0001824434,,0001193125-21-000646
0001824502,,0001104659-21-118389;0001213900-20-033465
0001824577,,0001193125-20-273537
0001824677,,0001104659-21-006164
0001824734,,0001213900-20-041225;0001213900-21-038894
0001824846,,0001140361-20-029047
0001824884,,0001213900-20-035851
0001824888,,0001213900-20-036025
0001824893,,0001104659-20-116078;0001193125-21-243467;0001193125-21-249342
0001824920,,0001193125-20-290017;0001193125-21-290624
0001824963,,0001213900-20-033116
0001824988,,0001104659-22-004587
0001824993,,0001193125-20-313509
0001825024,,0001193125-20-272783;0001193125-21-266682
0001825042,,0001193125-20-296659
0001825079,,0001104659-20-131395
0001825088,,0001140361-21-001553
0001825155,,0001104659-21-009960
0001825249,,0001140361-20-029052
0001825254,,0001104659-20-135130
0001825413,,0001213900-21-003942
0001825437,,0001213900-21-000948
0001825473,,0001213900-21-000604
0001825480,,0001193125-21-002018
0001825497,,0001213900-21-000035
0001825570,,0001193125-21-011391
0001825720,,0001193125-21-002932
0001825724,,0001193125-20-294075
0001825739,,0001104659-21-033605
0001825962,,0001213900-21-009964
0001826000,,0001193125-20-288785
0001826011,,0001213900-20-043967
0001826018,,0001213900-20-041373
0001826058,,0001193125-21-019091
0001826059,,0001213900-21-009966
0001826168,,0001292814-20-003678
0001826286,,0001193125-21-016206
0001826333,,0001104659-21-000586
0001826376,,0001213900-22-033520
0001826397,,0001493152-21-015987
0001826435,,0000950103-21-003701
0001826455,,0001104659-20-129075;0001104659-21-095700
0001826457,,0001193125-21-195045
0001826470,,0001193125-21-006138
0001826492,,0001193125-21-000456
0001826553,,0001104659-21-003819
0001826574,,0001213900-21-000154
0001826600,,0001193125-21-012506
0001826660,,0001493152-20-024104
0001826667,,0001104659-20-136193
0001826669,,0001213900-21-015698
0001826671,,0001213900-21-000197
0001826681,,0000950123-21-012604;0001213900-21-002106
0001826729,,0001104659-21-008780
0001826814,,0001104659-21-003334
0001826855,,0001213900-21-002025
0001826889,,0001213900-20-038717
0001826892,,0001193125-20-313813
0001826991,,0000950103-20-023254
0001827075,,0001193125-20-294195;0001193125-21-356938
0001827076,,0001193125-21-088743
0001827087,,0001193125-22-001677
0001827090,,0001104659-20-134424
0001827248,,0001213900-21-000598
0001827328,,0001213900-21-000401
0001827392,,0001213900-21-002181
0001827401,,0001062993-21-010071
0001827506,,0001193125-21-149990
0001827669,,0001213900-20-038166
0001827821,,0001104659-20-133999;0001104659-22-038152
0001827871,,0000950123-21-000607
0001827899,,0000950103-21-001876
0001827980,,0001104659-21-137017;0001104659-21-140635;0001213900-21-001581
0001828016,,0001193125-21-008549
0001828049,,0001140361-21-002271
0001828096,,0001193125-21-049985
0001828098,,0001178913-21-000926
0001828102,,0001104659-21-043553
0001828105,,0001193125-21-237966;0001213900-20-037423
0001828108,,0001193125-21-080559
0001828161,,0001140361-21-013227
0001828182,,0001193125-21-032249
0001828183,,0001193125-21-081112
0001828185,,0001104659-21-055601
0001828248,,0001104659-21-019877
0001828250,,0001104659-21-019927
0001828253,,0001104659-21-007674
0001828316,,0001193125-20-322278
0001828318,,0001104659-20-130915;0001193125-21-218701
0001828325,,0001104659-21-002850
0001828326,,0001104659-20-132424
0001828365,,0001104659-21-004173
0001828376,,0001104659-21-039009
0001828438,,0001213900-21-004829
0001828443,,0001193125-21-019331
0001828478,,0001193125-21-003648
0001828522,,0001193125-21-262060;0001564590-21-000536
0001828536,,0001104659-21-010636;0001104659-22-023106
0001828588,,0001104659-22-057364
0001828608,,0001213900-21-006382
0001828672,,0001104659-20-136660;0001104659-21-147508;0001104659-21-149546
0001828673,,0001193125-21-212008
0001828723,,0001193125-20-315036;0001193125-21-355702
0001828735,,0001104659-20-140765
0001828791,,0001193125-21-030476
0001828805,,0001213900-21-034503
0001828811,,0001193125-21-241747
0001828817,,0000950103-20-023411
0001828852,,0001104659-21-007455;0001104659-22-080993
0001828914,,0001193125-21-004821
0001828937,,0001193125-21-104237;0001193125-21-108963
0001828957,,0001829126-20-000257
0001828962,,0000950123-21-003686
0001828972,,0001104659-21-002924;0001104659-21-148188
0001828985,,0001213900-20-042663
0001828989,,0001213900-21-020076
0001829042,,0001140361-20-027423
0001829118,,0001193125-21-079389
0001829280,,0001140361-21-006825
0001829311,,0001065949-21-000117
0001829322,,0001213900-21-056085
0001829328,,0001213900-20-040633
0001829426,,0001193125-20-305676
0001829427,,0001104659-21-000856
0001829432,,0001193125-21-024179
0001829455,,0001213900-21-001935
0001829558,,0001193125-21-050181
0001829576,,0001104659-20-128235
0001829615,,0001213900-21-010809
0001829635,,0001104659-21-054875
0001829667,,0001213900-21-036964
0001829730,,0001564590-21-000499
0001829794,,0001683168-21-004626
0001829797,,0001104659-21-001997
0001829802,,0001193125-21-024876
0001829864,,0001193125-21-187988
0001829889,,0001213900-20-043205
0001829949,,0001193125-21-139709
0001829953,,0001213900-20-042978
0001829959,,0001193125-20-306259
0001829966,,0001683168-21-001369
0001829999,,0001493152-21-000938
0001830029,,0001193125-21-005142
0001830033,,0001104659-21-037623;0001104659-21-039237
0001830043,,0001193125-21-036554
0001830063,,0001104659-21-006229
0001830072,,0001683168-21-001779
0001830081,,0001213900-21-009986
0001830162,,0001104659-21-026679
0001830180,,0001193125-20-315963;0001193125-21-304224
0001830188,,0001104659-21-007022
0001830197,,0001140361-21-002595
0001830210,,0001104659-20-140536;0001104659-21-122720
0001830214,,0001193125-21-050732;0001193125-21-274986
0001830232,,0001140361-21-000221
0001830374,,0001213900-21-003927
0001830392,,0001213900-21-001587
0001830487,,0001193125-21-028346
0001830531,,0000950103-21-000170
0001830547,,0001104659-21-006872
0001830569,,0001193125-21-212387
0001830749,,0001193125-21-098409
0001830795,,0001213900-21-006684
0001831006,,0001104659-21-008701
0001831096,,0001140361-20-029666;0001140361-22-023452
0001831097,,0001193125-21-115206
0001831236,,0001213900-21-003921
0001831270,,0001104659-21-020391
0001831283,,0001193125-21-303047
0001831313,,0001104659-21-083356
0001831359,,0001104659-21-010106
0001831363,,0001193125-21-014462
0001831481,,0000950123-21-003111
0001831617,,0001104659-21-041124
0001831631,,0001193125-21-027310
0001831651,,0001193125-21-016924
0001831828,,0001193125-21-157781
0001831840,,0001628280-21-005266
0001831868,,0001193125-21-014550
0001831874,,0001104659-21-031615
0001831907,,0001104659-21-003261
0001831915,,0001193125-21-218594
0001831928,,0001140361-21-000805
0001831937,,0001213900-21-004552
0001831964,,0001213900-21-005641
0001831978,,0001104659-21-038819
0001831979,,0001213900-21-001353
0001831992,,0001104659-21-006080
0001832010,,0001104659-21-000227
0001832038,,0001193125-21-233921
0001832136,,0001104659-21-064390
0001832168,,0001193125-21-075033
0001832250,,0001104659-21-004271
0001832300,,0001140361-21-009011
0001832332,,0001193125-21-131262
0001832351,,0000950123-21-001223;0001193125-22-034631
0001832352,,0001104659-21-007524
0001832371,,0001213900-21-010539
0001832415,,0001193125-21-318651;0001213900-21-000817
0001832459,,0001193125-21-007823
0001832466,,0001193125-21-095185
0001832487,,0001213900-21-054809
0001832505,,0001213900-21-003176
0001832511,,0001104659-21-148233;0001193125-21-032525
0001832696,,0001213900-21-010824
0001832737,,0001193125-21-037836
0001832765,,0001104659-21-004067
0001832879,,0001193125-21-193120
0001832950,,0001140361-21-003017
0001833032,,0001387131-21-003122
0001833197,,0001104659-21-053469
0001833213,,0001213900-21-007373
0001833214,,0001493152-21-000529;0001493152-21-026649
0001833235,,0001104659-21-025290
0001833416,,0001140361-21-003837
0001833417,,0001140361-21-003837
0001833418,,0001140361-21-003837
0001833419,,0001140361-21-003837
0001833420,,0001140361-21-003837
0001833424,,0001140361-21-003837
0001833425,,0001140361-21-003837
0001833428,,0001140361-21-003837
0001833442,,0001140361-21-003837
0001833498,,0001213900-21-008363
0001833764,,0001193125-21-044119
0001833769,,0001104659-21-007609;0001104659-21-153941
0001833835,,0001193125-21-099489
0001833908,,0001104659-21-041574
0001833909,,0001213900-21-011549
0001834026,,0001493152-21-004507
0001834032,,0000950103-21-000954
0001834045,,0000950170-22-000373;0001104659-21-012955
0001834226,,0001104659-21-005268
0001834253,,0001104659-21-043190
0001834336,,0001213900-21-009579
0001834342,,0001213900-21-007381
0001834376,,0001104659-21-031293
0001834488,,0001628280-21-005811
0001834489,,0001193125-21-121070
0001834494,,0001193125-21-225289
0001834518,,0001193125-21-015478
0001834584,,0001628280-21-003144
0001834585,,0001193125-21-077365
0001834622,,0001104659-21-035182
0001834628,,0001213900-21-016894
0001834645,,0001206774-21-000221
0001834755,,0001213900-21-008365
0001834974,,0001193125-21-151098
0001835059,,0001193125-21-091091
0001835068,,0001193125-21-076420
0001835205,,0001104659-21-028004
0001835236,,0001213900-21-006074
0001835256,,0001193125-21-084764
0001835268,,0001193125-21-079822
0001835378,,0001213900-21-007754;0001628280-21-024586
0001835416,,0001213900-21-009445
0001835512,,0001104659-21-031941
0001835539,,0001104659-21-039756
0001835567,,0001193125-21-024103;0001193125-21-350485
0001835579,,0001193125-21-091158
0001835591,,0001193125-21-089354
0001835597,,0001193125-22-138814
0001835615,,0001213900-22-007800
0001835632,,0001193125-21-122938
0001835636,,0001193125-21-062953
0001835654,,0001193125-21-105720
0001835681,,0001193125-21-226426
0001835713,,0001140361-21-002102
0001835724,,0001193125-21-087077
0001835800,,0001193125-21-031739
0001835814,,0001193125-21-062334
0001835817,,0001193125-21-062327
0001835856,,0001104659-21-030037
0001835881,,0001104659-21-025099
0001835963,,0001193125-21-158247
0001835972,,0001140361-21-006488
0001836056,,0001193125-21-190948
0001836057,,0001193125-21-089847
0001836074,,0001193125-21-068849
0001836075,,0001193125-21-068845
0001836100,,0001493152-21-002892
0001836129,,0001213900-21-012427
0001836154,,0000950123-21-000934
0001836176,,0001193125-21-026136;0001193125-21-370706
0001836190,,0001564590-21-001434
0001836242,,0001213900-21-065912
0001836259,,0001140361-21-004290
0001836274,,0001104659-21-031265
0001836337,,0001193125-21-033449
0001836379,,0001628280-21-006613
0001836470,,0001193125-21-270148
0001836478,,0001731122-21-001646
0001836517,,0001104659-21-021886
0001836547,,0000950103-21-002389
0001836564,,0001193125-21-147939
0001836612,,0001193125-21-219722
0001836707,,0001104659-22-020668;0001213900-21-011507
0001836833,,0001193125-21-067417;0001193125-21-355383
0001836875,,0001213900-21-017736;0001213900-21-017993
0001836894,,0001193125-21-054015
0001836934,,0001104659-21-093398
0001836935,,0001104659-21-011003
0001836967,,0001104659-21-012036
0001836981,,0001193125-21-032440;0001193125-21-350159;0001193125-21-355558
0001837014,,0001104659-21-010898;0001104659-21-108919;0001193125-21-260632
0001837067,,0001193125-21-053955
0001837105,,0001193125-21-075829
0001837160,,0001213900-21-006736
0001837207,,0001104659-21-010395
0001837223,,0001193125-21-117244;0001193125-21-352266
0001837224,,0001193125-21-117244;0001193125-21-352266
0001837238,,0001193125-21-072509
0001837240,,0001193125-21-072515;0001193125-22-172211
0001837248,,0001140361-21-003230
0001837344,,0001213900-21-016766
0001837393,,0001193125-21-072975
0001837412,,0001213900-21-010590
0001837419,,0001193125-21-117244;0001193125-21-352266
0001837429,,0001193125-21-191781
0001837430,,0001193125-21-198097
0001837493,,0001213900-21-018771
0001837607,,0001104659-21-013444
0001837620,,0001193125-21-149983
0001837686,,0001104659-21-068294
0001837739,,0001193125-21-074274
0001837824,,0000919574-22-004388
0001837929,,0001564590-21-054374
0001837997,,0001193125-21-051782
0001838000,,0001213900-21-044575
0001838108,,0001104659-21-012231
0001838162,,0001193125-21-050280
0001838163,,0001193125-21-062087
0001838176,,0001104659-21-028327
0001838207,,0001193125-21-054644
0001838219,,0001213900-21-011295
0001838238,,0001213900-21-013968
0001838293,,0001193125-21-038061
0001838337,,0001104659-21-013345
0001838359,,0001193125-21-063194;0001193125-22-060776;0001193125-22-067932
0001838361,,0001193125-21-089384
0001838413,,0001193125-21-190986
0001838431,,0001213900-21-007334
0001838433,,0001213900-21-009281
0001838513,,0001193125-21-287499
0001838527,,0000950123-21-001178
0001838544,,0001104659-21-026489
0001838614,,0001213900-21-006332
0001838615,,0001213900-21-011008
0001838666,,0001193125-21-081335
0001838672,,0001104659-21-027735
0001838697,,0001213900-21-008345
0001838716,,0001493152-21-030192
0001838814,,0001193125-21-317871
0001838821,,0001140361-21-006131
0001838831,,0000950103-21-004376
0001838883,,0001213900-21-016014
0001838937,,0001193125-21-180917
0001838957,,0001193125-21-188607
0001838987,,0000950103-21-002957
0001839121,,0001104659-21-031314
0001839127,,0001104659-21-024931
0001839132,,0001213900-21-009499
0001839175,,0001193125-21-067267
0001839185,,0001193125-21-185093
0001839191,,0001193125-21-054688
0001839285,,0001607062-21-000401
0001839341,,0001193125-22-016157;0001213900-21-007669
0001839360,,0001193125-22-200145;0001213900-21-010144
0001839412,,0001104659-21-030594;0001104659-22-022951;0001104659-22-024331
0001839434,,0001193125-21-054941
0001839439,,0001193125-21-219481
0001839519,,0001193125-21-356444
0001839530,,0001193125-21-077513
0001839550,,0000950103-21-002411
0001839569,,0001213900-21-012385
0001839608,,0001213900-21-013056
0001839610,,0001213900-21-013055
0001839611,,0001213900-21-013057
0001839730,,0001193125-21-161472;0001193125-21-345492
0001839799,,0001193125-21-218660
0001839824,,0001213900-21-015186
0001839839,,0001193125-21-182631;0001193125-21-188980
0001839972,,0001213900-21-014766
0001839990,,0001104659-21-120377
0001839998,,0001104659-21-033158
0001840148,,0001213900-21-012042
0001840161,,0001213900-21-014082
0001840199,,0001213900-21-014979
0001840225,,0001213900-21-011540
0001840229,,0001193125-21-297781
0001840233,,0001104659-21-127173
0001840292,,0001213900-21-015048;0001213900-22-000981
0001840317,,0001193125-21-080724
0001840353,,0001140361-21-007114
0001840416,,0001104659-21-138016
0001840425,,0001193125-22-147272
0001840439,,0001193125-21-116042
0001840463,,0001213900-21-012864
0001840502,,0001140361-21-022710
0001840572,,0001213900-21-012491;0001213900-21-066733
0001840574,,0001193125-21-188883
0001840706,,0001193125-21-218225
0001840748,,0001193125-21-084933
0001840776,,0001104659-21-038266;0001104659-21-147678
0001840780,,0001193125-21-056533;0001193125-21-340458
0001840792,,0001193125-21-067245
0001840856,,0001213900-21-014493;0001213900-22-023274
0001840859,,0001104659-21-049634
0001840877,,0001104659-21-029657
0001840904,,0001193125-21-189595
0001840920,,0001213900-21-014557
0001840927,,0001104659-21-047885
0001841004,,0001193125-21-065540
0001841024,,0001104659-21-034250
0001841080,,0001193125-21-052173
0001841125,,0001213900-21-015563
0001841137,,0001213900-21-040975
0001841144,,0001104659-21-123777
0001841156,,0000950123-21-007202
0001841209,,0001104659-21-083325
0001841227,,0001104659-21-132979
0001841230,,0001213900-21-055799
0001841258,,0000950103-21-003925
0001841304,,0000950123-21-003127
0001841330,,0001213900-21-047666
0001841338,,0001213900-21-047631
0001841383,,0001193125-21-085395
0001841387,,0001193125-21-218582
0001841389,,0001104659-21-033772
0001841408,,0001193125-21-067253;0001193125-22-002730;0001193125-22-006854
0001841420,,0001193125-21-072771
0001841425,,0001213900-21-042044
0001841585,,0001193125-21-063201
0001841586,,0001213900-22-001386
0001841610,,0001140361-21-008067
0001841661,,0001213900-21-016332
0001841666,,0001193125-21-063695
0001841675,,0001104659-21-116792;0001104659-21-140503
0001841734,,0001213900-21-016837
0001841761,,0000950103-21-004322;0001193125-22-180310
0001841800,,0001140361-21-025825
0001841804,,0001193125-21-221316
0001841845,,0001193125-21-073136
0001841867,,0001104659-21-068685
0001841873,,0001193125-21-062135
0001841925,,0001213900-21-031936;0001213900-21-032758
0001841948,,0001193125-21-068525
0001841968,,0001193125-21-302126
0001841993,,0001104659-21-047479
0001842022,,0001193125-21-154120
0001842046,,0001193125-21-075837
0001842219,,0001213900-21-035961
0001842223,,0001104659-21-034359
0001842279,,0001193125-21-089355;0001213900-22-042020
0001842329,,0001104659-21-033635
0001842356,,0001104659-21-109965
0001842373,,0001140361-21-008746
0001842384,,0001213900-21-038014
0001842386,,0001213900-21-014237
0001842430,,0001193125-21-149668
0001842498,,0001193125-21-245595
0001842556,,0001213900-22-006155
0001842566,,0001213900-21-015559
0001842609,,0001213900-21-032844
0001842644,,0001213900-21-046650
0001842659,,0000950103-21-004406
0001842718,,0001193125-21-202641
0001842729,,0001140361-21-007754
0001842731,,0001628280-21-009505
0001842760,,0001213900-21-025618
0001842827,,0001193125-21-182969
0001842883,,0000950123-21-003261
0001842912,,0001213900-21-013086
0001842916,,0001213900-21-015940
0001842937,,0001213900-21-050131
0001842939,,0001213900-21-015715
0001842952,,0001193125-21-223087
0001843080,,0001213900-21-016544
0001843091,,0000950103-21-005424
0001843100,,0001213900-21-051742
0001843121,,0001104659-21-039541
0001843162,,0000950103-21-009570
0001843181,,0000898432-21-000370
0001843205,,0001213900-21-031794
0001843212,,0001140361-21-008647
0001843248,,0001193125-21-234746
0001843249,,0001213900-21-016864
0001843351,,0000950123-21-003521
0001843370,,0001140361-21-038099
0001843388,,0001213900-21-016860;0001213900-22-000703
0001843548,,0001193125-22-022636
0001843586,,0001193125-21-157158
0001843588,,0001213900-21-038139
0001843608,,0001104659-21-080591
0001843656,,0001213900-21-016043
0001843714,,0001193125-22-006671
0001843716,,0001193125-21-171966
0001843724,,0001104659-21-040100
0001843762,,0001213900-21-020139;0001213900-21-066430
0001843764,,0001193125-21-088527
0001843862,,0001193125-21-201168
0001843973,,0001193125-21-172206
0001843988,,0001193125-21-092756
0001843993,,0001213900-21-034462
0001844135,,0001193125-21-271381
0001844149,,0000950123-21-013580
0001844211,,0001213900-21-024686
0001844224,,0001104659-21-091727;0001213900-21-035761
0001844270,,0001213900-21-060351
0001844280,,0001193125-21-278292
0001844336,,0001213900-21-033634
0001844363,,0001193125-21-089056
0001844389,,0001213900-21-020006
0001844392,,0001104659-21-125500
0001844417,,0001104659-21-091959
0001844419,,0001104659-21-060611
0001844452,,0001213900-21-048859
0001844505,,0001193125-21-280735
0001844507,,0001193125-21-297664
0001844579,,0001213900-21-023319
0001844635,,0001104659-21-040086
0001844642,,0001104659-21-040103
0001844650,,0001193125-21-272584
0001844744,,0001193125-21-207317
0001844817,,0000950159-21-000224
0001844840,,0001104659-21-065906
0001844862,,0001104659-21-148821;0001564590-21-014762
0001844908,,0001213900-21-034734
0001844971,,0001193125-21-271579;0001193125-21-297843
0001844981,,0001104659-21-092070
0001845013,,0001193125-21-229261
0001845022,,0001193125-21-214075
0001845097,,0001104659-21-099824
0001845123,,0001193125-21-356264
0001845149,,0001104659-21-136207
0001845257,,0001193125-21-187243
0001845290,,0001104659-21-118160
0001845337,,0001193125-21-169899
0001845338,,0001104659-21-077277
0001845368,,0001140361-22-002218
0001845437,,0001213900-21-032418
0001845459,,0001104659-21-069174
0001845550,,0000950103-21-011196
0001845580,,0001140361-21-012515
0001845601,,0001104659-21-078101
0001845618,,0000950103-21-007445
0001845799,,0000943374-21-000330
0001845809,,0000928816-21-000569
0001845815,,0000950103-21-009429;0001213900-21-035350
0001845840,,0001104659-21-140935
0001845855,,0000950103-21-007444
0001845942,,0001575705-21-000624
0001845991,,0001104659-21-133397
0001846017,,0000943374-21-000354
0001846055,,0001193125-21-277333
0001846068,,0001193125-21-085620
0001846069,,0001193125-21-085616;0001628280-21-021971;0001628280-21-023197
0001846084,,0001193125-22-026586
0001846136,,0001140361-21-027054
0001846163,,0001193125-21-108547
0001846235,,0001104659-21-096758
0001846253,,0001104659-21-101927
0001846288,,0001104659-21-078147
0001846510,,0001193125-21-214138
0001846576,,0001193125-21-174216
0001846715,,0001213900-21-034434
0001846750,,0001193125-21-351547
0001846804,,0001193125-21-106422
0001846809,,0001104659-21-073200
0001846832,,0000950103-21-008145
0001846968,,0001193125-21-256313
0001846975,,0001829126-21-012775
0001846996,,0001213900-21-017470
0001847064,,0001104659-21-076888
0001847075,,0001104659-21-056207
0001847090,,0001104659-21-102745
0001847112,,0001213900-21-037484
0001847127,,0001193125-21-088940
0001847152,,0000950123-21-007142
0001847241,,0001104659-21-130046
0001847345,,0001104659-22-024439
0001847351,,0000950123-21-015801
0001847355,,0001193125-21-350792
0001847360,,0000943374-21-000331
0001847398,,0001104659-21-090148
0001847416,,0001213900-21-025763
0001847440,,0001104659-21-082883
0001847513,,0001104659-21-082092
0001847577,,0001140361-21-033866
0001847584,,0001193125-21-188895
0001847590,,0001193125-21-137136
0001847607,,0001104659-22-037084
0001847806,,0001104659-22-044477
0001847846,,0001493152-21-017813
0001847874,,0001104659-21-066733
0001847891,,0001104659-21-089689
0001847903,,0001193125-21-172311
0001847986,,0001104659-21-102670
0001848000,,0001104659-21-078704
0001848020,,0000950123-21-013081
0001848097,,0001575705-21-000343
0001848165,,0001104659-21-119774
0001848275,,0001213900-22-029470
0001848323,,0001193125-21-279129
0001848364,,0001213900-21-031709
0001848410,,0001104659-21-067873
0001848437,,0001104659-22-000823
0001848558,,0001193125-21-318363
0001848739,,0001104659-21-108958
0001848756,,0001104659-21-128770
0001848758,,0001387131-21-007268;0001387131-22-001277
0001848763,,0001193125-21-252331
0001848795,,0001193125-21-165434
0001848821,,0001104659-21-128104
0001848861,,0001193125-21-352123
0001848898,,0001193125-21-240282
0001848948,,0001193125-22-006351
0001848959,,0001564590-21-042964
0001849011,,0001104659-21-135041
0001849056,,0001104659-21-089687
0001849058,,0001213900-21-037270
0001849253,,0001193125-21-220412
0001849280,,0001104659-21-080221
0001849294,,0001104659-21-132114
0001849296,,0001493152-22-012636
0001849380,,0001104659-21-061442
0001849396,,0001193125-21-190687
0001849408,,0001104659-21-080765
0001849466,,0000943374-21-000335
0001849475,,0001104659-21-127245
0001849489,,0000950123-21-014274
0001849543,,0001104659-21-083532
0001849548,,0001213900-21-056074
0001849580,,0001193125-21-249903
0001849635,,0001104659-21-112418
0001849670,,0000943374-21-000343
0001849737,,0000950103-22-004284
0001849820,,0001213900-21-036832
0001849853,,0001193125-21-216031
0001849867,,0001104659-21-124044
0001849902,,0001140361-21-025700
0001849998,,0001623632-21-001550
0001850038,,0000950142-21-003602
0001850051,,0001104659-21-134282
0001850079,,0001628280-21-012156
0001850119,,0001104659-21-080760
0001850235,,0001104659-21-086179
0001850236,,0001193125-21-104111
0001850262,,0001193125-21-316885
0001850266,,0001193125-21-202742
0001850270,,0001193125-21-202749;0001193125-22-195148
0001850271,,0001193125-21-202747
0001850272,,0001193125-21-202757
0001850316,,0001193125-21-322618
0001850398,,0001193125-21-219273
0001850453,,0001193125-21-323306
0001850487,,0001193125-21-209816
0001850502,,0001140361-21-033672
0001850529,,0001140361-21-041132
0001850699,,0001104659-21-133680
0001850838,,0001193125-21-223592
0001850902,,0001193125-21-197865
0001850906,,0001193125-21-172112
0001851003,,0001193125-21-184341
0001851112,,0001628280-21-014809
0001851174,,0001193125-21-241308
0001851182,,0001104659-21-114074
0001851194,,0001193125-21-301169
0001851230,,0000950103-21-018003
0001851266,,0001731122-21-001955
0001851612,,0001193125-21-289403
0001851625,,0001213900-21-056078
0001851657,,0001193125-21-326037
0001851682,,0001193125-21-195934
0001851860,,0001213900-22-007429
0001851908,,0001193125-21-215753
0001851909,,0000950103-21-015883
0001851959,,0001104659-21-111355
0001851961,,0001104659-21-133430
0001852016,,0001193125-21-311209
0001852019,,0001104659-21-122858
0001852061,,0001193125-22-012660
0001852117,,0001193125-21-242556;0001193125-21-248159
0001852244,,0001628280-21-011851
0001852332,,0001104659-21-113277
0001852353,,0001104659-22-041125
0001852407,,0001193125-21-298535
0001852432,,0001140361-21-024041
0001852440,,0001213900-22-038467
0001852461,,0001140361-21-013057
0001852495,,0001140361-21-040434
0001852633,,0001104659-22-005218
0001852638,,0001193125-21-213994
0001852707,,0001062993-21-012232
0001852736,,0001193125-21-297391
0001852749,,0001104659-21-127454
0001852767,,0001104659-21-090051
0001852771,,0001104659-21-087486
0001852889,,0001193125-22-144484
0001852931,,0001213900-21-053689
0001852940,,0001213900-21-053677
0001852973,,0001213900-21-046280
0001853021,,0001104659-21-096675
0001853044,,0001104659-21-127070
0001853070,,0001140361-21-039660
0001853084,,0001104659-21-078703
0001853112,,0001493152-22-004003
0001853145,,0001140361-21-023014
0001853314,,0001213900-21-051967
0001853397,,0001104659-21-096756
0001853436,,0001193125-21-318285
0001853513,,0001193125-21-199378
0001853580,,0001829126-21-006555
0001853594,,0001140361-21-040857
0001853651,,0001213900-21-045340
0001853717,,0001104659-21-085066
0001853774,,0001104659-21-086650
0001853775,,0001104659-21-067590
0001853816,,0001193125-21-243542
0001853920,,0001104659-22-001797
0001853928,,0001193125-21-303894
0001853972,,0001104659-21-095786
0001853973,,0001104659-21-095786
0001853974,,0001104659-21-095786
0001853975,,0001104659-21-095786
0001853976,,0001104659-21-095786
0001854136,,0001104659-21-095786
0001854139,,0001193125-21-218583
0001854270,,0001193125-21-171915;0001193125-22-174498
0001854275,,0001104659-21-129311
0001854384,,0001193125-21-205873
0001854401,,0001193125-21-216894
0001854445,,0001493152-21-015472
0001854458,,0001104659-21-139812
0001854461,,0001104659-21-122402
0001854463,,0001493152-21-022404
0001854480,,0001140361-21-035603
0001854545,,0001193125-21-196385
0001854583,,0001213900-21-041021
0001854587,,0001213900-21-045634
0001854593,,0001104659-21-086003
0001854795,,0001193125-21-324366
0001854863,,0001193125-21-234596
0001854963,,0001104659-21-083531
0001855066,,0001104659-21-127934
0001855129,,0001140361-21-021842
0001855168,,0001213900-21-038555
0001855302,,0001104659-21-127493
0001855351,,0001493152-21-031827
0001855447,,0001104659-21-099938
0001855450,,0001104659-21-129489
0001855457,,0001193125-21-286094;0001193125-21-293152
0001855467,,0001104659-21-092537
0001855474,,0001213900-21-064411
0001855485,,0001193125-21-268555
0001855509,,0001731122-21-001177
0001855555,,0001104659-21-127912
0001855612,,0001193125-21-344286
0001855631,,0001493152-21-019190
0001855644,,0001104659-21-091567
0001855693,,0001104659-21-087225
0001855747,,0001193125-21-213971
0001855751,,0001493152-21-024501
0001855756,,0001104659-21-103258
0001855885,,0001104659-22-019045
0001855886,,0001104659-21-129913
0001856028,,0001564590-21-051089
0001856031,,0001193125-21-301067
0001856084,,0001213900-21-041063
0001856161,,0001829126-21-016319
0001856236,,0001104659-21-100337
0001856242,,0001193125-22-002799
0001856314,,0001104659-21-087065
0001856365,,0001140361-21-027509
0001856430,,0001104659-21-096549
0001856432,,0001193125-21-227365
0001856437,,0001140361-21-021565
0001856485,,0001193125-21-239912;0001193125-22-114291
0001856519,,0001214659-21-007032
0001856525,,0001193125-21-222152
0001856589,,0001193125-21-302988
0001856608,,0001104659-21-118534
0001856653,,0001193125-21-345464
0001856659,,0001213900-21-033153
0001856689,,0001104659-21-125810
0001856696,,0001213900-21-065041
0001856724,,0001140361-21-039951
0001856725,,0001193125-21-224394
0001856774,,0001104659-21-145308
0001856948,,0001104659-22-051045
0001856961,,0001140361-21-039957
0001856995,,0001104659-21-134049
0001857044,,0001493152-21-017627
0001857086,,0001264931-21-000155
0001857154,,0001193125-21-204756
0001857190,,0001104659-21-086113
0001857410,,0001193125-21-355579
0001857475,,0001193125-21-228496
0001857518,,0001104659-22-019220
0001857628,,0001104659-21-095786
0001857662,,0001140361-21-028037
0001857803,,0001140361-21-036993
0001857816,,0001193125-22-200159
0001857853,,0001193125-21-228074
0001857855,,0001493152-21-027055
0001857910,,0001599916-21-000237
0001857951,,0001193125-21-233227
0001858007,,0001213900-22-012807
0001858028,,0001493152-21-018651
0001858180,,0001104659-22-059378
0001858257,,0001193125-21-295297
0001858258,,0001137439-22-000649
0001858327,,0001193125-21-288075
0001858351,,0001104659-21-128369
0001858414,,0001213900-21-047579
0001858503,,0001104659-21-135797
0001858681,,0001193125-22-000274
0001858684,,0001193125-21-346157
0001858685,,0001493152-21-025850
0001858848,,0001193125-21-223152
0001858912,,0001104659-21-151581
0001858985,,0001193125-21-269882
0001859007,,0001213900-21-066246
0001859035,,0001829126-21-014054
0001859285,,0000950142-21-003366
0001859310,,0001213900-21-044526
0001859639,,0001213900-21-044240
0001859690,,0001104659-21-112042
0001859807,,0001213900-21-065598
0001860434,,0001193125-21-271465;0001193125-21-321210;0001193125-22-016134;0001193125-22-151779;0001193125-22-183904
0001860482,,0001193125-21-316549
0001860484,,0001213900-22-006345
0001860514,,0001829126-21-012483
0001860543,,0001104659-21-098266;0001104659-21-131457
0001860571,,0001104659-22-006283;0001193125-21-170200
0001860580,,0001104659-22-006283;0001193125-21-170200
0001860657,,0001213900-21-064990
0001860663,,0001104659-21-121023
0001860742,,0001193125-22-141501
0001860782,,0001628280-21-018324
0001860805,,0001193125-21-301046
0001860871,,0001104659-21-132851
0001860879,,0001829126-21-013522
0001860923,,0001860923-21-000002
0001861115,,0001193125-21-327667
0001861121,,0001213900-21-065144
0001861233,,0001104659-21-078363
0001861318,,0001104659-22-006283;0001193125-21-170200
0001861449,,0001193125-21-318365
0001861522,,0001493152-21-027386
0001861541,,0001104659-21-128027
0001861560,,0001193125-21-224274
0001861622,,0001493152-21-019061
0001861649,,0001104659-22-006283;0001193125-21-170200
0001861657,,0001493152-22-000761
0001861661,,0001104659-22-006283;0001193125-21-170200
0001861662,,0001104659-22-006283;0001193125-21-170200
0001861681,,0001104659-21-095675;0001104659-21-095938
0001861785,,0001903596-22-000254
0001861795,,0001193125-21-273352
0001861841,,0001213900-21-051515
0001862005,,0001104659-21-075026
0001862068,,0001829126-21-011949
0001862150,,0001493152-21-024527;0001493152-21-030475
0001862327,,0001140361-21-038472
0001862463,,0001193125-21-262652
0001862490,,0001193125-22-008678
0001862935,,0001493152-21-029102
0001862993,,0001104659-21-150187
0001863006,,0000950103-21-014627
0001863099,,0001104659-22-006699
0001863105,,0001193125-21-279895
0001863127,,0001193125-21-270173
0001863181,,0001193125-21-284126
0001863294,,0001193125-21-224949
0001863362,,0001213900-21-050272
0001863428,,0001104659-21-130335
0001863460,,0001493152-21-018058
0001863685,,0001213900-21-053673
0001863719,,0001193125-21-337512
0001863990,,0001104659-21-126192
0001864032,,0001214659-21-013131
0001864163,,0001104659-22-070491
0001864208,,0001821268-21-000474
0001864290,,0001193125-21-234412
0001864448,,0001104659-21-141355;0001104659-21-143665
0001864531,,0001104659-21-133483
0001864843,,0001193125-21-279345
0001864891,,0001104659-21-115321
0001864943,,0001104659-22-001920;0001104659-22-004758
0001865045,,0001104659-21-108458;0001104659-21-123762
0001865107,,0001193125-21-278798
0001865111,,0001104659-21-148459
0001865120,,0001493152-22-000780
0001865187,,0001140361-21-035105
0001865191,,0001731122-21-001782
0001865200,,0001104659-21-148092
0001865248,,0001104659-21-144764
0001865377,,0001193125-21-278388
0001865389,,0001193125-21-292260
0001865407,,0001193125-21-244471
0001865408,,0001104659-21-120139
0001865468,,0001493152-21-031168
0001865494,,0001193125-21-317000
0001865506,,0001104659-21-127191
0001865533,,0001140361-21-040769
0001865537,,0001193125-21-262003
0001865631,,0001213900-21-055087;0001213900-21-055141
0001865697,,0001213900-21-064147
0001865701,,0001104659-22-006449
0001865861,,0001213900-21-054959
0001865975,,0001193125-21-242877
0001866175,,0001193125-21-350011
0001866226,,0001213900-21-066175
0001866368,,0001193125-21-280587
0001866390,,0001193125-21-303570
0001866501,,0001193125-21-288113
0001866547,,0001493152-21-032242
0001866550,,0001193125-21-272870
0001866581,,0001628280-21-018396
0001866633,,0001193125-21-250536
0001866692,,0001193125-21-275977
0001866757,,0001193125-21-279897
0001866782,,0001829126-21-015042
0001866816,,0001493152-21-027469
0001866838,,0001213900-21-064069
0001866874,,0001193125-22-029225
0001867066,,0001104659-21-137299
0001867072,,0001104659-21-120290
0001867096,,0001193125-21-292100
0001867102,,0001104659-21-149721
0001867287,,0001104659-22-031266
0001867443,,0001493152-21-029987
0001867752,,0001104659-21-131079
0001867757,,0001104659-21-127101
0001867834,,0001104659-21-109053
0001867949,,0001213900-21-063327
0001868269,,0001104659-22-006786
0001868275,,0001104659-21-147516
0001868419,,0001104659-22-002868
0001868573,,0000950103-21-019301
0001868640,,0001193125-21-334628
0001868726,,0001193125-21-287242
0001868734,,0001193125-22-001678
0001868775,,0001104659-22-019393
0001868778,,0001193125-21-302114
0001868912,,0001558370-21-013314
0001868941,,0001104659-21-130643
0001868995,,0001104659-21-135422
0001869141,,0001213900-21-053227
0001869198,,0001193125-21-293316
0001869601,,0001193125-22-150761
0001869673,,0001193125-21-283642
0001869824,,0001104659-21-140012
0001869858,,0001193125-21-354515
0001869974,,0001493152-21-022362
0001869991,,0000051931-22-000162
0001870102,,0000051931-22-000164
0001870116,,0000051931-22-000171
0001870117,,0000051931-22-000173
0001870128,,0000051931-22-000167
0001870129,,0001193125-21-296358
0001870130,,0000051931-22-000169
0001870143,,0001213900-21-057298
0001870144,,0001553350-21-001079
0001870258,,0001193125-21-285058
0001870404,,0001193125-21-291626
0001870471,,0001104659-21-146363
0001870600,,0001193125-21-310283
0001870778,,0001193125-21-307871
0001870833,,0001398344-22-001084
0001870925,,0001213900-21-053073
0001870940,,0001104659-21-130239
0001870997,,0001104659-21-111850
0001871130,,0001104659-22-028746
0001871149,,0001193125-21-320112
0001871321,,0001193125-22-067169
0001871509,,0001193125-21-303563
0001871638,,0001104659-21-147615
0001871717,,0001104659-22-048830
0001871745,,0001193125-21-279089
0001871983,,0001213900-22-005251
0001872302,,0001193125-22-176993
0001872309,,0001193125-21-312923
0001872356,,0001104659-21-141714
0001872525,,0001213900-21-057291
0001872529,,0001213900-21-055833
0001872789,,0001193125-21-363615
0001872812,,0001493152-22-001329
0001872964,,0001213900-22-004825
0001873280,,0000894189-21-009086
0001873324,,0001104659-21-126143
0001873331,,0001193125-22-077827
0001873441,,0001193125-21-324445
0001873835,,0001493152-21-031289
0001873875,,0001213900-21-062437
0001873923,,0001104659-21-122559
0001873964,,0001731122-22-000181
0001874071,,0001193125-22-019971
0001874097,,0001213900-21-053415
0001874178,,0001193125-21-323132
0001874218,,0001104659-21-150434
0001874252,,0001213900-21-056327
0001874259,,0001104659-21-120659
0001874315,,0001193125-22-016175
0001874474,,0001193125-22-077373
0001874495,,0001193125-21-352390
0001874875,,0001493152-22-000449
0001874944,,0001104659-21-146982
0001874985,,0001213900-22-002523
0001875091,,0001213900-21-060442
0001875257,,0001213900-22-005731
0001875444,,0001193125-21-317126
0001875493,,0001213900-22-001675
0001875547,,0001493152-22-007597
0001875558,,0001104659-22-011408
0001875609,,0001193125-22-088990
0001875710,,0001387131-22-001085
0001875943,,0000950123-21-014543
0001876183,,0001104659-21-122809
0001876431,,0001104659-22-061819
0001876581,,0001193125-21-334718
0001876588,,0001193125-22-014405
0001876714,,0001104659-21-148086
0001876716,,0001104659-22-054398
0001876945,,0001193125-21-240676
0001877322,,0001193125-22-047796
0001877493,,0001387131-21-010022;0001387131-21-011845;0001387131-22-001220
0001877557,,0001193125-21-349765
0001877787,,0001193125-21-359849
0001878057,,0001193125-22-018335
0001878074,,0001213900-22-004176
0001878313,,0000950123-22-007443
0001878835,,0001193125-21-293840
0001878848,,0001140361-21-038024
0001878897,,0001193125-21-325449;0001193125-21-358899
0001879016,,0001104659-22-074681
0001879103,,0000943374-22-000013
0001879221,,0000950123-21-015977
0001879238,,0001104659-22-003688;0001104659-22-064536;0001104659-22-074875
0001879248,,0001213900-21-066878
0001879297,,0001193125-21-325420
0001879373,,0001493152-21-028775
0001879726,,0001640334-21-003119
0001879814,,0001193125-21-340987
0001879848,,0001104659-22-068847
0001880151,,0001104659-21-123206
0001880319,,0001193125-21-321163;0001193125-21-326234
0001880343,,0001213900-21-064361
0001880438,,0001193125-22-081697
0001880441,,0001193125-21-355332
0001880613,,0001104659-22-011067
0001880661,,0001193125-22-008147
0001880863,,0001628280-21-020765
0001880968,,0001193125-22-060745
0001881462,,0001213900-21-065405
0001881487,,0001193125-22-146181
0001881551,,0001213900-22-011492
0001881592,,0001437749-22-000976
0001881741,,0001213900-21-065774
0001882078,,0001213900-21-060215
0001882198,,0001213900-21-064239
0001882464,,0001829126-22-007093
0001882879,,0001193125-22-089104
0001882963,,0001213900-22-002071
0001883085,,0001140361-22-023836
0001883685,,0001104659-22-056134
0001883788,,0001193125-22-016885
0001883799,,0001264931-21-000233
0001883814,,0001829126-21-014540
0001883962,,0001193125-21-333453
0001883983,,0001493152-21-026617
0001883984,,0001104659-22-025767
0001884082,,0001193125-22-179037
0001884516,,0001104659-21-144410
0001884697,,0001193125-22-086176;0001193125-22-093852
0001885336,,0001213900-22-001075
0001885444,,0001193125-22-012620
0001885461,,0001213900-21-060102
0001885754,,0001104659-21-146623
0001885827,,0001213900-22-036073
0001885998,,0001104659-21-144470
0001886172,,0001193125-22-090082
0001886190,,0001193125-22-076004
0001886268,,0000950123-22-003280
0001886362,,0001213900-22-042351
0001886799,,0001493152-22-013214
0001886878,,0001193125-22-013044
0001888012,,0001193125-22-120196
0001888014,,0001104659-22-032743
0001888151,,0001493152-22-015173
0001888447,,0001140361-22-013730
0001888654,,0001193125-22-032966
0001888734,,0001493152-21-030365
0001888997,,0001104659-22-061330
0001889109,,0001104659-22-047868
0001889112,,0001193125-22-141198
0001889123,,0001104659-21-149508
0001889450,,0001493152-22-004375
0001890663,,0001140361-21-037687
0001890671,,0001493152-22-001578
0001891101,,0001104659-22-015040;0001104659-22-019525
0001891791,,0001213900-21-056422
0001892274,,0001683168-22-003341
0001892322,,0001493152-22-003458
0001892492,,0001493152-21-027435
0001892747,,0001493152-22-005120
0001893219,,0001193125-22-008416
0001893325,,0001193125-22-002454
0001893539,,0001387131-21-011393
0001894057,,0001104659-22-003817
0001894630,,0001193125-22-006012
0001894693,,0001213900-22-025088
0001894951,,0001213900-22-024308
0001894954,,0001903596-22-000127
0001895249,,0001104659-22-058214
0001896212,,0001493152-22-002074
0001897245,,0001493152-22-002415
0001897982,,0001140361-22-019477
0001898019,,0001104659-22-023743
0001898416,,0001193125-22-172938
0001898496,,0001104659-22-081954;0001104659-22-083743
0001898643,,0001213900-22-033868
0001899194,,0001193125-22-151219
0001899287,,0001193125-22-061604
0001899883,,0001140361-22-016706
0001900402,,0001493152-22-003430
0001900564,,0001104659-22-073937
0001900679,,0001493152-22-001202
0001901215,,0001213900-22-027734
0001901637,,0001193125-21-369812
0001901799,,0001193125-22-048779
0001901886,,0001829126-22-007287
0001902314,,0000950123-22-005195
0001902733,,0001193125-22-005239
0001903145,,0001213900-22-039178
0001903382,,0001104659-22-032066
0001903392,,0001213900-22-021587
0001903464,,0001193125-22-115215
0001903870,,0001493152-22-016250;0001493152-22-016864
0001905511,,0001493152-22-007832
0001906133,,0001104659-22-026739
0001906195,,0001213900-22-025888
0001906324,,0001193125-22-161806
0001907223,,0001213900-22-016006
0001907685,,0001193125-22-154952
0001907730,,0001829126-22-008382
0001909152,,0001628280-22-018115;0001628280-22-018407
0001909799,,0001193125-22-046593
0001910851,,0001193125-22-177741
0001912461,,0001193125-22-179834
0001912582,,0001213900-22-032920
0001913210,,0001493152-22-020686
0001913577,,0001575872-22-000249
0001914023,,0001213900-22-031838
0001914605,,0001193125-22-202816
0001915657,,0001193125-22-074381
0001919700,,0001919700-22-000039
0001924868,,0001387131-22-007706
