M,symbol,cik,verdict,shares_scope,fact_used,filed_value,split_product,raw_me,dollar_volume_over_raw_me,checks,cause
2019-05-31,AA,0001675149,removed:shares_discontinuity,cover,EntityCommonStockSharesOutstanding,185534704000000,1,3.931e+15,2.63e-08,"{""basis"": ""pass"", ""discontinuity"": ""fail"", ""scale"": ""untested"", ""turnover"": ""pass""}",>100x jump vs last verified count of the series
2019-06-30,AA,0001675149,removed:shares_discontinuity,cover,EntityCommonStockSharesOutstanding,185534704000000,1,4.343e+15,2.25e-08,"{""basis"": ""pass"", ""discontinuity"": ""fail"", ""scale"": ""untested"", ""turnover"": ""pass""}",>100x jump vs last verified count of the series
2019-07-31,AA,0001675149,removed:shares_discontinuity,cover,EntityCommonStockSharesOutstanding,185534704000000,1,4.173e+15,2.15e-08,"{""basis"": ""pass"", ""discontinuity"": ""fail"", ""scale"": ""untested"", ""turnover"": ""pass""}",>100x jump vs last verified count of the series
2019-08-31,AA,0001675149,removed:shares_discontinuity,cover,EntityCommonStockSharesOutstanding,185557343000000,1,3.327e+15,2.46e-08,"{""basis"": ""pass"", ""discontinuity"": ""fail"", ""scale"": ""untested"", ""turnover"": ""pass""}",>100x jump vs last verified count of the series
2019-09-30,AA,0001675149,removed:shares_discontinuity,cover,EntityCommonStockSharesOutstanding,185557343000000,1,3.724e+15,2.15e-08,"{""basis"": ""pass"", ""discontinuity"": ""fail"", ""scale"": ""untested"", ""turnover"": ""pass""}",>100x jump vs last verified count of the series
2019-10-31,AA,0001675149,removed:shares_discontinuity,cover,EntityCommonStockSharesOutstanding,185557343000000,1,3.858e+15,2.03e-08,"{""basis"": ""pass"", ""discontinuity"": ""fail"", ""scale"": ""untested"", ""turnover"": ""pass""}",>100x jump vs last verified count of the series
2014-11-30,ACUR,0000786947,recovered,dqc_recovered:cover,EntityCommonStockSharesOutstanding,48847982,1,2.54e+07,0.00286,"{""basis"": ""pass"", ""discontinuity"": ""pass"", ""scale"": ""recovered"", ""turnover"": ""pass""}",DQC_0095 conflict resolved to the side within 100x of the verified reference
2014-12-31,ACUR,0000786947,recovered,dqc_recovered:cover,EntityCommonStockSharesOutstanding,48847982,1,2.198e+07,0.00263,"{""basis"": ""pass"", ""discontinuity"": ""pass"", ""scale"": ""recovered"", ""turnover"": ""pass""}",DQC_0095 conflict resolved to the side within 100x of the verified reference
2015-01-31,ACUR,0000786947,recovered,dqc_recovered:cover,EntityCommonStockSharesOutstanding,48847982,1,2.687e+07,0.0023,"{""basis"": ""pass"", ""discontinuity"": ""pass"", ""scale"": ""recovered"", ""turnover"": ""pass""}",DQC_0095 conflict resolved to the side within 100x of the verified reference
2015-02-28,ACUR,0000786947,recovered,dqc_recovered:cover,EntityCommonStockSharesOutstanding,48847982,1,4.152e+07,0.0017,"{""basis"": ""pass"", ""discontinuity"": ""pass"", ""scale"": ""recovered"", ""turnover"": ""pass""}",DQC_0095 conflict resolved to the side within 100x of the verified reference
2015-05-31,ADRO,0001435049,removed:shares_scale_conflict,cover,EntityCommonStockSharesOutstanding,62234897,1,2.102e+09,,"{""basis"": ""pass"", ""discontinuity"": ""untested"", ""scale"": ""fail"", ""turnover"": ""untested""}","cover vs same-filing balance-sheet count differ >100x, no verified reference to choose"
2015-06-30,ADRO,0001435049,removed:shares_scale_conflict,cover,EntityCommonStockSharesOutstanding,62234897,1,1.888e+09,,"{""basis"": ""pass"", ""discontinuity"": ""untested"", ""scale"": ""fail"", ""turnover"": ""untested""}","cover vs same-filing balance-sheet count differ >100x, no verified reference to choose"
2015-07-31,ADRO,0001435049,removed:shares_scale_conflict,cover,EntityCommonStockSharesOutstanding,62234897,1,1.632e+09,0.0103,"{""basis"": ""pass"", ""discontinuity"": ""untested"", ""scale"": ""fail"", ""turnover"": ""pass""}","cover vs same-filing balance-sheet count differ >100x, no verified reference to choose"
2014-11-30,ADTN,0000926282,recovered,dqc_recovered:cover,EntityCommonStockSharesOutstanding,54320170,1,1.135e+09,0.0113,"{""basis"": ""pass"", ""discontinuity"": ""pass"", ""scale"": ""recovered"", ""turnover"": ""pass""}",DQC_0095 conflict resolved to the side within 100x of the verified reference
2014-12-31,ADTN,0000926282,recovered,dqc_recovered:cover,EntityCommonStockSharesOutstanding,54320170,1,1.184e+09,0.0106,"{""basis"": ""pass"", ""discontinuity"": ""pass"", ""scale"": ""recovered"", ""turnover"": ""pass""}",DQC_0095 conflict resolved to the side within 100x of the verified reference
2015-01-31,ADTN,0000926282,recovered,dqc_recovered:cover,EntityCommonStockSharesOutstanding,54320170,1,1.201e+09,0.0112,"{""basis"": ""pass"", ""discontinuity"": ""pass"", ""scale"": ""recovered"", ""turnover"": ""pass""}",DQC_0095 conflict resolved to the side within 100x of the verified reference
2017-10-31,AEHR,0001040470,recovered,dqc_recovered:cover,EntityCommonStockSharesOutstanding,21542096,1,7.777e+07,0.0039,"{""basis"": ""pass"", ""discontinuity"": ""pass"", ""scale"": ""recovered"", ""turnover"": ""pass""}",DQC_0095 conflict resolved to the side within 100x of the verified reference
2017-11-30,AEHR,0001040470,recovered,dqc_recovered:cover,EntityCommonStockSharesOutstanding,21542096,1,5.493e+07,0.00542,"{""basis"": ""pass"", ""discontinuity"": ""pass"", ""scale"": ""recovered"", ""turnover"": ""pass""}",DQC_0095 conflict resolved to the side within 100x of the verified reference
2017-12-31,AEHR,0001040470,recovered,dqc_recovered:cover,EntityCommonStockSharesOutstanding,21542096,1,5.838e+07,0.00641,"{""basis"": ""pass"", ""discontinuity"": ""pass"", ""scale"": ""recovered"", ""turnover"": ""pass""}",DQC_0095 conflict resolved to the side within 100x of the verified reference
2018-01-31,AEHR,0001040470,recovered,dqc_recovered:cover,EntityCommonStockSharesOutstanding,21802037,1,5.669e+07,0.00744,"{""basis"": ""pass"", ""discontinuity"": ""pass"", ""scale"": ""recovered"", ""turnover"": ""pass""}",DQC_0095 conflict resolved to the side within 100x of the verified reference
2018-02-28,AEHR,0001040470,recovered,dqc_recovered:cover,EntityCommonStockSharesOutstanding,21802037,1,4.993e+07,0.00849,"{""basis"": ""pass"", ""discontinuity"": ""pass"", ""scale"": ""recovered"", ""turnover"": ""pass""}",DQC_0095 conflict resolved to the side within 100x of the verified reference
2018-03-31,AEHR,0001040470,recovered,dqc_recovered:cover,EntityCommonStockSharesOutstanding,21802037,1,4.905e+07,0.00858,"{""basis"": ""pass"", ""discontinuity"": ""pass"", ""scale"": ""recovered"", ""turnover"": ""pass""}",DQC_0095 conflict resolved to the side within 100x of the verified reference
2018-04-30,AEHR,0001040470,recovered,dqc_recovered:cover,EntityCommonStockSharesOutstanding,21953730,1,5.093e+07,0.00807,"{""basis"": ""pass"", ""discontinuity"": ""pass"", ""scale"": ""recovered"", ""turnover"": ""pass""}",DQC_0095 conflict resolved to the side within 100x of the verified reference
2018-05-31,AEHR,0001040470,recovered,dqc_recovered:cover,EntityCommonStockSharesOutstanding,21953730,1,5.708e+07,0.00715,"{""basis"": ""pass"", ""discontinuity"": ""pass"", ""scale"": ""recovered"", ""turnover"": ""pass""}",DQC_0095 conflict resolved to the side within 100x of the verified reference
2018-06-30,AEHR,0001040470,recovered,dqc_recovered:cover,EntityCommonStockSharesOutstanding,21953730,1,5.159e+07,0.0064,"{""basis"": ""pass"", ""discontinuity"": ""pass"", ""scale"": ""recovered"", ""turnover"": ""pass""}",DQC_0095 conflict resolved to the side within 100x of the verified reference
2018-07-31,AEHR,0001040470,recovered,dqc_recovered:cover,EntityCommonStockSharesOutstanding,21953730,1,5.071e+07,0.00547,"{""basis"": ""pass"", ""discontinuity"": ""pass"", ""scale"": ""recovered"", ""turnover"": ""pass""}",DQC_0095 conflict resolved to the side within 100x of the verified reference
2018-10-31,AEHR,0001040470,recovered,dqc_recovered:cover,EntityCommonStockSharesOutstanding,22253698,1,4.273e+07,0.00458,"{""basis"": ""pass"", ""discontinuity"": ""pass"", ""scale"": ""recovered"", ""turnover"": ""pass""}",DQC_0095 conflict resolved to the side within 100x of the verified reference
2018-11-30,AEHR,0001040470,recovered,dqc_recovered:cover,EntityCommonStockSharesOutstanding,22253698,1,4.184e+07,0.00426,"{""basis"": ""pass"", ""discontinuity"": ""pass"", ""scale"": ""recovered"", ""turnover"": ""pass""}",DQC_0095 conflict resolved to the side within 100x of the verified reference
2018-12-31,AEHR,0001040470,recovered,dqc_recovered:cover,EntityCommonStockSharesOutstanding,22253698,1,3.138e+07,0.00453,"{""basis"": ""pass"", ""discontinuity"": ""pass"", ""scale"": ""recovered"", ""turnover"": ""pass""}",DQC_0095 conflict resolved to the side within 100x of the verified reference
2019-01-31,AEHR,0001040470,recovered,dqc_recovered:cover,EntityCommonStockSharesOutstanding,22355831,1,2.794e+07,0.0051,"{""basis"": ""pass"", ""discontinuity"": ""pass"", ""scale"": ""recovered"", ""turnover"": ""pass""}",DQC_0095 conflict resolved to the side within 100x of the verified reference
2019-02-28,AEHR,0001040470,recovered,dqc_recovered:cover,EntityCommonStockSharesOutstanding,22355831,1,3.253e+07,0.0041,"{""basis"": ""pass"", ""discontinuity"": ""pass"", ""scale"": ""recovered"", ""turnover"": ""pass""}",DQC_0095 conflict resolved to the side within 100x of the verified reference
2019-03-31,AEHR,0001040470,recovered,dqc_recovered:cover,EntityCommonStockSharesOutstanding,22355831,1,3.085e+07,0.00401,"{""basis"": ""pass"", ""discontinuity"": ""pass"", ""scale"": ""recovered"", ""turnover"": ""pass""}",DQC_0095 conflict resolved to the side within 100x of the verified reference
2019-04-30,AEHR,0001040470,recovered,dqc_recovered:cover,EntityCommonStockSharesOutstanding,22562044,1,3.61e+07,0.0043,"{""basis"": ""pass"", ""discontinuity"": ""pass"", ""scale"": ""recovered"", ""turnover"": ""pass""}",DQC_0095 conflict resolved to the side within 100x of the verified reference
2019-05-31,AEHR,0001040470,recovered,dqc_recovered:cover,EntityCommonStockSharesOutstanding,22562044,1,3.948e+07,0.00393,"{""basis"": ""pass"", ""discontinuity"": ""pass"", ""scale"": ""recovered"", ""turnover"": ""pass""}",DQC_0095 conflict resolved to the side within 100x of the verified reference
2019-06-30,AEHR,0001040470,recovered,dqc_recovered:cover,EntityCommonStockSharesOutstanding,22562044,1,3.723e+07,0.00399,"{""basis"": ""pass"", ""discontinuity"": ""pass"", ""scale"": ""recovered"", ""turnover"": ""pass""}",DQC_0095 conflict resolved to the side within 100x of the verified reference
2019-07-31,AEHR,0001040470,recovered,dqc_recovered:cover,EntityCommonStockSharesOutstanding,22562044,1,2.956e+07,0.00388,"{""basis"": ""pass"", ""discontinuity"": ""pass"", ""scale"": ""recovered"", ""turnover"": ""pass""}",DQC_0095 conflict resolved to the side within 100x of the verified reference
2019-08-31,AEHR,0001040470,recovered,dqc_recovered:cover,EntityCommonStockSharesOutstanding,22720686,1,3.045e+07,0.00359,"{""basis"": ""pass"", ""discontinuity"": ""pass"", ""scale"": ""recovered"", ""turnover"": ""pass""}",DQC_0095 conflict resolved to the side within 100x of the verified reference
2019-09-30,AEHR,0001040470,recovered,dqc_recovered:cover,EntityCommonStockSharesOutstanding,22720686,1,4.067e+07,0.00307,"{""basis"": ""pass"", ""discontinuity"": ""pass"", ""scale"": ""recovered"", ""turnover"": ""pass""}",DQC_0095 conflict resolved to the side within 100x of the verified reference
2019-10-31,AEHR,0001040470,recovered,dqc_recovered:cover,EntityCommonStockSharesOutstanding,22740986,1,3.798e+07,0.00232,"{""basis"": ""pass"", ""discontinuity"": ""pass"", ""scale"": ""recovered"", ""turnover"": ""pass""}",DQC_0095 conflict resolved to the side within 100x of the verified reference
2019-11-30,AEHR,0001040470,recovered,dqc_recovered:cover,EntityCommonStockSharesOutstanding,22740986,1,4.298e+07,0.00254,"{""basis"": ""pass"", ""discontinuity"": ""pass"", ""scale"": ""recovered"", ""turnover"": ""pass""}",DQC_0095 conflict resolved to the side within 100x of the verified reference
2019-12-31,AEHR,0001040470,removed:shares_scale_conflict,cover,EntityCommonStockSharesOutstanding,22740986,1,4.548e+07,0.00284,"{""basis"": ""pass"", ""discontinuity"": ""untested"", ""scale"": ""fail"", ""turnover"": ""pass""}","cover vs same-filing balance-sheet count differ >100x, no verified reference to choose"
2020-01-31,AEHR,0001040470,removed:shares_scale_conflict,cover,EntityCommonStockSharesOutstanding,22915648,1,4.698e+07,0.00338,"{""basis"": ""pass"", ""discontinuity"": ""untested"", ""scale"": ""fail"", ""turnover"": ""pass""}","cover vs same-filing balance-sheet count differ >100x, no verified reference to choose"
2020-02-29,AEHR,0001040470,removed:shares_scale_conflict,cover,EntityCommonStockSharesOutstanding,22915648,1,4.812e+07,0.00414,"{""basis"": ""pass"", ""discontinuity"": ""untested"", ""scale"": ""fail"", ""turnover"": ""pass""}","cover vs same-filing balance-sheet count differ >100x, no verified reference to choose"
2020-03-31,AEHR,0001040470,removed:shares_scale_conflict,cover,EntityCommonStockSharesOutstanding,22915648,1,3.827e+07,0.00519,"{""basis"": ""pass"", ""discontinuity"": ""untested"", ""scale"": ""fail"", ""turnover"": ""pass""}","cover vs same-filing balance-sheet count differ >100x, no verified reference to choose"
2020-04-30,AEHR,0001040470,removed:shares_scale_conflict,cover,EntityCommonStockSharesOutstanding,23014962,1,4.005e+07,0.00474,"{""basis"": ""pass"", ""discontinuity"": ""untested"", ""scale"": ""fail"", ""turnover"": ""pass""}","cover vs same-filing balance-sheet count differ >100x, no verified reference to choose"
2020-05-31,AEHR,0001040470,removed:shares_scale_conflict,cover,EntityCommonStockSharesOutstanding,23014962,1,3.797e+07,0.00433,"{""basis"": ""pass"", ""discontinuity"": ""untested"", ""scale"": ""fail"", ""turnover"": ""pass""}","cover vs same-filing balance-sheet count differ >100x, no verified reference to choose"
2020-06-30,AEHR,0001040470,removed:shares_scale_conflict,cover,EntityCommonStockSharesOutstanding,23014962,1,4.499e+07,0.00365,"{""basis"": ""pass"", ""discontinuity"": ""untested"", ""scale"": ""fail"", ""turnover"": ""pass""}","cover vs same-filing balance-sheet count differ >100x, no verified reference to choose"
2020-07-31,AEHR,0001040470,removed:shares_scale_conflict,cover,EntityCommonStockSharesOutstanding,23014962,1,4.718e+07,0.00358,"{""basis"": ""pass"", ""discontinuity"": ""untested"", ""scale"": ""fail"", ""turnover"": ""pass""}","cover vs same-filing balance-sheet count differ >100x, no verified reference to choose"
2020-08-31,AEHR,0001040470,removed:shares_scale_conflict,cover,EntityCommonStockSharesOutstanding,23291146,1,4.146e+07,0.00337,"{""basis"": ""pass"", ""discontinuity"": ""untested"", ""scale"": ""fail"", ""turnover"": ""pass""}","cover vs same-filing balance-sheet count differ >100x, no verified reference to choose"
2020-09-30,AEHR,0001040470,removed:shares_scale_conflict,cover,EntityCommonStockSharesOutstanding,23291146,1,3.237e+07,0.00557,"{""basis"": ""pass"", ""discontinuity"": ""untested"", ""scale"": ""fail"", ""turnover"": ""pass""}","cover vs same-filing balance-sheet count differ >100x, no verified reference to choose"
2020-10-31,AEHR,0001040470,removed:shares_scale_conflict,cover,EntityCommonStockSharesOutstanding,23310312,1,2.844e+07,0.00689,"{""basis"": ""pass"", ""discontinuity"": ""untested"", ""scale"": ""fail"", ""turnover"": ""pass""}","cover vs same-filing balance-sheet count differ >100x, no verified reference to choose"
2020-11-30,AEHR,0001040470,removed:shares_scale_conflict,cover,EntityCommonStockSharesOutstanding,23310312,1,3.846e+07,0.00566,"{""basis"": ""pass"", ""discontinuity"": ""untested"", ""scale"": ""fail"", ""turnover"": ""pass""}","cover vs same-filing balance-sheet count differ >100x, no verified reference to choose"
2020-12-31,AEHR,0001040470,removed:shares_scale_conflict,cover,EntityCommonStockSharesOutstanding,23310312,1,5.898e+07,0.00737,"{""basis"": ""pass"", ""discontinuity"": ""untested"", ""scale"": ""fail"", ""turnover"": ""pass""}","cover vs same-filing balance-sheet count differ >100x, no verified reference to choose"
2021-01-31,AEHR,0001040470,removed:shares_scale_conflict,cover,EntityCommonStockSharesOutstanding,23491528,1,5.38e+07,0.00974,"{""basis"": ""pass"", ""discontinuity"": ""untested"", ""scale"": ""fail"", ""turnover"": ""pass""}","cover vs same-filing balance-sheet count differ >100x, no verified reference to choose"
2021-02-28,AEHR,0001040470,removed:shares_scale_conflict,cover,EntityCommonStockSharesOutstanding,23491528,1,6.578e+07,0.0139,"{""basis"": ""pass"", ""discontinuity"": ""untested"", ""scale"": ""fail"", ""turnover"": ""pass""}","cover vs same-filing balance-sheet count differ >100x, no verified reference to choose"
2021-03-31,AEHR,0001040470,removed:shares_scale_conflict,cover,EntityCommonStockSharesOutstanding,23491528,1,5.92e+07,0.0163,"{""basis"": ""pass"", ""discontinuity"": ""untested"", ""scale"": ""fail"", ""turnover"": ""pass""}","cover vs same-filing balance-sheet count differ >100x, no verified reference to choose"
2021-04-30,AEHR,0001040470,removed:shares_scale_conflict,cover,EntityCommonStockSharesOutstanding,23597730,1,5.333e+07,0.019,"{""basis"": ""pass"", ""discontinuity"": ""untested"", ""scale"": ""fail"", ""turnover"": ""pass""}","cover vs same-filing balance-sheet count differ >100x, no verified reference to choose"
2015-11-30,AFAM,0000799231,recovered,dqc_recovered:cover,EntityCommonStockSharesOutstanding,9823132,1,4.162e+08,0.00971,"{""basis"": ""pass"", ""discontinuity"": ""pass"", ""scale"": ""recovered"", ""turnover"": ""pass""}",DQC_0095 conflict resolved to the side within 100x of the verified reference
2015-12-31,AFAM,0000799231,recovered,dqc_recovered:cover,EntityCommonStockSharesOutstanding,9823132,1,3.755e+08,0.0096,"{""basis"": ""pass"", ""discontinuity"": ""pass"", ""scale"": ""recovered"", ""turnover"": ""pass""}",DQC_0095 conflict resolved to the side within 100x of the verified reference
2016-01-31,AFAM,0000799231,recovered,dqc_recovered:cover,EntityCommonStockSharesOutstanding,9823132,1,3.756e+08,0.00941,"{""basis"": ""pass"", ""discontinuity"": ""pass"", ""scale"": ""recovered"", ""turnover"": ""pass""}",DQC_0095 conflict resolved to the side within 100x of the verified reference
2016-02-29,AFAM,0000799231,recovered,dqc_recovered:cover,EntityCommonStockSharesOutstanding,9823132,1,3.709e+08,0.00839,"{""basis"": ""pass"", ""discontinuity"": ""pass"", ""scale"": ""recovered"", ""turnover"": ""pass""}",DQC_0095 conflict resolved to the side within 100x of the verified reference
2015-12-31,AGR,0001634997,removed:shares_scale_conflict,cover,EntityCommonStockSharesOutstanding,252235232,1,9.686e+09,,"{""basis"": ""pass"", ""discontinuity"": ""untested"", ""scale"": ""fail"", ""turnover"": ""untested""}","cover vs same-filing balance-sheet count differ >100x, no verified reference to choose"
2016-01-31,AGR,0001634997,removed:shares_scale_conflict,cover,EntityCommonStockSharesOutstanding,252235232,1,9.698e+09,,"{""basis"": ""pass"", ""discontinuity"": ""untested"", ""scale"": ""fail"", ""turnover"": ""untested""}","cover vs same-filing balance-sheet count differ >100x, no verified reference to choose"
2016-02-29,AGR,0001634997,removed:shares_scale_conflict,cover,EntityCommonStockSharesOutstanding,252235232,1,9.784e+09,,"{""basis"": ""pass"", ""discontinuity"": ""untested"", ""scale"": ""fail"", ""turnover"": ""untested""}","cover vs same-filing balance-sheet count differ >100x, no verified reference to choose"
2016-03-31,AGR,0001634997,removed:shares_scale_conflict,cover,EntityCommonStockSharesOutstanding,252235232,1,1.012e+10,0.0032,"{""basis"": ""pass"", ""discontinuity"": ""untested"", ""scale"": ""fail"", ""turnover"": ""pass""}","cover vs same-filing balance-sheet count differ >100x, no verified reference to choose"
2014-11-30,AGTC,0001273636,recovered,dqc_recovered:cover,EntityCommonStockSharesOutstanding,16410811,1,3.313e+08,0.0047,"{""basis"": ""pass"", ""discontinuity"": ""pass"", ""scale"": ""recovered"", ""turnover"": ""pass""}",DQC_0095 conflict resolved to the side within 100x of the verified reference
2014-12-31,AGTC,0001273636,recovered,dqc_recovered:cover,EntityCommonStockSharesOutstanding,16410811,1,3.45e+08,0.0036,"{""basis"": ""pass"", ""discontinuity"": ""pass"", ""scale"": ""recovered"", ""turnover"": ""pass""}",DQC_0095 conflict resolved to the side within 100x of the verified reference
2015-01-31,AGTC,0001273636,recovered,dqc_recovered:cover,EntityCommonStockSharesOutstanding,16410811,1,4.099e+08,0.00341,"{""basis"": ""pass"", ""discontinuity"": ""pass"", ""scale"": ""recovered"", ""turnover"": ""pass""}",DQC_0095 conflict resolved to the side within 100x of the verified reference
2019-05-31,AIMC,0001374535,recovered,dqc_recovered:balance_sheet,CommonStockSharesOutstanding,64300000,1,2.023e+15,8.37e-09,"{""basis"": ""pass"", ""discontinuity"": ""pass"", ""scale"": ""recovered"", ""turnover"": ""pass""}",DQC_0095 conflict resolved to the side within 100x of the verified reference
2019-06-30,AIMC,0001374535,recovered,dqc_recovered:balance_sheet,CommonStockSharesOutstanding,64300000,1,2.314e+15,7.26e-09,"{""basis"": ""pass"", ""discontinuity"": ""pass"", ""scale"": ""recovered"", ""turnover"": ""pass""}",DQC_0095 conflict resolved to the side within 100x of the verified reference
2019-10-31,AIMC,0001374535,recovered,dqc_recovered:balance_sheet,CommonStockSharesOutstanding,64500000,1,1.989e+15,7.2e-09,"{""basis"": ""pass"", ""discontinuity"": ""pass"", ""scale"": ""recovered"", ""turnover"": ""pass""}",DQC_0095 conflict resolved to the side within 100x of the verified reference
2019-11-30,AIMC,0001374535,recovered,dqc_recovered:balance_sheet,CommonStockSharesOutstanding,64500000,1,2.122e+15,6.49e-09,"{""basis"": ""pass"", ""discontinuity"": ""pass"", ""scale"": ""recovered"", ""turnover"": ""pass""}",DQC_0095 conflict resolved to the side within 100x of the verified reference
2019-12-31,AIMC,0001374535,recovered,dqc_recovered:balance_sheet,CommonStockSharesOutstanding,64500000,1,2.338e+15,5.31e-09,"{""basis"": ""pass"", ""discontinuity"": ""pass"", ""scale"": ""recovered"", ""turnover"": ""pass""}",DQC_0095 conflict resolved to the side within 100x of the verified reference
2020-01-31,AIMC,0001374535,recovered,dqc_recovered:balance_sheet,CommonStockSharesOutstanding,64500000,1,2.148e+15,5.15e-09,"{""basis"": ""pass"", ""discontinuity"": ""pass"", ""scale"": ""recovered"", ""turnover"": ""pass""}",DQC_0095 conflict resolved to the side within 100x of the verified reference
2019-07-31,AIRT,0000353184,removed:shares_basis_ambiguous,cover,EntityCommonStockSharesOutstanding,2022637,2.25,7.996e+07,0.000517,"{""basis"": ""fail"", ""discontinuity"": ""pass"", ""scale"": ""pass"", ""turnover"": ""pass""}",split stamp between cover date and filing
2020-05-31,AJG,0000354190,recovered,dqc_recovered:balance_sheet,CommonStockSharesOutstanding,189600000,1,1.788e+16,5.58e-09,"{""basis"": ""pass"", ""discontinuity"": ""pass"", ""scale"": ""recovered"", ""turnover"": ""pass""}",DQC_0095 conflict resolved to the side within 100x of the verified reference
2020-06-30,AJG,0000354190,recovered,dqc_recovered:balance_sheet,CommonStockSharesOutstanding,189600000,1,1.849e+16,5.95e-09,"{""basis"": ""pass"", ""discontinuity"": ""pass"", ""scale"": ""recovered"", ""turnover"": ""pass""}",DQC_0095 conflict resolved to the side within 100x of the verified reference
2020-07-31,AJG,0000354190,recovered,dqc_recovered:balance_sheet,CommonStockSharesOutstanding,189600000,1,2.038e+16,5.48e-09,"{""basis"": ""pass"", ""discontinuity"": ""pass"", ""scale"": ""recovered"", ""turnover"": ""pass""}",DQC_0095 conflict resolved to the side within 100x of the verified reference
2020-08-31,AJG,0000354190,recovered,dqc_recovered:balance_sheet,CommonStockSharesOutstanding,191500000,1,2.016e+16,5.43e-09,"{""basis"": ""pass"", ""discontinuity"": ""pass"", ""scale"": ""recovered"", ""turnover"": ""pass""}",DQC_0095 conflict resolved to the side within 100x of the verified reference
2020-09-30,AJG,0000354190,recovered,dqc_recovered:balance_sheet,CommonStockSharesOutstanding,191500000,1,2.022e+16,5.1e-09,"{""basis"": ""pass"", ""discontinuity"": ""pass"", ""scale"": ""recovered"", ""turnover"": ""pass""}",DQC_0095 conflict resolved to the side within 100x of the verified reference
2020-10-31,AJG,0000354190,recovered,dqc_recovered:balance_sheet,CommonStockSharesOutstanding,191500000,1,1.986e+16,4.88e-09,"{""basis"": ""pass"", ""discontinuity"": ""pass"", ""scale"": ""recovered"", ""turnover"": ""pass""}",DQC_0095 conflict resolved to the side within 100x of the verified reference
2018-03-31,ALSK,0001089511,recovered,dqc_recovered:cover,EntityCommonStockSharesOutstanding,52525665,1,9.455e+07,0.00391,"{""basis"": ""pass"", ""discontinuity"": ""pass"", ""scale"": ""recovered"", ""turnover"": ""pass""}",DQC_0095 conflict resolved to the side within 100x of the verified reference
2018-04-30,ALSK,0001089511,recovered,dqc_recovered:cover,EntityCommonStockSharesOutstanding,52525665,1,7.721e+07,0.0045,"{""basis"": ""pass"", ""discontinuity"": ""pass"", ""scale"": ""recovered"", ""turnover"": ""pass""}",DQC_0095 conflict resolved to the side within 100x of the verified reference
2018-05-31,ALSK,0001089511,recovered,dqc_recovered:cover,EntityCommonStockSharesOutstanding,53110320,1,8.816e+07,0.00375,"{""basis"": ""pass"", ""discontinuity"": ""pass"", ""scale"": ""recovered"", ""turnover"": ""pass""}",DQC_0095 conflict resolved to the side within 100x of the verified reference
2018-06-30,ALSK,0001089511,recovered,dqc_recovered:cover,EntityCommonStockSharesOutstanding,53110320,1,9.401e+07,0.00238,"{""basis"": ""pass"", ""discontinuity"": ""pass"", ""scale"": ""recovered"", ""turnover"": ""pass""}",DQC_0095 conflict resolved to the side within 100x of the verified reference
2018-07-31,ALSK,0001089511,recovered,dqc_recovered:cover,EntityCommonStockSharesOutstanding,53110320,1,8.551e+07,0.00211,"{""basis"": ""pass"", ""discontinuity"": ""pass"", ""scale"": ""recovered"", ""turnover"": ""pass""}",DQC_0095 conflict resolved to the side within 100x of the verified reference
2019-05-31,ALSK,0001089511,recovered,dqc_recovered:cover,EntityCommonStockSharesOutstanding,53185478,1,8.776e+07,0.00233,"{""basis"": ""pass"", ""discontinuity"": ""pass"", ""scale"": ""recovered"", ""turnover"": ""pass""}",DQC_0095 conflict resolved to the side within 100x of the verified reference
2019-06-30,ALSK,0001089511,recovered,dqc_recovered:cover,EntityCommonStockSharesOutstanding,53185478,1,9.095e+07,0.00223,"{""basis"": ""pass"", ""discontinuity"": ""pass"", ""scale"": ""recovered"", ""turnover"": ""pass""}",DQC_0095 conflict resolved to the side within 100x of the verified reference
2019-07-31,ALSK,0001089511,recovered,dqc_recovered:cover,EntityCommonStockSharesOutstanding,53185478,1,9.839e+07,0.00163,"{""basis"": ""pass"", ""discontinuity"": ""pass"", ""scale"": ""recovered"", ""turnover"": ""pass""}",DQC_0095 conflict resolved to the side within 100x of the verified reference
2019-08-31,AM,0001623925,recovered,dqc_recovered:cover,EntityCommonStockSharesOutstanding,506896640,1,3.604e+09,0.0109,"{""basis"": ""pass"", ""discontinuity"": ""pass"", ""scale"": ""recovered"", ""turnover"": ""pass""}",DQC_0095 conflict resolved to the side within 100x of the verified reference
2019-09-30,AM,0001623925,recovered,dqc_recovered:cover,EntityCommonStockSharesOutstanding,506896640,1,3.751e+09,0.0129,"{""basis"": ""pass"", ""discontinuity"": ""pass"", ""scale"": ""recovered"", ""turnover"": ""pass""}",DQC_0095 conflict resolved to the side within 100x of the verified reference
2019-10-31,AM,0001623925,recovered,dqc_recovered:cover,EntityCommonStockSharesOutstanding,503419919,1,3.242e+09,0.0171,"{""basis"": ""pass"", ""discontinuity"": ""pass"", ""scale"": ""recovered"", ""turnover"": ""pass""}",DQC_0095 conflict resolved to the side within 100x of the verified reference
2019-11-30,AM,0001623925,recovered,dqc_recovered:cover,EntityCommonStockSharesOutstanding,503419919,1,2.306e+09,0.0237,"{""basis"": ""pass"", ""discontinuity"": ""pass"", ""scale"": ""recovered"", ""turnover"": ""pass""}",DQC_0095 conflict resolved to the side within 100x of the verified reference
2019-12-31,AM,0001623925,recovered,dqc_recovered:cover,EntityCommonStockSharesOutstanding,503419919,1,3.821e+09,0.0133,"{""basis"": ""pass"", ""discontinuity"": ""pass"", ""scale"": ""recovered"", ""turnover"": ""pass""}",DQC_0095 conflict resolved to the side within 100x of the verified reference
2020-01-31,AM,0001623925,recovered,dqc_recovered:cover,EntityCommonStockSharesOutstanding,503419919,1,2.537e+09,0.0185,"{""basis"": ""pass"", ""discontinuity"": ""pass"", ""scale"": ""recovered"", ""turnover"": ""pass""}",DQC_0095 conflict resolved to the side within 100x of the verified reference
2020-02-29,AM,0001623925,recovered,dqc_recovered:cover,EntityCommonStockSharesOutstanding,484084523,1,2.111e+09,0.0217,"{""basis"": ""pass"", ""discontinuity"": ""pass"", ""scale"": ""recovered"", ""turnover"": ""pass""}",DQC_0095 conflict resolved to the side within 100x of the verified reference
2020-03-31,AM,0001623925,recovered,dqc_recovered:cover,EntityCommonStockSharesOutstanding,484084523,1,1.017e+09,0.0378,"{""basis"": ""pass"", ""discontinuity"": ""pass"", ""scale"": ""recovered"", ""turnover"": ""pass""}",DQC_0095 conflict resolved to the side within 100x of the verified reference
2018-02-28,AMKR,0001047127,recovered,dqc_recovered:cover,EntityCommonStockSharesOutstanding,239373301,1,2.406e+09,0.00417,"{""basis"": ""pass"", ""discontinuity"": ""pass"", ""scale"": ""recovered"", ""turnover"": ""pass""}",DQC_0095 conflict resolved to the side within 100x of the verified reference
2018-03-31,AMKR,0001047127,recovered,dqc_recovered:cover,EntityCommonStockSharesOutstanding,239373301,1,2.425e+09,0.00408,"{""basis"": ""pass"", ""discontinuity"": ""pass"", ""scale"": ""recovered"", ""turnover"": ""pass""}",DQC_0095 conflict resolved to the side within 100x of the verified reference
2018-04-30,AMKR,0001047127,recovered,dqc_recovered:cover,EntityCommonStockSharesOutstanding,239373301,1,1.982e+09,0.00495,"{""basis"": ""pass"", ""discontinuity"": ""pass"", ""scale"": ""recovered"", ""turnover"": ""pass""}",DQC_0095 conflict resolved to the side within 100x of the verified reference
2019-02-28,AMKR,0001047127,recovered,dqc_recovered:cover,EntityCommonStockSharesOutstanding,239572534,1,2.103e+09,0.00412,"{""basis"": ""pass"", ""discontinuity"": ""pass"", ""scale"": ""recovered"", ""turnover"": ""pass""}",DQC_0095 conflict resolved to the side within 100x of the verified reference
2019-03-31,AMKR,0001047127,recovered,dqc_recovered:cover,EntityCommonStockSharesOutstanding,239572534,1,2.046e+09,0.00408,"{""basis"": ""pass"", ""discontinuity"": ""pass"", ""scale"": ""recovered"", ""turnover"": ""pass""}",DQC_0095 conflict resolved to the side within 100x of the verified reference
2019-04-30,AMKR,0001047127,recovered,dqc_recovered:cover,EntityCommonStockSharesOutstanding,239572534,1,2.171e+09,0.00366,"{""basis"": ""pass"", ""discontinuity"": ""pass"", ""scale"": ""recovered"", ""turnover"": ""pass""}",DQC_0095 conflict resolved to the side within 100x of the verified reference
2017-03-31,AMOT,0000046129,recovered,dqc_recovered:cover,EntityCommonStockSharesOutstanding,9374311,1,1.884e+08,0.00381,"{""basis"": ""pass"", ""discontinuity"": ""pass"", ""scale"": ""recovered"", ""turnover"": ""pass""}",DQC_0095 conflict resolved to the side within 100x of the verified reference
2017-04-30,AMOT,0000046129,recovered,dqc_recovered:cover,EntityCommonStockSharesOutstanding,9374311,1,2.122e+08,0.00322,"{""basis"": ""pass"", ""discontinuity"": ""pass"", ""scale"": ""recovered"", ""turnover"": ""pass""}",DQC_0095 conflict resolved to the side within 100x of the verified reference
2018-03-31,AMOT,0000046129,recovered,dqc_recovered:cover,EntityCommonStockSharesOutstanding,9426984,1,3.747e+08,0.00343,"{""basis"": ""pass"", ""discontinuity"": ""pass"", ""scale"": ""recovered"", ""turnover"": ""pass""}",DQC_0095 conflict resolved to the side within 100x of the verified reference
2018-04-30,AMOT,0000046129,recovered,dqc_recovered:cover,EntityCommonStockSharesOutstanding,9426984,1,3.759e+08,0.00406,"{""basis"": ""pass"", ""discontinuity"": ""pass"", ""scale"": ""recovered"", ""turnover"": ""pass""}",DQC_0095 conflict resolved to the side within 100x of the verified reference
2019-03-31,AMOT,0000046129,recovered,dqc_recovered:cover,EntityCommonStockSharesOutstanding,9534885,1,3.278e+08,0.00766,"{""basis"": ""pass"", ""discontinuity"": ""pass"", ""scale"": ""recovered"", ""turnover"": ""pass""}",DQC_0095 conflict resolved to the side within 100x of the verified reference
2019-04-30,AMOT,0000046129,recovered,dqc_recovered:cover,EntityCommonStockSharesOutstanding,9534885,1,3.491e+08,0.00733,"{""basis"": ""pass"", ""discontinuity"": ""pass"", ""scale"": ""recovered"", ""turnover"": ""pass""}",DQC_0095 conflict resolved to the side within 100x of the verified reference
2018-06-30,AMRX,0001723128,removed:shares_turnover_implausible,cover,EntityCommonStockSharesOutstanding,1000,1,1.641e+04,1.31e+03,"{""basis"": ""pass"", ""discontinuity"": ""untested"", ""scale"": ""pass"", ""turnover"": ""fail""}",dollar volume >10x ME (count too small: subsidiary/shell or mis-scaled)
2018-07-31,AMRX,0001723128,removed:shares_turnover_implausible,cover,EntityCommonStockSharesOutstanding,1000,1,1.917e+04,1.11e+03,"{""basis"": ""pass"", ""discontinuity"": ""untested"", ""scale"": ""pass"", ""turnover"": ""fail""}",dollar volume >10x ME (count too small: subsidiary/shell or mis-scaled)
2018-08-31,AMRX,0001723128,removed:shares_turnover_implausible,cover,EntityCommonStockSharesOutstanding,1000,1,2.31e+04,978,"{""basis"": ""pass"", ""discontinuity"": ""untested"", ""scale"": ""pass"", ""turnover"": ""fail""}",dollar volume >10x ME (count too small: subsidiary/shell or mis-scaled)
2018-09-30,AMRX,0001723128,removed:shares_turnover_implausible,cover,EntityCommonStockSharesOutstanding,1000,1,2.219e+04,1.04e+03,"{""basis"": ""pass"", ""discontinuity"": ""untested"", ""scale"": ""pass"", ""turnover"": ""fail""}",dollar volume >10x ME (count too small: subsidiary/shell or mis-scaled)
2018-10-31,AMRX,0001723128,removed:shares_turnover_implausible,cover,EntityCommonStockSharesOutstanding,1000,1,1.845e+04,1.42e+03,"{""basis"": ""pass"", ""discontinuity"": ""untested"", ""scale"": ""pass"", ""turnover"": ""fail""}",dollar volume >10x ME (count too small: subsidiary/shell or mis-scaled)
2018-11-30,AMRX,0001723128,removed:shares_turnover_implausible,cover,EntityCommonStockSharesOutstanding,1000,1,1.771e+04,1.35e+03,"{""basis"": ""pass"", ""discontinuity"": ""untested"", ""scale"": ""pass"", ""turnover"": ""fail""}",dollar volume >10x ME (count too small: subsidiary/shell or mis-scaled)
2018-12-31,AMRX,0001723128,removed:shares_turnover_implausible,cover,EntityCommonStockSharesOutstanding,1000,1,1.353e+04,1.68e+03,"{""basis"": ""pass"", ""discontinuity"": ""untested"", ""scale"": ""pass"", ""turnover"": ""fail""}",dollar volume >10x ME (count too small: subsidiary/shell or mis-scaled)
2019-01-31,AMRX,0001723128,removed:shares_turnover_implausible,cover,EntityCommonStockSharesOutstanding,1000,1,1.228e+04,1.8e+03,"{""basis"": ""pass"", ""discontinuity"": ""untested"", ""scale"": ""pass"", ""turnover"": ""fail""}",dollar volume >10x ME (count too small: subsidiary/shell or mis-scaled)
2019-02-28,AMRX,0001723128,removed:shares_turnover_implausible,cover,EntityCommonStockSharesOutstanding,1000,1,1.353e+04,1.4e+03,"{""basis"": ""pass"", ""discontinuity"": ""untested"", ""scale"": ""pass"", ""turnover"": ""fail""}",dollar volume >10x ME (count too small: subsidiary/shell or mis-scaled)
2019-03-31,AMRX,0001723128,removed:shares_turnover_implausible,cover,EntityCommonStockSharesOutstanding,1000,1,1.417e+04,1.22e+03,"{""basis"": ""pass"", ""discontinuity"": ""untested"", ""scale"": ""pass"", ""turnover"": ""fail""}",dollar volume >10x ME (count too small: subsidiary/shell or mis-scaled)
2019-04-30,AMRX,0001723128,removed:shares_turnover_implausible,cover,EntityCommonStockSharesOutstanding,1000,1,1.287e+04,1.03e+03,"{""basis"": ""pass"", ""discontinuity"": ""untested"", ""scale"": ""pass"", ""turnover"": ""fail""}",dollar volume >10x ME (count too small: subsidiary/shell or mis-scaled)
2019-05-31,AMRX,0001723128,removed:shares_turnover_implausible,cover,EntityCommonStockSharesOutstanding,1000,1,7540,1.71e+03,"{""basis"": ""pass"", ""discontinuity"": ""untested"", ""scale"": ""pass"", ""turnover"": ""fail""}",dollar volume >10x ME (count too small: subsidiary/shell or mis-scaled)
2019-06-30,AMRX,0001723128,removed:shares_turnover_implausible,cover,EntityCommonStockSharesOutstanding,1000,1,7170,1.67e+03,"{""basis"": ""pass"", ""discontinuity"": ""untested"", ""scale"": ""pass"", ""turnover"": ""fail""}",dollar volume >10x ME (count too small: subsidiary/shell or mis-scaled)
2019-07-31,AMRX,0001723128,removed:shares_turnover_implausible,cover,EntityCommonStockSharesOutstanding,1000,1,3660,2.96e+03,"{""basis"": ""pass"", ""discontinuity"": ""untested"", ""scale"": ""pass"", ""turnover"": ""fail""}",dollar volume >10x ME (count too small: subsidiary/shell or mis-scaled)
2020-04-30,AMT,0001053507,recovered,dqc_recovered:cover,EntityCommonStockSharesOutstanding,443306437,1,1.055e+11,0.00462,"{""basis"": ""pass"", ""discontinuity"": ""pass"", ""scale"": ""recovered"", ""turnover"": ""pass""}",DQC_0095 conflict resolved to the side within 100x of the verified reference
2020-05-31,AMT,0001053507,recovered,dqc_recovered:cover,EntityCommonStockSharesOutstanding,443306437,1,1.144e+11,0.0044,"{""basis"": ""pass"", ""discontinuity"": ""pass"", ""scale"": ""recovered"", ""turnover"": ""pass""}",DQC_0095 conflict resolved to the side within 100x of the verified reference
2020-06-30,AMT,0001053507,recovered,dqc_recovered:cover,EntityCommonStockSharesOutstanding,443306437,1,1.146e+11,0.0048,"{""basis"": ""pass"", ""discontinuity"": ""pass"", ""scale"": ""recovered"", ""turnover"": ""pass""}",DQC_0095 conflict resolved to the side within 100x of the verified reference
2020-07-31,AMT,0001053507,recovered,dqc_recovered:cover,EntityCommonStockSharesOutstanding,443567868,1,1.159e+11,0.00479,"{""basis"": ""pass"", ""discontinuity"": ""pass"", ""scale"": ""recovered"", ""turnover"": ""pass""}",DQC_0095 conflict resolved to the side within 100x of the verified reference
2020-08-31,AMT,0001053507,recovered,dqc_recovered:cover,EntityCommonStockSharesOutstanding,443567868,1,1.105e+11,0.00471,"{""basis"": ""pass"", ""discontinuity"": ""pass"", ""scale"": ""recovered"", ""turnover"": ""pass""}",DQC_0095 conflict resolved to the side within 100x of the verified reference
2020-09-30,AMT,0001053507,recovered,dqc_recovered:cover,EntityCommonStockSharesOutstanding,443567868,1,1.072e+11,0.00449,"{""basis"": ""pass"", ""discontinuity"": ""pass"", ""scale"": ""recovered"", ""turnover"": ""pass""}",DQC_0095 conflict resolved to the side within 100x of the verified reference
2014-09-30,AMTX,0000738214,removed:shares_scale_conflict,cover,EntityCommonStockSharesOutstanding,20432827,1,1.774e+08,0.00638,"{""basis"": ""pass"", ""discontinuity"": ""untested"", ""scale"": ""fail"", ""turnover"": ""pass""}","cover vs same-filing balance-sheet count differ >100x, no verified reference to choose"
2014-10-31,AMTX,0000738214,removed:shares_scale_conflict,cover,EntityCommonStockSharesOutstanding,20432827,1,1.598e+08,0.00639,"{""basis"": ""pass"", ""discontinuity"": ""untested"", ""scale"": ""fail"", ""turnover"": ""pass""}","cover vs same-filing balance-sheet count differ >100x, no verified reference to choose"
2014-11-30,AMTX,0000738214,removed:shares_scale_conflict,cover,EntityCommonStockSharesOutstanding,20612110,1,1.15e+08,0.00847,"{""basis"": ""pass"", ""discontinuity"": ""untested"", ""scale"": ""fail"", ""turnover"": ""pass""}","cover vs same-filing balance-sheet count differ >100x, no verified reference to choose"
2014-12-31,AMTX,0000738214,removed:shares_scale_conflict,cover,EntityCommonStockSharesOutstanding,20612110,1,1.193e+08,0.00703,"{""basis"": ""pass"", ""discontinuity"": ""untested"", ""scale"": ""fail"", ""turnover"": ""pass""}","cover vs same-filing balance-sheet count differ >100x, no verified reference to choose"
2015-01-31,AMTX,0000738214,removed:shares_scale_conflict,cover,EntityCommonStockSharesOutstanding,20612110,1,8.018e+07,0.00839,"{""basis"": ""pass"", ""discontinuity"": ""untested"", ""scale"": ""fail"", ""turnover"": ""pass""}","cover vs same-filing balance-sheet count differ >100x, no verified reference to choose"
2015-02-28,AMTX,0000738214,removed:shares_scale_conflict,cover,EntityCommonStockSharesOutstanding,20612110,1,9.111e+07,0.00467,"{""basis"": ""pass"", ""discontinuity"": ""untested"", ""scale"": ""fail"", ""turnover"": ""pass""}","cover vs same-filing balance-sheet count differ >100x, no verified reference to choose"
2015-03-31,AMTX,0000738214,removed:shares_scale_conflict,cover,EntityCommonStockSharesOutstanding,20771914,1,8.766e+07,0.00351,"{""basis"": ""pass"", ""discontinuity"": ""untested"", ""scale"": ""fail"", ""turnover"": ""pass""}","cover vs same-filing balance-sheet count differ >100x, no verified reference to choose"
2015-04-30,AMTX,0000738214,removed:shares_scale_conflict,cover,EntityCommonStockSharesOutstanding,20771914,1,9.534e+07,0.00224,"{""basis"": ""pass"", ""discontinuity"": ""untested"", ""scale"": ""fail"", ""turnover"": ""pass""}","cover vs same-filing balance-sheet count differ >100x, no verified reference to choose"
2015-05-31,AMTX,0000738214,removed:shares_scale_conflict,cover,EntityCommonStockSharesOutstanding,19857142,1,8.697e+07,0.00194,"{""basis"": ""pass"", ""discontinuity"": ""untested"", ""scale"": ""fail"", ""turnover"": ""pass""}","cover vs same-filing balance-sheet count differ >100x, no verified reference to choose"
2015-06-30,AMTX,0000738214,removed:shares_scale_conflict,cover,EntityCommonStockSharesOutstanding,19857142,1,7.149e+07,0.00219,"{""basis"": ""pass"", ""discontinuity"": ""untested"", ""scale"": ""fail"", ""turnover"": ""pass""}","cover vs same-filing balance-sheet count differ >100x, no verified reference to choose"
2015-07-31,AMTX,0000738214,removed:shares_scale_conflict,cover,EntityCommonStockSharesOutstanding,19857142,1,7.085e+07,0.00201,"{""basis"": ""pass"", ""discontinuity"": ""untested"", ""scale"": ""fail"", ""turnover"": ""pass""}","cover vs same-filing balance-sheet count differ >100x, no verified reference to choose"
2015-08-31,AMTX,0000738214,removed:shares_scale_conflict,cover,EntityCommonStockSharesOutstanding,19473442,1,5.978e+07,0.00214,"{""basis"": ""pass"", ""discontinuity"": ""untested"", ""scale"": ""fail"", ""turnover"": ""pass""}","cover vs same-filing balance-sheet count differ >100x, no verified reference to choose"
2015-09-30,AMTX,0000738214,removed:shares_scale_conflict,cover,EntityCommonStockSharesOutstanding,19473442,1,5.355e+07,0.00203,"{""basis"": ""pass"", ""discontinuity"": ""untested"", ""scale"": ""fail"", ""turnover"": ""pass""}","cover vs same-filing balance-sheet count differ >100x, no verified reference to choose"
2015-10-31,AMTX,0000738214,removed:shares_scale_conflict,cover,EntityCommonStockSharesOutstanding,19473442,1,4.79e+07,0.00211,"{""basis"": ""pass"", ""discontinuity"": ""untested"", ""scale"": ""fail"", ""turnover"": ""pass""}","cover vs same-filing balance-sheet count differ >100x, no verified reference to choose"
2015-11-30,AMTX,0000738214,removed:shares_scale_conflict,cover,EntityCommonStockSharesOutstanding,19580427,1,5.835e+07,0.0016,"{""basis"": ""pass"", ""discontinuity"": ""untested"", ""scale"": ""fail"", ""turnover"": ""pass""}","cover vs same-filing balance-sheet count differ >100x, no verified reference to choose"
2015-12-31,AMTX,0000738214,removed:shares_scale_conflict,cover,EntityCommonStockSharesOutstanding,19580427,1,5.678e+07,0.0012,"{""basis"": ""pass"", ""discontinuity"": ""untested"", ""scale"": ""fail"", ""turnover"": ""pass""}","cover vs same-filing balance-sheet count differ >100x, no verified reference to choose"
2016-01-31,AMTX,0000738214,removed:shares_scale_conflict,cover,EntityCommonStockSharesOutstanding,19580427,1,4.288e+07,0.00137,"{""basis"": ""pass"", ""discontinuity"": ""untested"", ""scale"": ""fail"", ""turnover"": ""pass""}","cover vs same-filing balance-sheet count differ >100x, no verified reference to choose"
2016-02-29,AMTX,0000738214,removed:shares_scale_conflict,cover,EntityCommonStockSharesOutstanding,19580427,1,3.544e+07,0.00145,"{""basis"": ""pass"", ""discontinuity"": ""untested"", ""scale"": ""fail"", ""turnover"": ""pass""}","cover vs same-filing balance-sheet count differ >100x, no verified reference to choose"
2016-03-31,AMTX,0000738214,removed:shares_scale_conflict,cover,EntityCommonStockSharesOutstanding,19656429,1,4.01e+07,0.00116,"{""basis"": ""pass"", ""discontinuity"": ""untested"", ""scale"": ""fail"", ""turnover"": ""pass""}","cover vs same-filing balance-sheet count differ >100x, no verified reference to choose"
2016-04-30,AMTX,0000738214,removed:shares_scale_conflict,cover,EntityCommonStockSharesOutstanding,19656429,1,5.445e+07,0.000812,"{""basis"": ""pass"", ""discontinuity"": ""untested"", ""scale"": ""fail"", ""turnover"": ""pass""}","cover vs same-filing balance-sheet count differ >100x, no verified reference to choose"
2016-05-31,AMTX,0000738214,removed:shares_scale_conflict,cover,EntityCommonStockSharesOutstanding,19739354,1,5.172e+07,0.00079,"{""basis"": ""pass"", ""discontinuity"": ""untested"", ""scale"": ""fail"", ""turnover"": ""pass""}","cover vs same-filing balance-sheet count differ >100x, no verified reference to choose"
2016-06-30,AMTX,0000738214,removed:shares_scale_conflict,cover,EntityCommonStockSharesOutstanding,19739354,1,4.501e+07,0.000686,"{""basis"": ""pass"", ""discontinuity"": ""untested"", ""scale"": ""fail"", ""turnover"": ""pass""}","cover vs same-filing balance-sheet count differ >100x, no verified reference to choose"
2016-07-31,AMTX,0000738214,removed:shares_scale_conflict,cover,EntityCommonStockSharesOutstanding,19739354,1,3.77e+07,0.000748,"{""basis"": ""pass"", ""discontinuity"": ""untested"", ""scale"": ""fail"", ""turnover"": ""pass""}","cover vs same-filing balance-sheet count differ >100x, no verified reference to choose"
2016-08-31,AMTX,0000738214,removed:shares_scale_conflict,cover,EntityCommonStockSharesOutstanding,19858182,1,3.078e+07,0.00125,"{""basis"": ""pass"", ""discontinuity"": ""untested"", ""scale"": ""fail"", ""turnover"": ""pass""}","cover vs same-filing balance-sheet count differ >100x, no verified reference to choose"
2016-09-30,AMTX,0000738214,removed:shares_scale_conflict,cover,EntityCommonStockSharesOutstanding,19858182,1,2.145e+07,0.0021,"{""basis"": ""pass"", ""discontinuity"": ""untested"", ""scale"": ""fail"", ""turnover"": ""pass""}","cover vs same-filing balance-sheet count differ >100x, no verified reference to choose"
2016-10-31,AMTX,0000738214,removed:shares_scale_conflict,cover,EntityCommonStockSharesOutstanding,19858182,1,3.555e+07,0.00185,"{""basis"": ""pass"", ""discontinuity"": ""untested"", ""scale"": ""fail"", ""turnover"": ""pass""}","cover vs same-filing balance-sheet count differ >100x, no verified reference to choose"
2016-11-30,AMTX,0000738214,removed:shares_scale_conflict,cover,EntityCommonStockSharesOutstanding,19858182,1,3.387e+07,0.002,"{""basis"": ""pass"", ""discontinuity"": ""untested"", ""scale"": ""fail"", ""turnover"": ""pass""}","cover vs same-filing balance-sheet count differ >100x, no verified reference to choose"
2016-12-31,AMTX,0000738214,removed:shares_scale_conflict,cover,EntityCommonStockSharesOutstanding,19858182,1,2.76e+07,0.00296,"{""basis"": ""pass"", ""discontinuity"": ""untested"", ""scale"": ""fail"", ""turnover"": ""pass""}","cover vs same-filing balance-sheet count differ >100x, no verified reference to choose"
2017-01-31,AMTX,0000738214,removed:shares_scale_conflict,cover,EntityCommonStockSharesOutstanding,19858182,1,3.257e+07,0.00342,"{""basis"": ""pass"", ""discontinuity"": ""untested"", ""scale"": ""fail"", ""turnover"": ""pass""}","cover vs same-filing balance-sheet count differ >100x, no verified reference to choose"
2017-02-28,AMTX,0000738214,removed:shares_scale_conflict,cover,EntityCommonStockSharesOutstanding,19858182,1,2.284e+07,0.00489,"{""basis"": ""pass"", ""discontinuity"": ""untested"", ""scale"": ""fail"", ""turnover"": ""pass""}","cover vs same-filing balance-sheet count differ >100x, no verified reference to choose"
2017-03-31,AMTX,0000738214,removed:shares_scale_conflict,cover,EntityCommonStockSharesOutstanding,19696447,1,2.541e+07,0.00417,"{""basis"": ""pass"", ""discontinuity"": ""untested"", ""scale"": ""fail"", ""turnover"": ""pass""}","cover vs same-filing balance-sheet count differ >100x, no verified reference to choose"
2017-04-30,AMTX,0000738214,removed:shares_scale_conflict,cover,EntityCommonStockSharesOutstanding,19696447,1,2.285e+07,0.00372,"{""basis"": ""pass"", ""discontinuity"": ""untested"", ""scale"": ""fail"", ""turnover"": ""pass""}","cover vs same-filing balance-sheet count differ >100x, no verified reference to choose"
2017-05-31,AMTX,0000738214,removed:shares_scale_conflict,cover,EntityCommonStockSharesOutstanding,19696447,1,3.191e+07,0.00338,"{""basis"": ""pass"", ""discontinuity"": ""untested"", ""scale"": ""fail"", ""turnover"": ""pass""}","cover vs same-filing balance-sheet count differ >100x, no verified reference to choose"
2017-06-30,AMTX,0000738214,removed:shares_scale_conflict,cover,EntityCommonStockSharesOutstanding,19696447,1,2.62e+07,0.00373,"{""basis"": ""pass"", ""discontinuity"": ""untested"", ""scale"": ""fail"", ""turnover"": ""pass""}","cover vs same-filing balance-sheet count differ >100x, no verified reference to choose"
2017-07-31,AMTX,0000738214,removed:shares_scale_conflict,cover,EntityCommonStockSharesOutstanding,19696447,1,2.383e+07,0.00275,"{""basis"": ""pass"", ""discontinuity"": ""untested"", ""scale"": ""fail"", ""turnover"": ""pass""}","cover vs same-filing balance-sheet count differ >100x, no verified reference to choose"
2017-08-31,AMTX,0000738214,removed:shares_scale_conflict,cover,EntityCommonStockSharesOutstanding,19822462,1,1.711e+07,0.00324,"{""basis"": ""pass"", ""discontinuity"": ""untested"", ""scale"": ""fail"", ""turnover"": ""pass""}","cover vs same-filing balance-sheet count differ >100x, no verified reference to choose"
2017-09-30,AMTX,0000738214,removed:shares_scale_conflict,cover,EntityCommonStockSharesOutstanding,19822462,1,1.725e+07,0.00305,"{""basis"": ""pass"", ""discontinuity"": ""untested"", ""scale"": ""fail"", ""turnover"": ""pass""}","cover vs same-filing balance-sheet count differ >100x, no verified reference to choose"
2017-10-31,AMTX,0000738214,removed:shares_scale_conflict,cover,EntityCommonStockSharesOutstanding,19822462,1,1.606e+07,0.00346,"{""basis"": ""pass"", ""discontinuity"": ""untested"", ""scale"": ""fail"", ""turnover"": ""pass""}","cover vs same-filing balance-sheet count differ >100x, no verified reference to choose"
2017-11-30,AMTX,0000738214,removed:shares_scale_conflict,cover,EntityCommonStockSharesOutstanding,19822962,1,1.308e+07,0.00212,"{""basis"": ""pass"", ""discontinuity"": ""untested"", ""scale"": ""fail"", ""turnover"": ""pass""}","cover vs same-filing balance-sheet count differ >100x, no verified reference to choose"
2017-12-31,AMTX,0000738214,removed:shares_scale_conflict,cover,EntityCommonStockSharesOutstanding,19822962,1,1.09e+07,0.0027,"{""basis"": ""pass"", ""discontinuity"": ""untested"", ""scale"": ""fail"", ""turnover"": ""pass""}","cover vs same-filing balance-sheet count differ >100x, no verified reference to choose"
2018-01-31,AMTX,0000738214,removed:shares_scale_conflict,cover,EntityCommonStockSharesOutstanding,19822962,1,1.368e+07,0.00224,"{""basis"": ""pass"", ""discontinuity"": ""untested"", ""scale"": ""fail"", ""turnover"": ""pass""}","cover vs same-filing balance-sheet count differ >100x, no verified reference to choose"
2018-02-28,AMTX,0000738214,removed:shares_scale_conflict,cover,EntityCommonStockSharesOutstanding,19822962,1,1.15e+07,0.00238,"{""basis"": ""pass"", ""discontinuity"": ""untested"", ""scale"": ""fail"", ""turnover"": ""pass""}","cover vs same-filing balance-sheet count differ >100x, no verified reference to choose"
2018-03-31,AMTX,0000738214,removed:shares_scale_conflict,cover,EntityCommonStockSharesOutstanding,19822962,1,3.37e+07,0.0354,"{""basis"": ""pass"", ""discontinuity"": ""untested"", ""scale"": ""fail"", ""turnover"": ""pass""}","cover vs same-filing balance-sheet count differ >100x, no verified reference to choose"
2018-04-30,AMTX,0000738214,removed:shares_scale_conflict,cover,EntityCommonStockSharesOutstanding,20222890,1,3.479e+07,0.0355,"{""basis"": ""pass"", ""discontinuity"": ""untested"", ""scale"": ""fail"", ""turnover"": ""pass""}","cover vs same-filing balance-sheet count differ >100x, no verified reference to choose"
2018-05-31,AMTX,0000738214,removed:shares_scale_conflict,cover,EntityCommonStockSharesOutstanding,20222890,1,3.215e+07,0.0388,"{""basis"": ""pass"", ""discontinuity"": ""untested"", ""scale"": ""fail"", ""turnover"": ""pass""}","cover vs same-filing balance-sheet count differ >100x, no verified reference to choose"
2018-06-30,AMTX,0000738214,removed:shares_scale_conflict,cover,EntityCommonStockSharesOutstanding,20222890,1,3.054e+07,0.041,"{""basis"": ""pass"", ""discontinuity"": ""untested"", ""scale"": ""fail"", ""turnover"": ""pass""}","cover vs same-filing balance-sheet count differ >100x, no verified reference to choose"
2018-07-31,AMTX,0000738214,removed:shares_scale_conflict,cover,EntityCommonStockSharesOutstanding,20222890,1,2.548e+07,0.0504,"{""basis"": ""pass"", ""discontinuity"": ""untested"", ""scale"": ""fail"", ""turnover"": ""pass""}","cover vs same-filing balance-sheet count differ >100x, no verified reference to choose"
2018-08-31,AMTX,0000738214,removed:shares_scale_conflict,cover,EntityCommonStockSharesOutstanding,20222890,1,2.508e+07,0.0513,"{""basis"": ""pass"", ""discontinuity"": ""untested"", ""scale"": ""fail"", ""turnover"": ""pass""}","cover vs same-filing balance-sheet count differ >100x, no verified reference to choose"
2018-09-30,AMTX,0000738214,removed:shares_scale_conflict,cover,EntityCommonStockSharesOutstanding,20222890,1,2.063e+07,0.00561,"{""basis"": ""pass"", ""discontinuity"": ""untested"", ""scale"": ""fail"", ""turnover"": ""pass""}","cover vs same-filing balance-sheet count differ >100x, no verified reference to choose"
2018-10-31,AMTX,0000738214,removed:shares_scale_conflict,cover,EntityCommonStockSharesOutstanding,20222890,1,1.789e+07,0.00683,"{""basis"": ""pass"", ""discontinuity"": ""untested"", ""scale"": ""fail"", ""turnover"": ""pass""}","cover vs same-filing balance-sheet count differ >100x, no verified reference to choose"
2018-11-30,AMTX,0000738214,removed:shares_scale_conflict,cover,EntityCommonStockSharesOutstanding,20345437,1,1.494e+07,0.00756,"{""basis"": ""pass"", ""discontinuity"": ""untested"", ""scale"": ""fail"", ""turnover"": ""pass""}","cover vs same-filing balance-sheet count differ >100x, no verified reference to choose"
2018-12-31,AMTX,0000738214,removed:shares_scale_conflict,cover,EntityCommonStockSharesOutstanding,20345437,1,1.234e+07,0.00935,"{""basis"": ""pass"", ""discontinuity"": ""untested"", ""scale"": ""fail"", ""turnover"": ""pass""}","cover vs same-filing balance-sheet count differ >100x, no verified reference to choose"
2019-01-31,AMTX,0000738214,removed:shares_scale_conflict,cover,EntityCommonStockSharesOutstanding,20345437,1,2.116e+07,0.00435,"{""basis"": ""pass"", ""discontinuity"": ""untested"", ""scale"": ""fail"", ""turnover"": ""pass""}","cover vs same-filing balance-sheet count differ >100x, no verified reference to choose"
2019-02-28,AMTX,0000738214,removed:shares_scale_conflict,cover,EntityCommonStockSharesOutstanding,20345437,1,1.89e+07,0.00534,"{""basis"": ""pass"", ""discontinuity"": ""untested"", ""scale"": ""fail"", ""turnover"": ""pass""}","cover vs same-filing balance-sheet count differ >100x, no verified reference to choose"
2019-03-31,AMTX,0000738214,removed:shares_scale_conflict,cover,EntityCommonStockSharesOutstanding,20375437,1,1.695e+07,0.00599,"{""basis"": ""pass"", ""discontinuity"": ""untested"", ""scale"": ""fail"", ""turnover"": ""pass""}","cover vs same-filing balance-sheet count differ >100x, no verified reference to choose"
2019-04-30,AMTX,0000738214,removed:shares_scale_conflict,cover,EntityCommonStockSharesOutstanding,20375437,1,1.638e+07,0.00311,"{""basis"": ""pass"", ""discontinuity"": ""untested"", ""scale"": ""fail"", ""turnover"": ""pass""}","cover vs same-filing balance-sheet count differ >100x, no verified reference to choose"
2019-05-31,AMTX,0000738214,removed:shares_scale_conflict,cover,EntityCommonStockSharesOutstanding,20375437,1,2.099e+07,0.019,"{""basis"": ""pass"", ""discontinuity"": ""untested"", ""scale"": ""fail"", ""turnover"": ""pass""}","cover vs same-filing balance-sheet count differ >100x, no verified reference to choose"
2019-06-30,AMTX,0000738214,removed:shares_scale_conflict,cover,EntityCommonStockSharesOutstanding,20375437,1,1.732e+07,0.0226,"{""basis"": ""pass"", ""discontinuity"": ""untested"", ""scale"": ""fail"", ""turnover"": ""pass""}","cover vs same-filing balance-sheet count differ >100x, no verified reference to choose"
2019-07-31,AMTX,0000738214,removed:shares_scale_conflict,cover,EntityCommonStockSharesOutstanding,20375437,1,1.936e+07,0.0207,"{""basis"": ""pass"", ""discontinuity"": ""untested"", ""scale"": ""fail"", ""turnover"": ""pass""}","cover vs same-filing balance-sheet count differ >100x, no verified reference to choose"
2019-08-31,AMTX,0000738214,removed:shares_scale_conflict,cover,EntityCommonStockSharesOutstanding,20570187,1,1.625e+07,0.0242,"{""basis"": ""pass"", ""discontinuity"": ""untested"", ""scale"": ""fail"", ""turnover"": ""pass""}","cover vs same-filing balance-sheet count differ >100x, no verified reference to choose"
2019-09-30,AMTX,0000738214,removed:shares_scale_conflict,cover,EntityCommonStockSharesOutstanding,20570187,1,2.242e+07,0.0177,"{""basis"": ""pass"", ""discontinuity"": ""untested"", ""scale"": ""fail"", ""turnover"": ""pass""}","cover vs same-filing balance-sheet count differ >100x, no verified reference to choose"
2019-10-31,AMTX,0000738214,removed:shares_scale_conflict,cover,EntityCommonStockSharesOutstanding,20570187,1,2.052e+07,0.0195,"{""basis"": ""pass"", ""discontinuity"": ""untested"", ""scale"": ""fail"", ""turnover"": ""pass""}","cover vs same-filing balance-sheet count differ >100x, no verified reference to choose"
2019-11-30,AMTX,0000738214,removed:shares_scale_conflict,cover,EntityCommonStockSharesOutstanding,20570187,1,2.098e+07,0.00244,"{""basis"": ""pass"", ""discontinuity"": ""untested"", ""scale"": ""fail"", ""turnover"": ""pass""}","cover vs same-filing balance-sheet count differ >100x, no verified reference to choose"
2019-12-31,AMTX,0000738214,removed:shares_scale_conflict,cover,EntityCommonStockSharesOutstanding,20570187,1,1.707e+07,0.00295,"{""basis"": ""pass"", ""discontinuity"": ""untested"", ""scale"": ""fail"", ""turnover"": ""pass""}","cover vs same-filing balance-sheet count differ >100x, no verified reference to choose"
2020-01-31,AMTX,0000738214,removed:shares_scale_conflict,cover,EntityCommonStockSharesOutstanding,20570187,1,1.625e+07,0.00244,"{""basis"": ""pass"", ""discontinuity"": ""untested"", ""scale"": ""fail"", ""turnover"": ""pass""}","cover vs same-filing balance-sheet count differ >100x, no verified reference to choose"
2020-02-29,AMTX,0000738214,removed:shares_scale_conflict,cover,EntityCommonStockSharesOutstanding,20570187,1,1.522e+07,0.00254,"{""basis"": ""pass"", ""discontinuity"": ""untested"", ""scale"": ""fail"", ""turnover"": ""pass""}","cover vs same-filing balance-sheet count differ >100x, no verified reference to choose"
2020-03-31,AMTX,0000738214,removed:shares_scale_conflict,cover,EntityCommonStockSharesOutstanding,20571187,1,1.07e+07,0.00925,"{""basis"": ""pass"", ""discontinuity"": ""untested"", ""scale"": ""fail"", ""turnover"": ""pass""}","cover vs same-filing balance-sheet count differ >100x, no verified reference to choose"
2020-04-30,AMTX,0000738214,removed:shares_scale_conflict,cover,EntityCommonStockSharesOutstanding,20571187,1,1.193e+07,0.00835,"{""basis"": ""pass"", ""discontinuity"": ""untested"", ""scale"": ""fail"", ""turnover"": ""pass""}","cover vs same-filing balance-sheet count differ >100x, no verified reference to choose"
2020-05-31,AMTX,0000738214,removed:shares_scale_conflict,cover,EntityCommonStockSharesOutstanding,20683562,1,1.655e+07,0.0259,"{""basis"": ""pass"", ""discontinuity"": ""untested"", ""scale"": ""fail"", ""turnover"": ""pass""}","cover vs same-filing balance-sheet count differ >100x, no verified reference to choose"
2020-06-30,AMTX,0000738214,removed:shares_scale_conflict,cover,EntityCommonStockSharesOutstanding,20683562,1,1.671e+07,0.0267,"{""basis"": ""pass"", ""discontinuity"": ""untested"", ""scale"": ""fail"", ""turnover"": ""pass""}","cover vs same-filing balance-sheet count differ >100x, no verified reference to choose"
2020-07-31,AMTX,0000738214,removed:shares_scale_conflict,cover,EntityCommonStockSharesOutstanding,20683562,1,2.317e+07,0.0213,"{""basis"": ""pass"", ""discontinuity"": ""untested"", ""scale"": ""fail"", ""turnover"": ""pass""}","cover vs same-filing balance-sheet count differ >100x, no verified reference to choose"
2020-08-31,AMTX,0000738214,removed:shares_scale_conflict,cover,EntityCommonStockSharesOutstanding,20795891,1,3.452e+07,0.0513,"{""basis"": ""pass"", ""discontinuity"": ""untested"", ""scale"": ""fail"", ""turnover"": ""pass""}","cover vs same-filing balance-sheet count differ >100x, no verified reference to choose"
2020-09-30,AMTX,0000738214,removed:shares_scale_conflict,cover,EntityCommonStockSharesOutstanding,20795891,1,6.655e+07,0.0427,"{""basis"": ""pass"", ""discontinuity"": ""untested"", ""scale"": ""fail"", ""turnover"": ""pass""}","cover vs same-filing balance-sheet count differ >100x, no verified reference to choose"
2020-10-31,AMTX,0000738214,removed:shares_scale_conflict,cover,EntityCommonStockSharesOutstanding,20795891,1,7.674e+07,0.0486,"{""basis"": ""pass"", ""discontinuity"": ""untested"", ""scale"": ""fail"", ""turnover"": ""pass""}","cover vs same-filing balance-sheet count differ >100x, no verified reference to choose"
2020-11-30,AMTX,0000738214,removed:shares_scale_conflict,cover,EntityCommonStockSharesOutstanding,21815654,1,4.778e+07,0.0878,"{""basis"": ""pass"", ""discontinuity"": ""untested"", ""scale"": ""fail"", ""turnover"": ""pass""}","cover vs same-filing balance-sheet count differ >100x, no verified reference to choose"
2020-12-31,AMTX,0000738214,removed:shares_scale_conflict,cover,EntityCommonStockSharesOutstanding,21815654,1,5.432e+07,0.111,"{""basis"": ""pass"", ""discontinuity"": ""untested"", ""scale"": ""fail"", ""turnover"": ""pass""}","cover vs same-filing balance-sheet count differ >100x, no verified reference to choose"
2021-01-31,AMTX,0000738214,removed:shares_scale_conflict,cover,EntityCommonStockSharesOutstanding,21815654,1,1.477e+08,0.0854,"{""basis"": ""pass"", ""discontinuity"": ""untested"", ""scale"": ""fail"", ""turnover"": ""pass""}","cover vs same-filing balance-sheet count differ >100x, no verified reference to choose"
2021-02-28,AMTX,0000738214,removed:shares_scale_conflict,cover,EntityCommonStockSharesOutstanding,21815654,1,2.144e+08,0.065,"{""basis"": ""pass"", ""discontinuity"": ""untested"", ""scale"": ""fail"", ""turnover"": ""pass""}","cover vs same-filing balance-sheet count differ >100x, no verified reference to choose"
2021-03-31,AMTX,0000738214,removed:shares_scale_conflict,cover,EntityCommonStockSharesOutstanding,27099232,1,6.645e+08,0.0468,"{""basis"": ""pass"", ""discontinuity"": ""untested"", ""scale"": ""fail"", ""turnover"": ""pass""}","cover vs same-filing balance-sheet count differ >100x, no verified reference to choose"
2021-04-30,AMTX,0000738214,removed:shares_scale_conflict,cover,EntityCommonStockSharesOutstanding,27099232,1,4.94e+08,0.0725,"{""basis"": ""pass"", ""discontinuity"": ""untested"", ""scale"": ""fail"", ""turnover"": ""pass""}","cover vs same-filing balance-sheet count differ >100x, no verified reference to choose"
2017-07-31,ANIK,0000898437,recovered,dqc_recovered:cover,EntityCommonStockSharesOutstanding,14658440,1,7.499e+08,0.00691,"{""basis"": ""pass"", ""discontinuity"": ""pass"", ""scale"": ""recovered"", ""turnover"": ""pass""}",DQC_0095 conflict resolved to the side within 100x of the verified reference
2017-08-31,ANIK,0000898437,recovered,dqc_recovered:cover,EntityCommonStockSharesOutstanding,14658440,1,7.872e+08,0.00646,"{""basis"": ""pass"", ""discontinuity"": ""pass"", ""scale"": ""recovered"", ""turnover"": ""pass""}",DQC_0095 conflict resolved to the side within 100x of the verified reference
2017-09-30,ANIK,0000898437,recovered,dqc_recovered:cover,EntityCommonStockSharesOutstanding,14658440,1,8.502e+08,0.00589,"{""basis"": ""pass"", ""discontinuity"": ""pass"", ""scale"": ""recovered"", ""turnover"": ""pass""}",DQC_0095 conflict resolved to the side within 100x of the verified reference
2020-06-30,APG,0001796209,removed:shares_scale_conflict,cover,EntityCommonStockSharesOutstanding,169294244,1,2.057e+09,,"{""basis"": ""pass"", ""discontinuity"": ""untested"", ""scale"": ""fail"", ""turnover"": ""untested""}","cover vs same-filing balance-sheet count differ >100x, no verified reference to choose"
2020-07-31,APG,0001796209,removed:shares_scale_conflict,cover,EntityCommonStockSharesOutstanding,169294244,1,2.358e+09,0.0102,"{""basis"": ""pass"", ""discontinuity"": ""untested"", ""scale"": ""fail"", ""turnover"": ""pass""}","cover vs same-filing balance-sheet count differ >100x, no verified reference to choose"
2020-06-30,API,0001796209,removed:shares_scale_conflict,cover,EntityCommonStockSharesOutstanding,169294244,1,7.478e+09,,"{""basis"": ""pass"", ""discontinuity"": ""untested"", ""scale"": ""fail"", ""turnover"": ""untested""}","cover vs same-filing balance-sheet count differ >100x, no verified reference to choose"
2020-07-31,API,0001796209,removed:shares_scale_conflict,cover,EntityCommonStockSharesOutstanding,169294244,1,7.371e+09,,"{""basis"": ""pass"", ""discontinuity"": ""untested"", ""scale"": ""fail"", ""turnover"": ""untested""}","cover vs same-filing balance-sheet count differ >100x, no verified reference to choose"
2016-09-30,APVO,0001671584,removed:shares_scale_conflict,cover,EntityCommonStockSharesOutstanding,20229849,1,5.179e+07,,"{""basis"": ""pass"", ""discontinuity"": ""untested"", ""scale"": ""fail"", ""turnover"": ""untested""}","cover vs same-filing balance-sheet count differ >100x, no verified reference to choose"
2016-10-31,APVO,0001671584,removed:shares_scale_conflict,cover,EntityCommonStockSharesOutstanding,20229849,1,4.471e+07,0.028,"{""basis"": ""pass"", ""discontinuity"": ""untested"", ""scale"": ""fail"", ""turnover"": ""pass""}","cover vs same-filing balance-sheet count differ >100x, no verified reference to choose"
2019-03-31,AREX,0001405073,recovered,dqc_recovered:balance_sheet,CommonStockSharesOutstanding,95030569,1,3.348e+04,9.28,"{""basis"": ""pass"", ""discontinuity"": ""pass"", ""scale"": ""recovered"", ""turnover"": ""pass""}",DQC_0095 conflict resolved to the side within 100x of the verified reference
2019-04-30,AREX,0001405073,recovered,dqc_recovered:balance_sheet,CommonStockSharesOutstanding,95030569,1,3.236e+04,9.32,"{""basis"": ""pass"", ""discontinuity"": ""pass"", ""scale"": ""recovered"", ""turnover"": ""pass""}",DQC_0095 conflict resolved to the side within 100x of the verified reference
2014-11-30,ARL,0001102238,recovered,dqc_recovered:cover,EntityCommonStockSharesOutstanding,14027619,1,8.725e+07,0.000268,"{""basis"": ""pass"", ""discontinuity"": ""pass"", ""scale"": ""recovered"", ""turnover"": ""pass""}",DQC_0095 conflict resolved to the side within 100x of the verified reference
2014-12-31,ARL,0001102238,recovered,dqc_recovered:cover,EntityCommonStockSharesOutstanding,14027619,1,7.659e+07,0.000321,"{""basis"": ""pass"", ""discontinuity"": ""pass"", ""scale"": ""recovered"", ""turnover"": ""pass""}",DQC_0095 conflict resolved to the side within 100x of the verified reference
2015-01-31,ARL,0001102238,recovered,dqc_recovered:cover,EntityCommonStockSharesOutstanding,14027619,1,7.989e+07,0.000297,"{""basis"": ""pass"", ""discontinuity"": ""pass"", ""scale"": ""recovered"", ""turnover"": ""pass""}",DQC_0095 conflict resolved to the side within 100x of the verified reference
2015-02-28,ARL,0001102238,recovered,dqc_recovered:cover,EntityCommonStockSharesOutstanding,14027619,1,7.295e+07,0.000292,"{""basis"": ""pass"", ""discontinuity"": ""pass"", ""scale"": ""recovered"", ""turnover"": ""pass""}",DQC_0095 conflict resolved to the side within 100x of the verified reference
2015-03-31,ARL,0001102238,recovered,dqc_recovered:cover,EntityCommonStockSharesOutstanding,14027619,1,7.561e+07,0.000198,"{""basis"": ""pass"", ""discontinuity"": ""pass"", ""scale"": ""recovered"", ""turnover"": ""pass""}",DQC_0095 conflict resolved to the side within 100x of the verified reference
2015-04-30,ARL,0001102238,recovered,dqc_recovered:cover,EntityCommonStockSharesOutstanding,14027619,1,6.803e+07,0.000222,"{""basis"": ""pass"", ""discontinuity"": ""pass"", ""scale"": ""recovered"", ""turnover"": ""pass""}",DQC_0095 conflict resolved to the side within 100x of the verified reference
2015-05-31,ARL,0001102238,recovered,dqc_recovered:cover,EntityCommonStockSharesOutstanding,14027619,1,7.084e+07,0.000225,"{""basis"": ""pass"", ""discontinuity"": ""pass"", ""scale"": ""recovered"", ""turnover"": ""pass""}",DQC_0095 conflict resolved to the side within 100x of the verified reference
2015-06-30,ARL,0001102238,recovered,dqc_recovered:cover,EntityCommonStockSharesOutstanding,14027619,1,6.803e+07,0.000204,"{""basis"": ""pass"", ""discontinuity"": ""pass"", ""scale"": ""recovered"", ""turnover"": ""pass""}",DQC_0095 conflict resolved to the side within 100x of the verified reference
2015-07-31,ARL,0001102238,recovered,dqc_recovered:cover,EntityCommonStockSharesOutstanding,14027619,1,7.294e+07,0.000194,"{""basis"": ""pass"", ""discontinuity"": ""pass"", ""scale"": ""recovered"", ""turnover"": ""pass""}",DQC_0095 conflict resolved to the side within 100x of the verified reference
2016-01-31,ARRS,0001645494,removed:shares_turnover_implausible,cover,EntityCommonStockSharesOutstanding,100,1,2547,2.18e+04,"{""basis"": ""pass"", ""discontinuity"": ""untested"", ""scale"": ""untested"", ""turnover"": ""fail""}",dollar volume >10x ME (count too small: subsidiary/shell or mis-scaled)
2016-02-29,ARRS,0001645494,removed:shares_turnover_implausible,cover,EntityCommonStockSharesOutstanding,100,1,2389,2.45e+04,"{""basis"": ""pass"", ""discontinuity"": ""untested"", ""scale"": ""untested"", ""turnover"": ""fail""}",dollar volume >10x ME (count too small: subsidiary/shell or mis-scaled)
2018-08-31,ASTI,0001350102,removed:shares_discontinuity,cover,EntityCommonStockSharesOutstanding,21816631,1,1.309e+06,,"{""basis"": ""pass"", ""discontinuity"": ""fail"", ""scale"": ""pass"", ""turnover"": ""pass""}",>100x jump vs last verified count of the series
2018-09-30,ASTI,0001350102,removed:shares_discontinuity,cover,EntityCommonStockSharesOutstanding,21816631,1,1.309e+06,,"{""basis"": ""pass"", ""discontinuity"": ""fail"", ""scale"": ""pass"", ""turnover"": ""pass""}",>100x jump vs last verified count of the series
2018-10-31,ASTI,0001350102,removed:shares_discontinuity,cover,EntityCommonStockSharesOutstanding,21816631,1,1.309e+06,,"{""basis"": ""pass"", ""discontinuity"": ""fail"", ""scale"": ""pass"", ""turnover"": ""pass""}",>100x jump vs last verified count of the series
2018-11-30,ASTI,0001350102,removed:shares_discontinuity,cover,EntityCommonStockSharesOutstanding,42523847,1,2.551e+06,,"{""basis"": ""pass"", ""discontinuity"": ""fail"", ""scale"": ""pass"", ""turnover"": ""pass""}",>100x jump vs last verified count of the series
2018-12-31,ASTI,0001350102,removed:shares_discontinuity,cover,EntityCommonStockSharesOutstanding,42523847,1,2.551e+06,,"{""basis"": ""pass"", ""discontinuity"": ""fail"", ""scale"": ""pass"", ""turnover"": ""pass""}",>100x jump vs last verified count of the series
2019-01-31,ASTI,0001350102,removed:shares_discontinuity,cover,EntityCommonStockSharesOutstanding,42523847,1,2.551e+06,,"{""basis"": ""pass"", ""discontinuity"": ""fail"", ""scale"": ""pass"", ""turnover"": ""pass""}",>100x jump vs last verified count of the series
2019-02-28,ASTI,0001350102,removed:shares_discontinuity,cover,EntityCommonStockSharesOutstanding,42523847,1,2.551e+06,,"{""basis"": ""pass"", ""discontinuity"": ""fail"", ""scale"": ""pass"", ""turnover"": ""pass""}",>100x jump vs last verified count of the series
2019-03-31,ASTI,0001350102,removed:shares_discontinuity,cover,EntityCommonStockSharesOutstanding,42523847,1,2.551e+06,,"{""basis"": ""pass"", ""discontinuity"": ""fail"", ""scale"": ""pass"", ""turnover"": ""pass""}",>100x jump vs last verified count of the series
2017-06-30,ASV,0001690881,removed:shares_scale_conflict,cover,EntityCommonStockSharesOutstanding,9800000000,1,7.987e+10,,"{""basis"": ""pass"", ""discontinuity"": ""untested"", ""scale"": ""fail"", ""turnover"": ""untested""}","cover vs same-filing balance-sheet count differ >100x, no verified reference to choose"
2017-07-31,ASV,0001690881,removed:shares_scale_conflict,cover,EntityCommonStockSharesOutstanding,9800000000,1,7.634e+10,,"{""basis"": ""pass"", ""discontinuity"": ""untested"", ""scale"": ""fail"", ""turnover"": ""untested""}","cover vs same-filing balance-sheet count differ >100x, no verified reference to choose"
2018-03-31,ASV,0001690881,recovered,dqc_recovered:balance_sheet,CommonStockSharesOutstanding,9806000,1,7.126e+10,1.06e-06,"{""basis"": ""pass"", ""discontinuity"": ""pass"", ""scale"": ""recovered"", ""turnover"": ""pass""}",DQC_0095 conflict resolved to the side within 100x of the verified reference
2018-04-30,ASV,0001690881,recovered,dqc_recovered:balance_sheet,CommonStockSharesOutstanding,9806000,1,7.852e+10,9.16e-07,"{""basis"": ""pass"", ""discontinuity"": ""pass"", ""scale"": ""recovered"", ""turnover"": ""pass""}",DQC_0095 conflict resolved to the side within 100x of the verified reference
2019-04-30,ASV,0001690881,recovered,dqc_recovered:balance_sheet,CommonStockSharesOutstanding,9851000,1,2.425e+10,2.08e-06,"{""basis"": ""pass"", ""discontinuity"": ""pass"", ""scale"": ""recovered"", ""turnover"": ""pass""}",DQC_0095 conflict resolved to the side within 100x of the verified reference
2016-11-30,ATNI,0000879585,recovered,dqc_recovered:cover,EntityCommonStockSharesOutstanding,16139477,1,1.167e+09,0.00467,"{""basis"": ""pass"", ""discontinuity"": ""pass"", ""scale"": ""recovered"", ""turnover"": ""pass""}",DQC_0095 conflict resolved to the side within 100x of the verified reference
2016-12-31,ATNI,0000879585,recovered,dqc_recovered:cover,EntityCommonStockSharesOutstanding,16139477,1,1.293e+09,0.00397,"{""basis"": ""pass"", ""discontinuity"": ""pass"", ""scale"": ""recovered"", ""turnover"": ""pass""}",DQC_0095 conflict resolved to the side within 100x of the verified reference
2017-01-31,ATNI,0000879585,recovered,dqc_recovered:cover,EntityCommonStockSharesOutstanding,16139477,1,1.296e+09,0.00362,"{""basis"": ""pass"", ""discontinuity"": ""pass"", ""scale"": ""recovered"", ""turnover"": ""pass""}",DQC_0095 conflict resolved to the side within 100x of the verified reference
2017-02-28,ATNI,0000879585,recovered,dqc_recovered:cover,EntityCommonStockSharesOutstanding,16139477,1,1.104e+09,0.00429,"{""basis"": ""pass"", ""discontinuity"": ""pass"", ""scale"": ""recovered"", ""turnover"": ""pass""}",DQC_0095 conflict resolved to the side within 100x of the verified reference
2017-05-31,ATRA,0001604464,recovered,dqc_recovered:cover,EntityCommonStockSharesOutstanding,29109123,1,3.857e+08,0.0114,"{""basis"": ""pass"", ""discontinuity"": ""pass"", ""scale"": ""recovered"", ""turnover"": ""pass""}",DQC_0095 conflict resolved to the side within 100x of the verified reference
2017-06-30,ATRA,0001604464,recovered,dqc_recovered:cover,EntityCommonStockSharesOutstanding,29109123,1,4.075e+08,0.0108,"{""basis"": ""pass"", ""discontinuity"": ""pass"", ""scale"": ""recovered"", ""turnover"": ""pass""}",DQC_0095 conflict resolved to the side within 100x of the verified reference
2017-07-31,ATRA,0001604464,recovered,dqc_recovered:cover,EntityCommonStockSharesOutstanding,29109123,1,4.439e+08,0.0101,"{""basis"": ""pass"", ""discontinuity"": ""pass"", ""scale"": ""recovered"", ""turnover"": ""pass""}",DQC_0095 conflict resolved to the side within 100x of the verified reference
2017-08-31,ATRA,0001604464,recovered,dqc_recovered:cover,EntityCommonStockSharesOutstanding,30559425,1,4.813e+08,0.00917,"{""basis"": ""pass"", ""discontinuity"": ""pass"", ""scale"": ""recovered"", ""turnover"": ""pass""}",DQC_0095 conflict resolved to the side within 100x of the verified reference
2017-09-30,ATRA,0001604464,recovered,dqc_recovered:cover,EntityCommonStockSharesOutstanding,30559425,1,5.058e+08,0.00743,"{""basis"": ""pass"", ""discontinuity"": ""pass"", ""scale"": ""recovered"", ""turnover"": ""pass""}",DQC_0095 conflict resolved to the side within 100x of the verified reference
2017-10-31,ATRA,0001604464,recovered,dqc_recovered:cover,EntityCommonStockSharesOutstanding,30559425,1,4.339e+08,0.00737,"{""basis"": ""pass"", ""discontinuity"": ""pass"", ""scale"": ""recovered"", ""turnover"": ""pass""}",DQC_0095 conflict resolved to the side within 100x of the verified reference
2017-11-30,ATRA,0001604464,recovered,dqc_recovered:cover,EntityCommonStockSharesOutstanding,30595866,1,4.421e+08,0.00663,"{""basis"": ""pass"", ""discontinuity"": ""pass"", ""scale"": ""recovered"", ""turnover"": ""pass""}",DQC_0095 conflict resolved to the side within 100x of the verified reference
2017-12-31,ATRA,0001604464,recovered,dqc_recovered:cover,EntityCommonStockSharesOutstanding,30595866,1,5.538e+08,0.00657,"{""basis"": ""pass"", ""discontinuity"": ""pass"", ""scale"": ""recovered"", ""turnover"": ""pass""}",DQC_0095 conflict resolved to the side within 100x of the verified reference
2018-01-31,ATRA,0001604464,recovered,dqc_recovered:cover,EntityCommonStockSharesOutstanding,30595866,1,1.157e+09,0.00833,"{""basis"": ""pass"", ""discontinuity"": ""pass"", ""scale"": ""recovered"", ""turnover"": ""pass""}",DQC_0095 conflict resolved to the side within 100x of the verified reference
2016-12-31,BAS,0001109189,removed:shares_basis_ambiguous,cover,EntityCommonStockSharesOutstanding,42757664,0.0017540966928261,2.651e+06,1.17,"{""basis"": ""fail"", ""discontinuity"": ""pass"", ""scale"": ""pass"", ""turnover"": ""pass""}","split stamp beyond [1/100,100]"
2017-01-31,BAS,0001109189,removed:shares_basis_ambiguous,cover,EntityCommonStockSharesOutstanding,42757664,0.0017540966928261,3.065e+06,2.7,"{""basis"": ""fail"", ""discontinuity"": ""pass"", ""scale"": ""pass"", ""turnover"": ""pass""}","split stamp beyond [1/100,100]"
2017-02-28,BAS,0001109189,removed:shares_basis_ambiguous,cover,EntityCommonStockSharesOutstanding,42757664,0.0017540966928261,2.954e+06,3.77,"{""basis"": ""fail"", ""discontinuity"": ""pass"", ""scale"": ""pass"", ""turnover"": ""pass""}","split stamp beyond [1/100,100]"
2017-03-31,BAS,0001109189,removed:shares_basis_ambiguous,cover,EntityCommonStockSharesOutstanding,42757664,0.0017540966928261,2.502e+06,5.8,"{""basis"": ""fail"", ""discontinuity"": ""pass"", ""scale"": ""pass"", ""turnover"": ""pass""}","split stamp beyond [1/100,100]"
2017-04-30,BAS,0001109189,removed:shares_discontinuity,cover,EntityCommonStockSharesOutstanding,26000513,1,7.064e+08,0.0247,"{""basis"": ""pass"", ""discontinuity"": ""fail"", ""scale"": ""pass"", ""turnover"": ""pass""}",>100x jump vs last verified count of the series
2017-05-31,BAS,0001109189,removed:shares_discontinuity,cover,EntityCommonStockSharesOutstanding,26000513,1,7.148e+08,0.027,"{""basis"": ""pass"", ""discontinuity"": ""fail"", ""scale"": ""pass"", ""turnover"": ""pass""}",>100x jump vs last verified count of the series
2017-06-30,BAS,0001109189,removed:shares_discontinuity,cover,EntityCommonStockSharesOutstanding,26000513,1,6.474e+08,0.0326,"{""basis"": ""pass"", ""discontinuity"": ""fail"", ""scale"": ""pass"", ""turnover"": ""pass""}",>100x jump vs last verified count of the series
2017-07-31,BAS,0001109189,removed:shares_discontinuity,cover,EntityCommonStockSharesOutstanding,26000513,1,5.824e+08,0.0297,"{""basis"": ""pass"", ""discontinuity"": ""fail"", ""scale"": ""pass"", ""turnover"": ""pass""}",>100x jump vs last verified count of the series
2017-08-31,BAS,0001109189,removed:shares_discontinuity,cover,EntityCommonStockSharesOutstanding,26027213,1,3.706e+08,0.0411,"{""basis"": ""pass"", ""discontinuity"": ""fail"", ""scale"": ""pass"", ""turnover"": ""pass""}",>100x jump vs last verified count of the series
2017-09-30,BAS,0001109189,removed:shares_discontinuity,cover,EntityCommonStockSharesOutstanding,26027213,1,5.023e+08,0.0264,"{""basis"": ""pass"", ""discontinuity"": ""fail"", ""scale"": ""pass"", ""turnover"": ""pass""}",>100x jump vs last verified count of the series
2017-10-31,BAS,0001109189,removed:shares_discontinuity,cover,EntityCommonStockSharesOutstanding,26027213,1,4.909e+08,0.0222,"{""basis"": ""pass"", ""discontinuity"": ""fail"", ""scale"": ""pass"", ""turnover"": ""pass""}",>100x jump vs last verified count of the series
2017-11-30,BAS,0001109189,removed:shares_discontinuity,cover,EntityCommonStockSharesOutstanding,26028149,1,5.822e+08,0.0185,"{""basis"": ""pass"", ""discontinuity"": ""fail"", ""scale"": ""pass"", ""turnover"": ""pass""}",>100x jump vs last verified count of the series
2017-12-31,BAS,0001109189,removed:shares_discontinuity,cover,EntityCommonStockSharesOutstanding,26028149,1,6.109e+08,0.0154,"{""basis"": ""pass"", ""discontinuity"": ""fail"", ""scale"": ""pass"", ""turnover"": ""pass""}",>100x jump vs last verified count of the series
2018-01-31,BAS,0001109189,removed:shares_discontinuity,cover,EntityCommonStockSharesOutstanding,26028149,1,5.073e+08,0.018,"{""basis"": ""pass"", ""discontinuity"": ""fail"", ""scale"": ""pass"", ""turnover"": ""pass""}",>100x jump vs last verified count of the series
2018-02-28,BAS,0001109189,removed:shares_discontinuity,cover,EntityCommonStockSharesOutstanding,26028149,1,4.211e+08,0.0221,"{""basis"": ""pass"", ""discontinuity"": ""fail"", ""scale"": ""pass"", ""turnover"": ""pass""}",>100x jump vs last verified count of the series
2016-05-31,BDR,0001000683,recovered,dqc_recovered:cover,EntityCommonStockSharesOutstanding,6764736,1,2.496e+06,0.00111,"{""basis"": ""pass"", ""discontinuity"": ""pass"", ""scale"": ""recovered"", ""turnover"": ""pass""}",DQC_0095 conflict resolved to the side within 100x of the verified reference
2016-06-30,BDR,0001000683,recovered,dqc_recovered:cover,EntityCommonStockSharesOutstanding,6764736,1,3.247e+06,0.000983,"{""basis"": ""pass"", ""discontinuity"": ""pass"", ""scale"": ""recovered"", ""turnover"": ""pass""}",DQC_0095 conflict resolved to the side within 100x of the verified reference
2016-07-31,BDR,0001000683,recovered,dqc_recovered:cover,EntityCommonStockSharesOutstanding,6764736,1,4.194e+06,0.00521,"{""basis"": ""pass"", ""discontinuity"": ""pass"", ""scale"": ""recovered"", ""turnover"": ""pass""}",DQC_0095 conflict resolved to the side within 100x of the verified reference
2016-08-31,BDR,0001000683,recovered,dqc_recovered:cover,EntityCommonStockSharesOutstanding,7393217,1,4.333e+06,0.0083,"{""basis"": ""pass"", ""discontinuity"": ""pass"", ""scale"": ""recovered"", ""turnover"": ""pass""}",DQC_0095 conflict resolved to the side within 100x of the verified reference
2016-09-30,BDR,0001000683,recovered,dqc_recovered:cover,EntityCommonStockSharesOutstanding,7393217,1,4.544e+06,0.00878,"{""basis"": ""pass"", ""discontinuity"": ""pass"", ""scale"": ""recovered"", ""turnover"": ""pass""}",DQC_0095 conflict resolved to the side within 100x of the verified reference
2016-10-31,BDR,0001000683,recovered,dqc_recovered:cover,EntityCommonStockSharesOutstanding,7393217,1,3.992e+06,0.0104,"{""basis"": ""pass"", ""discontinuity"": ""pass"", ""scale"": ""recovered"", ""turnover"": ""pass""}",DQC_0095 conflict resolved to the side within 100x of the verified reference
2017-08-31,BDR,0001000683,recovered,dqc_recovered:cover,EntityCommonStockSharesOutstanding,8121835,1,3.501e+06,0.00836,"{""basis"": ""pass"", ""discontinuity"": ""pass"", ""scale"": ""recovered"", ""turnover"": ""pass""}",DQC_0095 conflict resolved to the side within 100x of the verified reference
2017-09-30,BDR,0001000683,recovered,dqc_recovered:cover,EntityCommonStockSharesOutstanding,8121835,1,3.89e+06,0.00851,"{""basis"": ""pass"", ""discontinuity"": ""pass"", ""scale"": ""recovered"", ""turnover"": ""pass""}",DQC_0095 conflict resolved to the side within 100x of the verified reference
2017-10-31,BDR,0001000683,recovered,dqc_recovered:cover,EntityCommonStockSharesOutstanding,8121835,1,3.371e+06,0.0114,"{""basis"": ""pass"", ""discontinuity"": ""pass"", ""scale"": ""recovered"", ""turnover"": ""pass""}",DQC_0095 conflict resolved to the side within 100x of the verified reference
2017-11-30,BDR,0001000683,removed:shares_scale_conflict,cover,EntityCommonStockSharesOutstanding,8121835000,1,4.873e+09,2.14e-05,"{""basis"": ""pass"", ""discontinuity"": ""fail"", ""scale"": ""fail"", ""turnover"": ""pass""}","cover vs same-filing balance-sheet count differ >100x, no verified reference to choose"
2017-12-31,BDR,0001000683,removed:shares_scale_conflict,cover,EntityCommonStockSharesOutstanding,8121835000,1,4.923e+09,2.86e-05,"{""basis"": ""pass"", ""discontinuity"": ""fail"", ""scale"": ""fail"", ""turnover"": ""pass""}","cover vs same-filing balance-sheet count differ >100x, no verified reference to choose"
2018-01-31,BDR,0001000683,removed:shares_scale_conflict,cover,EntityCommonStockSharesOutstanding,8121835000,1,5.045e+09,2.83e-05,"{""basis"": ""pass"", ""discontinuity"": ""fail"", ""scale"": ""fail"", ""turnover"": ""pass""}","cover vs same-filing balance-sheet count differ >100x, no verified reference to choose"
2018-02-28,BDR,0001000683,removed:shares_scale_conflict,cover,EntityCommonStockSharesOutstanding,8121835000,1,5.198e+09,2.79e-05,"{""basis"": ""pass"", ""discontinuity"": ""fail"", ""scale"": ""fail"", ""turnover"": ""pass""}","cover vs same-filing balance-sheet count differ >100x, no verified reference to choose"
2018-03-31,BDR,0001000683,removed:shares_scale_conflict,cover,EntityCommonStockSharesOutstanding,8121835000,1,6.083e+09,2.67e-05,"{""basis"": ""pass"", ""discontinuity"": ""fail"", ""scale"": ""fail"", ""turnover"": ""pass""}","cover vs same-filing balance-sheet count differ >100x, no verified reference to choose"
2019-11-30,BDR,0001000683,recovered,dqc_recovered:cover,EntityCommonStockSharesOutstanding,9634163,1,5.991e+06,0.00179,"{""basis"": ""pass"", ""discontinuity"": ""pass"", ""scale"": ""recovered"", ""turnover"": ""pass""}",DQC_0095 conflict resolved to the side within 100x of the verified reference
2019-12-31,BDR,0001000683,recovered,dqc_recovered:cover,EntityCommonStockSharesOutstanding,9634163,1,7.322e+06,0.00127,"{""basis"": ""pass"", ""discontinuity"": ""pass"", ""scale"": ""recovered"", ""turnover"": ""pass""}",DQC_0095 conflict resolved to the side within 100x of the verified reference
2020-01-31,BDR,0001000683,recovered,dqc_recovered:cover,EntityCommonStockSharesOutstanding,9634163,1,7.082e+06,0.00131,"{""basis"": ""pass"", ""discontinuity"": ""pass"", ""scale"": ""recovered"", ""turnover"": ""pass""}",DQC_0095 conflict resolved to the side within 100x of the verified reference
2020-02-29,BDR,0001000683,recovered,dqc_recovered:cover,EntityCommonStockSharesOutstanding,9634163,1,7.226e+06,0.0012,"{""basis"": ""pass"", ""discontinuity"": ""pass"", ""scale"": ""recovered"", ""turnover"": ""pass""}",DQC_0095 conflict resolved to the side within 100x of the verified reference
2020-03-31,BDR,0001000683,recovered,dqc_recovered:cover,EntityCommonStockSharesOutstanding,9634163,1,6.08e+06,0.00146,"{""basis"": ""pass"", ""discontinuity"": ""pass"", ""scale"": ""recovered"", ""turnover"": ""pass""}",DQC_0095 conflict resolved to the side within 100x of the verified reference
2020-04-30,BDR,0001000683,recovered,dqc_recovered:cover,EntityCommonStockSharesOutstanding,9765870,1,4.883e+06,0.00203,"{""basis"": ""pass"", ""discontinuity"": ""pass"", ""scale"": ""recovered"", ""turnover"": ""pass""}",DQC_0095 conflict resolved to the side within 100x of the verified reference
2014-12-31,BERY,0001378992,removed:shares_scale_conflict,cover,EntityCommonStockSharesOutstanding,118.2,1,3729,7.58e+03,"{""basis"": ""pass"", ""discontinuity"": ""untested"", ""scale"": ""fail"", ""turnover"": ""fail""}","cover vs same-filing balance-sheet count differ >100x, no verified reference to choose"
2015-01-31,BERY,0001378992,removed:shares_scale_conflict,cover,EntityCommonStockSharesOutstanding,118.2,1,3998,8.62e+03,"{""basis"": ""pass"", ""discontinuity"": ""untested"", ""scale"": ""fail"", ""turnover"": ""fail""}","cover vs same-filing balance-sheet count differ >100x, no verified reference to choose"
2015-02-28,BERY,0001378992,removed:shares_turnover_implausible,cover,EntityCommonStockSharesOutstanding,118.9,1,4079,9.12e+03,"{""basis"": ""pass"", ""discontinuity"": ""untested"", ""scale"": ""untested"", ""turnover"": ""fail""}",dollar volume >10x ME (count too small: subsidiary/shell or mis-scaled)
2015-03-31,BERY,0001378992,removed:shares_turnover_implausible,cover,EntityCommonStockSharesOutstanding,118.9,1,4303,9.07e+03,"{""basis"": ""pass"", ""discontinuity"": ""untested"", ""scale"": ""untested"", ""turnover"": ""fail""}",dollar volume >10x ME (count too small: subsidiary/shell or mis-scaled)
2015-04-30,BERY,0001378992,removed:shares_turnover_implausible,cover,EntityCommonStockSharesOutstanding,118.9,1,4069,9.92e+03,"{""basis"": ""pass"", ""discontinuity"": ""untested"", ""scale"": ""untested"", ""turnover"": ""fail""}",dollar volume >10x ME (count too small: subsidiary/shell or mis-scaled)
2017-07-31,BHGE,0001701605,removed:shares_turnover_implausible,balance_sheet,CommonStockSharesOutstanding,100,1,3689,4.25e+04,"{""basis"": ""pass"", ""discontinuity"": ""untested"", ""scale"": ""untested"", ""turnover"": ""fail""}",dollar volume >10x ME (count too small: subsidiary/shell or mis-scaled)
2017-08-31,BHGE,0001701605,removed:shares_turnover_implausible,balance_sheet,CommonStockSharesOutstanding,100,1,3390,4.26e+04,"{""basis"": ""pass"", ""discontinuity"": ""untested"", ""scale"": ""untested"", ""turnover"": ""fail""}",dollar volume >10x ME (count too small: subsidiary/shell or mis-scaled)
2017-09-30,BHGE,0001701605,removed:shares_turnover_implausible,balance_sheet,CommonStockSharesOutstanding,100,1,3662,3.81e+04,"{""basis"": ""pass"", ""discontinuity"": ""untested"", ""scale"": ""untested"", ""turnover"": ""fail""}",dollar volume >10x ME (count too small: subsidiary/shell or mis-scaled)
2017-10-31,BHGE,0001701605,removed:shares_turnover_implausible,balance_sheet,CommonStockSharesOutstanding,100,1,3143,4.31e+04,"{""basis"": ""pass"", ""discontinuity"": ""untested"", ""scale"": ""untested"", ""turnover"": ""fail""}",dollar volume >10x ME (count too small: subsidiary/shell or mis-scaled)
2017-11-30,BHGE,0001701605,removed:shares_turnover_implausible,balance_sheet,CommonStockSharesOutstanding,100,1,2973,4.48e+04,"{""basis"": ""pass"", ""discontinuity"": ""untested"", ""scale"": ""untested"", ""turnover"": ""fail""}",dollar volume >10x ME (count too small: subsidiary/shell or mis-scaled)
2017-12-31,BHGE,0001701605,removed:shares_turnover_implausible,balance_sheet,CommonStockSharesOutstanding,100,1,3164,4.11e+04,"{""basis"": ""pass"", ""discontinuity"": ""untested"", ""scale"": ""untested"", ""turnover"": ""fail""}",dollar volume >10x ME (count too small: subsidiary/shell or mis-scaled)
2018-01-31,BHGE,0001701605,removed:shares_turnover_implausible,balance_sheet,CommonStockSharesOutstanding,100,1,3215,4.16e+04,"{""basis"": ""pass"", ""discontinuity"": ""untested"", ""scale"": ""untested"", ""turnover"": ""fail""}",dollar volume >10x ME (count too small: subsidiary/shell or mis-scaled)
2018-02-28,BHGE,0001701605,removed:shares_turnover_implausible,balance_sheet,CommonStockSharesOutstanding,100,1,2640,5.58e+04,"{""basis"": ""pass"", ""discontinuity"": ""untested"", ""scale"": ""untested"", ""turnover"": ""fail""}",dollar volume >10x ME (count too small: subsidiary/shell or mis-scaled)
2018-03-31,BHGE,0001701605,removed:shares_turnover_implausible,balance_sheet,CommonStockSharesOutstanding,100,1,2777,5.61e+04,"{""basis"": ""pass"", ""discontinuity"": ""untested"", ""scale"": ""untested"", ""turnover"": ""fail""}",dollar volume >10x ME (count too small: subsidiary/shell or mis-scaled)
2018-04-30,BHGE,0001701605,removed:shares_turnover_implausible,balance_sheet,CommonStockSharesOutstanding,100,1,3611,4.43e+04,"{""basis"": ""pass"", ""discontinuity"": ""untested"", ""scale"": ""untested"", ""turnover"": ""fail""}",dollar volume >10x ME (count too small: subsidiary/shell or mis-scaled)
2018-05-31,BHGE,0001701605,removed:shares_turnover_implausible,balance_sheet,CommonStockSharesOutstanding,100,1,3459,4.63e+04,"{""basis"": ""pass"", ""discontinuity"": ""untested"", ""scale"": ""untested"", ""turnover"": ""fail""}",dollar volume >10x ME (count too small: subsidiary/shell or mis-scaled)
2018-06-30,BHGE,0001701605,removed:shares_turnover_implausible,balance_sheet,CommonStockSharesOutstanding,100,1,3303,4.75e+04,"{""basis"": ""pass"", ""discontinuity"": ""untested"", ""scale"": ""untested"", ""turnover"": ""fail""}",dollar volume >10x ME (count too small: subsidiary/shell or mis-scaled)
2018-07-31,BHGE,0001701605,removed:shares_turnover_implausible,balance_sheet,CommonStockSharesOutstanding,100,1,3458,4.28e+04,"{""basis"": ""pass"", ""discontinuity"": ""untested"", ""scale"": ""untested"", ""turnover"": ""fail""}",dollar volume >10x ME (count too small: subsidiary/shell or mis-scaled)
2018-08-31,BHGE,0001701605,removed:shares_turnover_implausible,balance_sheet,CommonStockSharesOutstanding,100,1,3297,4.14e+04,"{""basis"": ""pass"", ""discontinuity"": ""untested"", ""scale"": ""untested"", ""turnover"": ""fail""}",dollar volume >10x ME (count too small: subsidiary/shell or mis-scaled)
2018-09-30,BHGE,0001701605,removed:shares_turnover_implausible,balance_sheet,CommonStockSharesOutstanding,100,1,3383,3.69e+04,"{""basis"": ""pass"", ""discontinuity"": ""untested"", ""scale"": ""untested"", ""turnover"": ""fail""}",dollar volume >10x ME (count too small: subsidiary/shell or mis-scaled)
2020-02-29,BILL,0001786352,removed:shares_scale_conflict,cover,EntityCommonStockSharesOutstanding,72333573,1,4.106e+09,,"{""basis"": ""pass"", ""discontinuity"": ""untested"", ""scale"": ""fail"", ""turnover"": ""untested""}","cover vs same-filing balance-sheet count differ >100x, no verified reference to choose"
2020-03-31,BILL,0001786352,removed:shares_scale_conflict,cover,EntityCommonStockSharesOutstanding,72333573,1,2.474e+09,0.0144,"{""basis"": ""pass"", ""discontinuity"": ""untested"", ""scale"": ""fail"", ""turnover"": ""pass""}","cover vs same-filing balance-sheet count differ >100x, no verified reference to choose"
2020-04-30,BILL,0001786352,removed:shares_scale_conflict,cover,EntityCommonStockSharesOutstanding,72333573,1,4.26e+09,0.00853,"{""basis"": ""pass"", ""discontinuity"": ""untested"", ""scale"": ""fail"", ""turnover"": ""pass""}","cover vs same-filing balance-sheet count differ >100x, no verified reference to choose"
2020-05-31,BILL,0001786352,removed:shares_scale_conflict,cover,EntityCommonStockSharesOutstanding,72578777,1,5.054e+09,0.01,"{""basis"": ""pass"", ""discontinuity"": ""untested"", ""scale"": ""fail"", ""turnover"": ""pass""}","cover vs same-filing balance-sheet count differ >100x, no verified reference to choose"
2020-06-30,BILL,0001786352,removed:shares_scale_conflict,cover,EntityCommonStockSharesOutstanding,72578777,1,6.547e+09,0.0109,"{""basis"": ""pass"", ""discontinuity"": ""untested"", ""scale"": ""fail"", ""turnover"": ""pass""}","cover vs same-filing balance-sheet count differ >100x, no verified reference to choose"
2020-07-31,BILL,0001786352,removed:shares_scale_conflict,cover,EntityCommonStockSharesOutstanding,72578777,1,6.758e+09,0.0121,"{""basis"": ""pass"", ""discontinuity"": ""untested"", ""scale"": ""fail"", ""turnover"": ""pass""}","cover vs same-filing balance-sheet count differ >100x, no verified reference to choose"
2019-05-31,BIOL,0000811240,recovered,dqc_recovered:cover,EntityCommonStockSharesOutstanding,21293736,1,3.513e+07,0.00234,"{""basis"": ""pass"", ""discontinuity"": ""pass"", ""scale"": ""recovered"", ""turnover"": ""pass""}",DQC_0095 conflict resolved to the side within 100x of the verified reference
2019-06-30,BIOL,0000811240,recovered,dqc_recovered:cover,EntityCommonStockSharesOutstanding,21293736,1,3.13e+07,0.00276,"{""basis"": ""pass"", ""discontinuity"": ""pass"", ""scale"": ""recovered"", ""turnover"": ""pass""}",DQC_0095 conflict resolved to the side within 100x of the verified reference
2019-07-31,BIOL,0000811240,recovered,dqc_recovered:cover,EntityCommonStockSharesOutstanding,21293736,1,3.301e+07,0.00268,"{""basis"": ""pass"", ""discontinuity"": ""pass"", ""scale"": ""recovered"", ""turnover"": ""pass""}",DQC_0095 conflict resolved to the side within 100x of the verified reference
2019-08-31,BIOL,0000811240,recovered,dqc_recovered:cover,EntityCommonStockSharesOutstanding,21866197,1,2.077e+07,0.00284,"{""basis"": ""pass"", ""discontinuity"": ""pass"", ""scale"": ""recovered"", ""turnover"": ""pass""}",DQC_0095 conflict resolved to the side within 100x of the verified reference
2019-09-30,BIOL,0000811240,recovered,dqc_recovered:cover,EntityCommonStockSharesOutstanding,21866197,1,2.055e+07,0.00239,"{""basis"": ""pass"", ""discontinuity"": ""pass"", ""scale"": ""recovered"", ""turnover"": ""pass""}",DQC_0095 conflict resolved to the side within 100x of the verified reference
2019-10-31,BIOL,0000811240,recovered,dqc_recovered:cover,EntityCommonStockSharesOutstanding,21866197,1,1.266e+07,0.00572,"{""basis"": ""pass"", ""discontinuity"": ""pass"", ""scale"": ""recovered"", ""turnover"": ""pass""}",DQC_0095 conflict resolved to the side within 100x of the verified reference
2019-11-30,BIOL,0000811240,recovered,dqc_recovered:cover,EntityCommonStockSharesOutstanding,30947423,1,1.811e+07,0.00424,"{""basis"": ""pass"", ""discontinuity"": ""pass"", ""scale"": ""recovered"", ""turnover"": ""pass""}",DQC_0095 conflict resolved to the side within 100x of the verified reference
2019-12-31,BIOL,0000811240,recovered,dqc_recovered:cover,EntityCommonStockSharesOutstanding,30947423,1,1.71e+07,0.00426,"{""basis"": ""pass"", ""discontinuity"": ""pass"", ""scale"": ""recovered"", ""turnover"": ""pass""}",DQC_0095 conflict resolved to the side within 100x of the verified reference
2020-01-31,BIOL,0000811240,recovered,dqc_recovered:cover,EntityCommonStockSharesOutstanding,30947423,1,1.857e+07,0.00475,"{""basis"": ""pass"", ""discontinuity"": ""pass"", ""scale"": ""recovered"", ""turnover"": ""pass""}",DQC_0095 conflict resolved to the side within 100x of the verified reference
2020-02-29,BIOL,0000811240,recovered,dqc_recovered:cover,EntityCommonStockSharesOutstanding,30947423,1,1.996e+07,0.00495,"{""basis"": ""pass"", ""discontinuity"": ""pass"", ""scale"": ""recovered"", ""turnover"": ""pass""}",DQC_0095 conflict resolved to the side within 100x of the verified reference
2018-05-31,BLIN,0001378590,recovered,dqc_recovered:cover,EntityCommonStockSharesOutstanding,4241225,1,5.853e+06,0.0329,"{""basis"": ""pass"", ""discontinuity"": ""pass"", ""scale"": ""recovered"", ""turnover"": ""pass""}",DQC_0095 conflict resolved to the side within 100x of the verified reference
2018-06-30,BLIN,0001378590,recovered,dqc_recovered:cover,EntityCommonStockSharesOutstanding,4241225,1,4.835e+06,0.0287,"{""basis"": ""pass"", ""discontinuity"": ""pass"", ""scale"": ""recovered"", ""turnover"": ""pass""}",DQC_0095 conflict resolved to the side within 100x of the verified reference
2018-07-31,BLIN,0001378590,recovered,dqc_recovered:cover,EntityCommonStockSharesOutstanding,4241225,1,5.514e+06,0.205,"{""basis"": ""pass"", ""discontinuity"": ""pass"", ""scale"": ""recovered"", ""turnover"": ""pass""}",DQC_0095 conflict resolved to the side within 100x of the verified reference
2018-08-31,BLIN,0001378590,recovered,dqc_recovered:cover,EntityCommonStockSharesOutstanding,4241225,1,4.92e+06,0.268,"{""basis"": ""pass"", ""discontinuity"": ""pass"", ""scale"": ""recovered"", ""turnover"": ""pass""}",DQC_0095 conflict resolved to the side within 100x of the verified reference
2018-09-30,BLIN,0001378590,recovered,dqc_recovered:cover,EntityCommonStockSharesOutstanding,4241225,1,4.156e+06,0.326,"{""basis"": ""pass"", ""discontinuity"": ""pass"", ""scale"": ""recovered"", ""turnover"": ""pass""}",DQC_0095 conflict resolved to the side within 100x of the verified reference
2018-10-31,BLIN,0001378590,recovered,dqc_recovered:cover,EntityCommonStockSharesOutstanding,4241225,1,1.675e+06,0.85,"{""basis"": ""pass"", ""discontinuity"": ""pass"", ""scale"": ""recovered"", ""turnover"": ""pass""}",DQC_0095 conflict resolved to the side within 100x of the verified reference
2018-11-30,BLIN,0001378590,recovered,dqc_recovered:cover,EntityCommonStockSharesOutstanding,4241225,1,1.484e+06,0.958,"{""basis"": ""pass"", ""discontinuity"": ""pass"", ""scale"": ""recovered"", ""turnover"": ""pass""}",DQC_0095 conflict resolved to the side within 100x of the verified reference
2019-05-31,BLIN,0001378590,removed:shares_scale_conflict,cover,EntityCommonStockSharesOutstanding,950642,1,3.147e+06,0.484,"{""basis"": ""pass"", ""discontinuity"": ""pass"", ""scale"": ""fail"", ""turnover"": ""pass""}","cover vs same-filing balance-sheet count differ >100x, no verified reference to choose"
2019-06-30,BLIN,0001378590,removed:shares_scale_conflict,cover,EntityCommonStockSharesOutstanding,950642,1,2.329e+06,0.859,"{""basis"": ""pass"", ""discontinuity"": ""pass"", ""scale"": ""fail"", ""turnover"": ""pass""}","cover vs same-filing balance-sheet count differ >100x, no verified reference to choose"
2019-07-31,BLIN,0001378590,removed:shares_scale_conflict,cover,EntityCommonStockSharesOutstanding,950642,1,1.778e+06,1.14,"{""basis"": ""pass"", ""discontinuity"": ""pass"", ""scale"": ""fail"", ""turnover"": ""pass""}","cover vs same-filing balance-sheet count differ >100x, no verified reference to choose"
2015-05-31,BOTA,0000072444,recovered,dqc_recovered:cover,EntityCommonStockSharesOutstanding,35124728,1,7.727e+07,0.00422,"{""basis"": ""pass"", ""discontinuity"": ""pass"", ""scale"": ""recovered"", ""turnover"": ""pass""}",DQC_0095 conflict resolved to the side within 100x of the verified reference
2015-06-30,BOTA,0000072444,recovered,dqc_recovered:cover,EntityCommonStockSharesOutstanding,35124728,1,7.271e+07,0.004,"{""basis"": ""pass"", ""discontinuity"": ""pass"", ""scale"": ""recovered"", ""turnover"": ""pass""}",DQC_0095 conflict resolved to the side within 100x of the verified reference
2015-07-31,BOTA,0000072444,recovered,dqc_recovered:cover,EntityCommonStockSharesOutstanding,35124728,1,8.289e+07,0.00264,"{""basis"": ""pass"", ""discontinuity"": ""pass"", ""scale"": ""recovered"", ""turnover"": ""pass""}",DQC_0095 conflict resolved to the side within 100x of the verified reference
2015-08-31,BOTA,0000072444,recovered,dqc_recovered:cover,EntityCommonStockSharesOutstanding,35124728,1,7.552e+07,0.00277,"{""basis"": ""pass"", ""discontinuity"": ""pass"", ""scale"": ""recovered"", ""turnover"": ""pass""}",DQC_0095 conflict resolved to the side within 100x of the verified reference
2018-02-28,BPI,0001305323,recovered,dqc_recovered:cover,EntityCommonStockSharesOutstanding,27157986,1,1.811e+08,0.0126,"{""basis"": ""pass"", ""discontinuity"": ""pass"", ""scale"": ""recovered"", ""turnover"": ""pass""}",DQC_0095 conflict resolved to the side within 100x of the verified reference
2018-03-31,BPI,0001305323,recovered,dqc_recovered:cover,EntityCommonStockSharesOutstanding,27157986,1,1.83e+08,0.0113,"{""basis"": ""pass"", ""discontinuity"": ""pass"", ""scale"": ""recovered"", ""turnover"": ""pass""}",DQC_0095 conflict resolved to the side within 100x of the verified reference
2018-04-30,BPI,0001305323,recovered,dqc_recovered:cover,EntityCommonStockSharesOutstanding,27157986,1,1.586e+08,0.012,"{""basis"": ""pass"", ""discontinuity"": ""pass"", ""scale"": ""recovered"", ""turnover"": ""pass""}",DQC_0095 conflict resolved to the side within 100x of the verified reference
2015-05-31,BREW,0000892222,recovered,dqc_recovered:balance_sheet,CommonStockSharesOutstanding,19115396,1,1.377e+06,0.526,"{""basis"": ""pass"", ""discontinuity"": ""pass"", ""scale"": ""recovered"", ""turnover"": ""pass""}",DQC_0095 conflict resolved to the side within 100x of the verified reference
2015-06-30,BREW,0000892222,recovered,dqc_recovered:balance_sheet,CommonStockSharesOutstanding,19115396,1,1.416e+06,0.492,"{""basis"": ""pass"", ""discontinuity"": ""pass"", ""scale"": ""recovered"", ""turnover"": ""pass""}",DQC_0095 conflict resolved to the side within 100x of the verified reference
2015-07-31,BREW,0000892222,recovered,dqc_recovered:balance_sheet,CommonStockSharesOutstanding,19115396,1,1.322e+06,0.474,"{""basis"": ""pass"", ""discontinuity"": ""pass"", ""scale"": ""recovered"", ""turnover"": ""pass""}",DQC_0095 conflict resolved to the side within 100x of the verified reference
2020-01-31,BRID,0000014177,recovered,dqc_recovered:cover,EntityCommonStockSharesOutstanding,9076832,1,1.73e+08,0.00154,"{""basis"": ""pass"", ""discontinuity"": ""pass"", ""scale"": ""recovered"", ""turnover"": ""pass""}",DQC_0095 conflict resolved to the side within 100x of the verified reference
2020-02-29,BRID,0000014177,recovered,dqc_recovered:cover,EntityCommonStockSharesOutstanding,9076832,1,1.587e+08,0.00168,"{""basis"": ""pass"", ""discontinuity"": ""pass"", ""scale"": ""recovered"", ""turnover"": ""pass""}",DQC_0095 conflict resolved to the side within 100x of the verified reference
2016-05-31,BRO,0000079282,recovered,dqc_recovered:cover,EntityCommonStockSharesOutstanding,140022014,1,5.049e+09,0.00464,"{""basis"": ""pass"", ""discontinuity"": ""pass"", ""scale"": ""recovered"", ""turnover"": ""pass""}",DQC_0095 conflict resolved to the side within 100x of the verified reference
2016-06-30,BRO,0000079282,recovered,dqc_recovered:cover,EntityCommonStockSharesOutstanding,140022014,1,5.247e+09,0.00459,"{""basis"": ""pass"", ""discontinuity"": ""pass"", ""scale"": ""recovered"", ""turnover"": ""pass""}",DQC_0095 conflict resolved to the side within 100x of the verified reference
2016-07-31,BRO,0000079282,recovered,dqc_recovered:cover,EntityCommonStockSharesOutstanding,140022014,1,5.133e+09,0.00498,"{""basis"": ""pass"", ""discontinuity"": ""pass"", ""scale"": ""recovered"", ""turnover"": ""pass""}",DQC_0095 conflict resolved to the side within 100x of the verified reference
2015-11-30,BTN,0000946454,recovered,dqc_recovered:cover,EntityCommonStockSharesOutstanding,14163246,1,6.402e+07,0.00143,"{""basis"": ""pass"", ""discontinuity"": ""pass"", ""scale"": ""recovered"", ""turnover"": ""pass""}",DQC_0095 conflict resolved to the side within 100x of the verified reference
2015-12-31,BTN,0000946454,recovered,dqc_recovered:cover,EntityCommonStockSharesOutstanding,14163246,1,6.529e+07,0.00134,"{""basis"": ""pass"", ""discontinuity"": ""pass"", ""scale"": ""recovered"", ""turnover"": ""pass""}",DQC_0095 conflict resolved to the side within 100x of the verified reference
2016-01-31,BTN,0000946454,recovered,dqc_recovered:cover,EntityCommonStockSharesOutstanding,14163246,1,6.288e+07,0.00134,"{""basis"": ""pass"", ""discontinuity"": ""pass"", ""scale"": ""recovered"", ""turnover"": ""pass""}",DQC_0095 conflict resolved to the side within 100x of the verified reference
2016-02-29,BTN,0000946454,recovered,dqc_recovered:cover,EntityCommonStockSharesOutstanding,14163246,1,5.779e+07,0.00102,"{""basis"": ""pass"", ""discontinuity"": ""pass"", ""scale"": ""recovered"", ""turnover"": ""pass""}",DQC_0095 conflict resolved to the side within 100x of the verified reference
2015-04-30,BWS,0000014707,removed:shares_scale_conflict,cover,EntityCommonStockSharesOutstanding,43722334,1,1.299e+09,0.0079,"{""basis"": ""pass"", ""discontinuity"": ""untested"", ""scale"": ""fail"", ""turnover"": ""pass""}","cover vs same-filing balance-sheet count differ >100x, no verified reference to choose"
2020-08-31,CCRN,0001141103,removed:shares_discontinuity,cover,EntityCommonStockSharesOutstanding,37565758000,1,2.4e+11,8.53e-06,"{""basis"": ""pass"", ""discontinuity"": ""fail"", ""scale"": ""untested"", ""turnover"": ""pass""}",>100x jump vs last verified count of the series
2020-09-30,CCRN,0001141103,removed:shares_discontinuity,cover,EntityCommonStockSharesOutstanding,37565758000,1,2.438e+11,7.22e-06,"{""basis"": ""pass"", ""discontinuity"": ""fail"", ""scale"": ""untested"", ""turnover"": ""pass""}",>100x jump vs last verified count of the series
2020-10-31,CCRN,0001141103,removed:shares_discontinuity,cover,EntityCommonStockSharesOutstanding,37565758000,1,2.949e+11,5.54e-06,"{""basis"": ""pass"", ""discontinuity"": ""fail"", ""scale"": ""untested"", ""turnover"": ""pass""}",>100x jump vs last verified count of the series
2020-11-30,CCRN,0001141103,removed:shares_discontinuity,cover,EntityCommonStockSharesOutstanding,37563384000,1,3.268e+11,5.22e-06,"{""basis"": ""pass"", ""discontinuity"": ""fail"", ""scale"": ""untested"", ""turnover"": ""pass""}",>100x jump vs last verified count of the series
2020-12-31,CCRN,0001141103,removed:shares_discontinuity,cover,EntityCommonStockSharesOutstanding,37563384000,1,3.332e+11,5.67e-06,"{""basis"": ""pass"", ""discontinuity"": ""fail"", ""scale"": ""untested"", ""turnover"": ""pass""}",>100x jump vs last verified count of the series
2021-01-31,CCRN,0001141103,removed:shares_discontinuity,cover,EntityCommonStockSharesOutstanding,37563384000,1,3.291e+11,6.09e-06,"{""basis"": ""pass"", ""discontinuity"": ""fail"", ""scale"": ""untested"", ""turnover"": ""pass""}",>100x jump vs last verified count of the series
2019-08-31,CEI,0001309082,removed:shares_scale_conflict,cover,EntityCommonStockSharesOutstanding,26128200,1,5.722e+06,1.01,"{""basis"": ""pass"", ""discontinuity"": ""pass"", ""scale"": ""fail"", ""turnover"": ""pass""}","cover vs same-filing balance-sheet count differ >100x, no verified reference to choose"
2019-09-30,CEI,0001309082,removed:shares_scale_conflict,cover,EntityCommonStockSharesOutstanding,26128200,1,4.267e+06,1.38,"{""basis"": ""pass"", ""discontinuity"": ""pass"", ""scale"": ""fail"", ""turnover"": ""pass""}","cover vs same-filing balance-sheet count differ >100x, no verified reference to choose"
2019-10-31,CEI,0001309082,removed:shares_scale_conflict,cover,EntityCommonStockSharesOutstanding,26128200,0.02,1.437e+06,4.11,"{""basis"": ""pass"", ""discontinuity"": ""pass"", ""scale"": ""fail"", ""turnover"": ""pass""}","cover vs same-filing balance-sheet count differ >100x, no verified reference to choose"
2019-11-30,CEI,0001309082,removed:shares_scale_conflict,cover,EntityCommonStockSharesOutstanding,3028899,1,2.593e+06,2.45,"{""basis"": ""pass"", ""discontinuity"": ""pass"", ""scale"": ""fail"", ""turnover"": ""pass""}","cover vs same-filing balance-sheet count differ >100x, no verified reference to choose"
2019-12-31,CEI,0001309082,removed:shares_scale_conflict,cover,EntityCommonStockSharesOutstanding,3028899,1,5.785e+06,1.29,"{""basis"": ""pass"", ""discontinuity"": ""pass"", ""scale"": ""fail"", ""turnover"": ""pass""}","cover vs same-filing balance-sheet count differ >100x, no verified reference to choose"
2020-01-31,CEI,0001309082,removed:shares_scale_conflict,cover,EntityCommonStockSharesOutstanding,3028899,1,4.786e+06,0.77,"{""basis"": ""pass"", ""discontinuity"": ""pass"", ""scale"": ""fail"", ""turnover"": ""pass""}","cover vs same-filing balance-sheet count differ >100x, no verified reference to choose"
2020-02-29,CEI,0001309082,removed:shares_discontinuity,cover,EntityCommonStockSharesOutstanding,5000000,1,5.1e+06,0.674,"{""basis"": ""pass"", ""discontinuity"": ""fail"", ""scale"": ""pass"", ""turnover"": ""pass""}",>100x jump vs last verified count of the series
2020-03-31,CEI,0001309082,removed:shares_discontinuity,cover,EntityCommonStockSharesOutstanding,5000000,1,5.65e+06,0.595,"{""basis"": ""pass"", ""discontinuity"": ""fail"", ""scale"": ""pass"", ""turnover"": ""pass""}",>100x jump vs last verified count of the series
2020-04-30,CEI,0001309082,removed:shares_discontinuity,cover,EntityCommonStockSharesOutstanding,5000000,1,8.7e+06,0.479,"{""basis"": ""pass"", ""discontinuity"": ""fail"", ""scale"": ""pass"", ""turnover"": ""pass""}",>100x jump vs last verified count of the series
2020-05-31,CEI,0001309082,removed:shares_discontinuity,cover,EntityCommonStockSharesOutstanding,5000000,1,6.4e+06,0.573,"{""basis"": ""pass"", ""discontinuity"": ""fail"", ""scale"": ""pass"", ""turnover"": ""pass""}",>100x jump vs last verified count of the series
2020-06-30,CEI,0001309082,removed:shares_discontinuity,cover,EntityCommonStockSharesOutstanding,12455929,1,1.482e+07,0.202,"{""basis"": ""pass"", ""discontinuity"": ""fail"", ""scale"": ""pass"", ""turnover"": ""pass""}",>100x jump vs last verified count of the series
2015-09-30,CHMA,0001339469,removed:shares_scale_conflict,cover,EntityCommonStockSharesOutstanding,23930199,1,4.757e+08,,"{""basis"": ""pass"", ""discontinuity"": ""untested"", ""scale"": ""fail"", ""turnover"": ""untested""}","cover vs same-filing balance-sheet count differ >100x, no verified reference to choose"
2015-10-31,CHMA,0001339469,removed:shares_scale_conflict,cover,EntityCommonStockSharesOutstanding,23930199,1,5.442e+08,0.0118,"{""basis"": ""pass"", ""discontinuity"": ""untested"", ""scale"": ""fail"", ""turnover"": ""pass""}","cover vs same-filing balance-sheet count differ >100x, no verified reference to choose"
2019-09-30,CHWY,0001766502,removed:shares_turnover_implausible,balance_sheet,CommonStockSharesOutstanding,100,1,2458,5.38e+04,"{""basis"": ""pass"", ""discontinuity"": ""untested"", ""scale"": ""untested"", ""turnover"": ""fail""}",dollar volume >10x ME (count too small: subsidiary/shell or mis-scaled)
2019-10-31,CHWY,0001766502,removed:shares_turnover_implausible,balance_sheet,CommonStockSharesOutstanding,100,1,2467,4.5e+04,"{""basis"": ""pass"", ""discontinuity"": ""untested"", ""scale"": ""untested"", ""turnover"": ""fail""}",dollar volume >10x ME (count too small: subsidiary/shell or mis-scaled)
2019-11-30,CHWY,0001766502,removed:shares_turnover_implausible,balance_sheet,CommonStockSharesOutstanding,100,1,2476,4.04e+04,"{""basis"": ""pass"", ""discontinuity"": ""untested"", ""scale"": ""untested"", ""turnover"": ""fail""}",dollar volume >10x ME (count too small: subsidiary/shell or mis-scaled)
2019-12-31,CHWY,0001766502,removed:shares_turnover_implausible,balance_sheet,CommonStockSharesOutstanding,100,1,2900,2.47e+04,"{""basis"": ""pass"", ""discontinuity"": ""untested"", ""scale"": ""untested"", ""turnover"": ""fail""}",dollar volume >10x ME (count too small: subsidiary/shell or mis-scaled)
2020-01-31,CHWY,0001766502,removed:shares_turnover_implausible,balance_sheet,CommonStockSharesOutstanding,100,1,2651,2.48e+04,"{""basis"": ""pass"", ""discontinuity"": ""untested"", ""scale"": ""untested"", ""turnover"": ""fail""}",dollar volume >10x ME (count too small: subsidiary/shell or mis-scaled)
2020-02-29,CHWY,0001766502,removed:shares_turnover_implausible,balance_sheet,CommonStockSharesOutstanding,100,1,2960,2.28e+04,"{""basis"": ""pass"", ""discontinuity"": ""untested"", ""scale"": ""untested"", ""turnover"": ""fail""}",dollar volume >10x ME (count too small: subsidiary/shell or mis-scaled)
2020-03-31,CHWY,0001766502,removed:shares_turnover_implausible,balance_sheet,CommonStockSharesOutstanding,100,1,3749,1.93e+04,"{""basis"": ""pass"", ""discontinuity"": ""untested"", ""scale"": ""untested"", ""turnover"": ""fail""}",dollar volume >10x ME (count too small: subsidiary/shell or mis-scaled)
2020-04-30,CHWY,0001766502,removed:shares_turnover_implausible,balance_sheet,CommonStockSharesOutstanding,100,1,4324,2.14e+04,"{""basis"": ""pass"", ""discontinuity"": ""untested"", ""scale"": ""untested"", ""turnover"": ""fail""}",dollar volume >10x ME (count too small: subsidiary/shell or mis-scaled)
2020-05-31,CHWY,0001766502,removed:shares_turnover_implausible,balance_sheet,CommonStockSharesOutstanding,100,1,4444,2.6e+04,"{""basis"": ""pass"", ""discontinuity"": ""untested"", ""scale"": ""untested"", ""turnover"": ""fail""}",dollar volume >10x ME (count too small: subsidiary/shell or mis-scaled)
2020-06-30,CHWY,0001766502,removed:shares_turnover_implausible,balance_sheet,CommonStockSharesOutstanding,100,1,4469,3.13e+04,"{""basis"": ""pass"", ""discontinuity"": ""untested"", ""scale"": ""untested"", ""turnover"": ""fail""}",dollar volume >10x ME (count too small: subsidiary/shell or mis-scaled)
2020-07-31,CHWY,0001766502,removed:shares_turnover_implausible,balance_sheet,CommonStockSharesOutstanding,100,1,5249,3.06e+04,"{""basis"": ""pass"", ""discontinuity"": ""untested"", ""scale"": ""untested"", ""turnover"": ""fail""}",dollar volume >10x ME (count too small: subsidiary/shell or mis-scaled)
2017-05-31,CIVI,0001608638,removed:shares_basis_ambiguous,cover,EntityCommonStockSharesOutstanding,37313187,0.00896153708284045,1.18e+07,0.466,"{""basis"": ""fail"", ""discontinuity"": ""pass"", ""scale"": ""pass"", ""turnover"": ""pass""}","split stamp beyond [1/100,100]"
2017-06-30,CIVI,0001608638,removed:shares_basis_ambiguous,cover,EntityCommonStockSharesOutstanding,37313187,0.00896153708284045,1.06e+07,0.554,"{""basis"": ""fail"", ""discontinuity"": ""pass"", ""scale"": ""pass"", ""turnover"": ""pass""}","split stamp beyond [1/100,100]"
2017-07-31,CIVI,0001608638,removed:shares_basis_ambiguous,cover,EntityCommonStockSharesOutstanding,37313187,0.00896153708284045,9.71e+06,0.521,"{""basis"": ""fail"", ""discontinuity"": ""pass"", ""scale"": ""pass"", ""turnover"": ""pass""}","split stamp beyond [1/100,100]"
2017-08-31,CIVI,0001608638,removed:shares_discontinuity,cover,EntityCommonStockSharesOutstanding,37362925,1,9.711e+08,0.00551,"{""basis"": ""pass"", ""discontinuity"": ""fail"", ""scale"": ""pass"", ""turnover"": ""pass""}",>100x jump vs last verified count of the series
2017-09-30,CIVI,0001608638,removed:shares_discontinuity,cover,EntityCommonStockSharesOutstanding,37362925,1,1.233e+09,0.00491,"{""basis"": ""pass"", ""discontinuity"": ""fail"", ""scale"": ""pass"", ""turnover"": ""pass""}",>100x jump vs last verified count of the series
2017-10-31,CIVI,0001608638,removed:shares_discontinuity,cover,EntityCommonStockSharesOutstanding,37362925,1,1.264e+09,0.00481,"{""basis"": ""pass"", ""discontinuity"": ""fail"", ""scale"": ""pass"", ""turnover"": ""pass""}",>100x jump vs last verified count of the series
2017-11-30,CIVI,0001608638,removed:shares_discontinuity,cover,EntityCommonStockSharesOutstanding,37362925,1,1.038e+09,0.00815,"{""basis"": ""pass"", ""discontinuity"": ""fail"", ""scale"": ""pass"", ""turnover"": ""pass""}",>100x jump vs last verified count of the series
2017-12-31,CIVI,0001608638,removed:shares_discontinuity,cover,EntityCommonStockSharesOutstanding,37442175,1,1.033e+09,0.00773,"{""basis"": ""pass"", ""discontinuity"": ""fail"", ""scale"": ""pass"", ""turnover"": ""pass""}",>100x jump vs last verified count of the series
2018-01-31,CIVI,0001608638,removed:shares_discontinuity,cover,EntityCommonStockSharesOutstanding,37442175,1,1.049e+09,0.00756,"{""basis"": ""pass"", ""discontinuity"": ""fail"", ""scale"": ""pass"", ""turnover"": ""pass""}",>100x jump vs last verified count of the series
2018-02-28,CIVI,0001608638,removed:shares_discontinuity,cover,EntityCommonStockSharesOutstanding,37546785,1,1.052e+09,0.00818,"{""basis"": ""pass"", ""discontinuity"": ""fail"", ""scale"": ""pass"", ""turnover"": ""pass""}",>100x jump vs last verified count of the series
2018-03-31,CIVI,0001608638,removed:shares_discontinuity,cover,EntityCommonStockSharesOutstanding,37546785,1,1.04e+09,0.00852,"{""basis"": ""pass"", ""discontinuity"": ""fail"", ""scale"": ""pass"", ""turnover"": ""pass""}",>100x jump vs last verified count of the series
2018-04-30,CIVI,0001608638,removed:shares_discontinuity,cover,EntityCommonStockSharesOutstanding,37546785,1,1.139e+09,0.00799,"{""basis"": ""pass"", ""discontinuity"": ""fail"", ""scale"": ""pass"", ""turnover"": ""pass""}",>100x jump vs last verified count of the series
2018-05-31,CIVI,0001608638,removed:shares_discontinuity,cover,EntityCommonStockSharesOutstanding,36673167,1,1.349e+09,0.00592,"{""basis"": ""pass"", ""discontinuity"": ""fail"", ""scale"": ""pass"", ""turnover"": ""pass""}",>100x jump vs last verified count of the series
2018-06-30,CIVI,0001608638,removed:shares_discontinuity,cover,EntityCommonStockSharesOutstanding,36673167,1,1.389e+09,0.00653,"{""basis"": ""pass"", ""discontinuity"": ""fail"", ""scale"": ""pass"", ""turnover"": ""pass""}",>100x jump vs last verified count of the series
2020-05-31,CLAR,0000913277,removed:shares_basis_ambiguous,cover,EntityCommonStockSharesOutstanding,29759620,1.00234,3.132e+08,0.00439,"{""basis"": ""fail"", ""discontinuity"": ""pass"", ""scale"": ""pass"", ""turnover"": ""pass""}",split stamp between cover date and filing
2020-06-30,CLAR,0000913277,removed:shares_basis_ambiguous,cover,EntityCommonStockSharesOutstanding,29759620,1.00234,3.454e+08,0.00415,"{""basis"": ""fail"", ""discontinuity"": ""pass"", ""scale"": ""pass"", ""turnover"": ""pass""}",split stamp between cover date and filing
2020-07-31,CLAR,0000913277,removed:shares_basis_ambiguous,cover,EntityCommonStockSharesOutstanding,29759620,1.00234,3.574e+08,0.00414,"{""basis"": ""fail"", ""discontinuity"": ""pass"", ""scale"": ""pass"", ""turnover"": ""pass""}",split stamp between cover date and filing
2018-07-31,CLBK,0001723596,removed:shares_turnover_implausible,cover,EntityCommonStockSharesOutstanding,10,1,167.9,6.38e+04,"{""basis"": ""pass"", ""discontinuity"": ""untested"", ""scale"": ""untested"", ""turnover"": ""fail""}",dollar volume >10x ME (count too small: subsidiary/shell or mis-scaled)
2018-08-31,CLBK,0001723596,removed:shares_scale_conflict,cover,EntityCommonStockSharesOutstanding,115889175,1,1.962e+09,0.00433,"{""basis"": ""pass"", ""discontinuity"": ""untested"", ""scale"": ""fail"", ""turnover"": ""pass""}","cover vs same-filing balance-sheet count differ >100x, no verified reference to choose"
2018-09-30,CLBK,0001723596,removed:shares_scale_conflict,cover,EntityCommonStockSharesOutstanding,115889175,1,1.935e+09,0.0038,"{""basis"": ""pass"", ""discontinuity"": ""untested"", ""scale"": ""fail"", ""turnover"": ""pass""}","cover vs same-filing balance-sheet count differ >100x, no verified reference to choose"
2018-10-31,CLBK,0001723596,removed:shares_scale_conflict,cover,EntityCommonStockSharesOutstanding,115889175,1,1.748e+09,0.00311,"{""basis"": ""pass"", ""discontinuity"": ""untested"", ""scale"": ""fail"", ""turnover"": ""pass""}","cover vs same-filing balance-sheet count differ >100x, no verified reference to choose"
2015-06-30,CLCD,0001348649,removed:shares_scale_conflict,cover,EntityCommonStockSharesOutstanding,15153135,1,1.349e+08,,"{""basis"": ""pass"", ""discontinuity"": ""untested"", ""scale"": ""fail"", ""turnover"": ""untested""}","cover vs same-filing balance-sheet count differ >100x, no verified reference to choose"
2015-07-31,CLCD,0001348649,removed:shares_scale_conflict,cover,EntityCommonStockSharesOutstanding,15153135,1,1.235e+08,,"{""basis"": ""pass"", ""discontinuity"": ""untested"", ""scale"": ""fail"", ""turnover"": ""untested""}","cover vs same-filing balance-sheet count differ >100x, no verified reference to choose"
2015-08-31,CLCT,0001089143,recovered,dqc_recovered:cover,EntityCommonStockSharesOutstanding,8881874,1,1.658e+08,0.00316,"{""basis"": ""pass"", ""discontinuity"": ""pass"", ""scale"": ""recovered"", ""turnover"": ""pass""}",DQC_0095 conflict resolved to the side within 100x of the verified reference
2015-09-30,CLCT,0001089143,recovered,dqc_recovered:cover,EntityCommonStockSharesOutstanding,8881874,1,1.339e+08,0.00362,"{""basis"": ""pass"", ""discontinuity"": ""pass"", ""scale"": ""recovered"", ""turnover"": ""pass""}",DQC_0095 conflict resolved to the side within 100x of the verified reference
2015-10-31,CLCT,0001089143,recovered,dqc_recovered:cover,EntityCommonStockSharesOutstanding,8881874,1,1.536e+08,0.00326,"{""basis"": ""pass"", ""discontinuity"": ""pass"", ""scale"": ""recovered"", ""turnover"": ""pass""}",DQC_0095 conflict resolved to the side within 100x of the verified reference
2017-11-30,CLCT,0001089143,recovered,dqc_recovered:cover,EntityCommonStockSharesOutstanding,8920998,1,2.577e+08,0.00279,"{""basis"": ""pass"", ""discontinuity"": ""pass"", ""scale"": ""recovered"", ""turnover"": ""pass""}",DQC_0095 conflict resolved to the side within 100x of the verified reference
2017-12-31,CLCT,0001089143,recovered,dqc_recovered:cover,EntityCommonStockSharesOutstanding,8920998,1,2.555e+08,0.0027,"{""basis"": ""pass"", ""discontinuity"": ""pass"", ""scale"": ""recovered"", ""turnover"": ""pass""}",DQC_0095 conflict resolved to the side within 100x of the verified reference
2018-01-31,CLCT,0001089143,recovered,dqc_recovered:cover,EntityCommonStockSharesOutstanding,8920998,1,2.473e+08,0.00269,"{""basis"": ""pass"", ""discontinuity"": ""pass"", ""scale"": ""recovered"", ""turnover"": ""pass""}",DQC_0095 conflict resolved to the side within 100x of the verified reference
2018-02-28,CLCT,0001089143,recovered,dqc_recovered:cover,EntityCommonStockSharesOutstanding,9016243,1,1.404e+08,0.00701,"{""basis"": ""pass"", ""discontinuity"": ""pass"", ""scale"": ""recovered"", ""turnover"": ""pass""}",DQC_0095 conflict resolved to the side within 100x of the verified reference
2018-03-31,CLCT,0001089143,recovered,dqc_recovered:cover,EntityCommonStockSharesOutstanding,9016243,1,1.416e+08,0.00769,"{""basis"": ""pass"", ""discontinuity"": ""pass"", ""scale"": ""recovered"", ""turnover"": ""pass""}",DQC_0095 conflict resolved to the side within 100x of the verified reference
2018-04-30,CLCT,0001089143,recovered,dqc_recovered:cover,EntityCommonStockSharesOutstanding,9016243,1,1.413e+08,0.00794,"{""basis"": ""pass"", ""discontinuity"": ""pass"", ""scale"": ""recovered"", ""turnover"": ""pass""}",DQC_0095 conflict resolved to the side within 100x of the verified reference
2018-05-31,CLCT,0001089143,recovered,dqc_recovered:cover,EntityCommonStockSharesOutstanding,9016243,1,1.343e+08,0.00856,"{""basis"": ""pass"", ""discontinuity"": ""pass"", ""scale"": ""recovered"", ""turnover"": ""pass""}",DQC_0095 conflict resolved to the side within 100x of the verified reference
2018-06-30,CLCT,0001089143,recovered,dqc_recovered:cover,EntityCommonStockSharesOutstanding,9016243,1,1.329e+08,0.0094,"{""basis"": ""pass"", ""discontinuity"": ""pass"", ""scale"": ""recovered"", ""turnover"": ""pass""}",DQC_0095 conflict resolved to the side within 100x of the verified reference
2018-07-31,CLCT,0001089143,recovered,dqc_recovered:cover,EntityCommonStockSharesOutstanding,9016243,1,1.217e+08,0.0105,"{""basis"": ""pass"", ""discontinuity"": ""pass"", ""scale"": ""recovered"", ""turnover"": ""pass""}",DQC_0095 conflict resolved to the side within 100x of the verified reference
2018-08-31,CLCT,0001089143,recovered,dqc_recovered:cover,EntityCommonStockSharesOutstanding,9015183,1,1.346e+08,0.00675,"{""basis"": ""pass"", ""discontinuity"": ""pass"", ""scale"": ""recovered"", ""turnover"": ""pass""}",DQC_0095 conflict resolved to the side within 100x of the verified reference
2018-09-30,CLCT,0001089143,recovered,dqc_recovered:cover,EntityCommonStockSharesOutstanding,9015183,1,1.334e+08,0.00588,"{""basis"": ""pass"", ""discontinuity"": ""pass"", ""scale"": ""recovered"", ""turnover"": ""pass""}",DQC_0095 conflict resolved to the side within 100x of the verified reference
2018-10-31,CLCT,0001089143,recovered,dqc_recovered:cover,EntityCommonStockSharesOutstanding,9015183,1,1.298e+08,0.00537,"{""basis"": ""pass"", ""discontinuity"": ""pass"", ""scale"": ""recovered"", ""turnover"": ""pass""}",DQC_0095 conflict resolved to the side within 100x of the verified reference
2019-05-31,CLCT,0001089143,recovered,dqc_recovered:cover,EntityCommonStockSharesOutstanding,9148286,1,1.925e+08,0.00388,"{""basis"": ""pass"", ""discontinuity"": ""pass"", ""scale"": ""recovered"", ""turnover"": ""pass""}",DQC_0095 conflict resolved to the side within 100x of the verified reference
2019-06-30,CLCT,0001089143,recovered,dqc_recovered:cover,EntityCommonStockSharesOutstanding,9148286,1,1.952e+08,0.00534,"{""basis"": ""pass"", ""discontinuity"": ""pass"", ""scale"": ""recovered"", ""turnover"": ""pass""}",DQC_0095 conflict resolved to the side within 100x of the verified reference
2019-07-31,CLCT,0001089143,recovered,dqc_recovered:cover,EntityCommonStockSharesOutstanding,9148286,1,2.169e+08,0.0063,"{""basis"": ""pass"", ""discontinuity"": ""pass"", ""scale"": ""recovered"", ""turnover"": ""pass""}",DQC_0095 conflict resolved to the side within 100x of the verified reference
2019-06-30,CLDR,0001535379,recovered,dqc_recovered:cover,EntityCommonStockSharesOutstanding,274207493,1,1.442e+09,0.0368,"{""basis"": ""pass"", ""discontinuity"": ""pass"", ""scale"": ""recovered"", ""turnover"": ""pass""}",DQC_0095 conflict resolved to the side within 100x of the verified reference
2019-07-31,CLDR,0001535379,recovered,dqc_recovered:cover,EntityCommonStockSharesOutstanding,274207493,1,1.64e+09,0.0318,"{""basis"": ""pass"", ""discontinuity"": ""pass"", ""scale"": ""recovered"", ""turnover"": ""pass""}",DQC_0095 conflict resolved to the side within 100x of the verified reference
2019-08-31,CLDR,0001535379,recovered,dqc_recovered:cover,EntityCommonStockSharesOutstanding,274207493,1,1.958e+09,0.0292,"{""basis"": ""pass"", ""discontinuity"": ""pass"", ""scale"": ""recovered"", ""turnover"": ""pass""}",DQC_0095 conflict resolved to the side within 100x of the verified reference
2019-09-30,CLDR,0001535379,recovered,dqc_recovered:cover,EntityCommonStockSharesOutstanding,279648245,1,2.478e+09,0.024,"{""basis"": ""pass"", ""discontinuity"": ""pass"", ""scale"": ""recovered"", ""turnover"": ""pass""}",DQC_0095 conflict resolved to the side within 100x of the verified reference
2019-10-31,CLDR,0001535379,recovered,dqc_recovered:cover,EntityCommonStockSharesOutstanding,279648245,1,2.371e+09,0.0245,"{""basis"": ""pass"", ""discontinuity"": ""pass"", ""scale"": ""recovered"", ""turnover"": ""pass""}",DQC_0095 conflict resolved to the side within 100x of the verified reference
2019-11-30,CLDR,0001535379,recovered,dqc_recovered:cover,EntityCommonStockSharesOutstanding,279648245,1,2.763e+09,0.0207,"{""basis"": ""pass"", ""discontinuity"": ""pass"", ""scale"": ""recovered"", ""turnover"": ""pass""}",DQC_0095 conflict resolved to the side within 100x of the verified reference
2019-12-31,CLDR,0001535379,recovered,dqc_recovered:cover,EntityCommonStockSharesOutstanding,287151499,1,3.34e+09,0.0168,"{""basis"": ""pass"", ""discontinuity"": ""pass"", ""scale"": ""recovered"", ""turnover"": ""pass""}",DQC_0095 conflict resolved to the side within 100x of the verified reference
2020-01-31,CLDR,0001535379,recovered,dqc_recovered:cover,EntityCommonStockSharesOutstanding,287151499,1,2.955e+09,0.0193,"{""basis"": ""pass"", ""discontinuity"": ""pass"", ""scale"": ""recovered"", ""turnover"": ""pass""}",DQC_0095 conflict resolved to the side within 100x of the verified reference
2020-02-29,CLDR,0001535379,recovered,dqc_recovered:cover,EntityCommonStockSharesOutstanding,287151499,1,2.556e+09,0.0206,"{""basis"": ""pass"", ""discontinuity"": ""pass"", ""scale"": ""recovered"", ""turnover"": ""pass""}",DQC_0095 conflict resolved to the side within 100x of the verified reference
2014-09-30,CNA,0000021175,removed:shares_scale_conflict,cover,EntityCommonStockSharesOutstanding,269946268,1,1.027e+10,0.000538,"{""basis"": ""pass"", ""discontinuity"": ""untested"", ""scale"": ""fail"", ""turnover"": ""pass""}","cover vs same-filing balance-sheet count differ >100x, no verified reference to choose"
2014-10-31,CNA,0000021175,removed:shares_scale_conflict,cover,EntityCommonStockSharesOutstanding,269946268,1,1.055e+10,0.00043,"{""basis"": ""pass"", ""discontinuity"": ""untested"", ""scale"": ""fail"", ""turnover"": ""pass""}","cover vs same-filing balance-sheet count differ >100x, no verified reference to choose"
2018-08-31,CNNE,0001704720,removed:shares_scale_conflict,cover,EntityCommonStockSharesOutstanding,71857589,1,1.397e+09,0.00663,"{""basis"": ""pass"", ""discontinuity"": ""untested"", ""scale"": ""fail"", ""turnover"": ""pass""}","cover vs same-filing balance-sheet count differ >100x, no verified reference to choose"
2018-09-30,CNNE,0001704720,removed:shares_scale_conflict,cover,EntityCommonStockSharesOutstanding,71857589,1,1.505e+09,0.00596,"{""basis"": ""pass"", ""discontinuity"": ""untested"", ""scale"": ""fail"", ""turnover"": ""pass""}","cover vs same-filing balance-sheet count differ >100x, no verified reference to choose"
2018-10-31,CNNE,0001704720,removed:shares_scale_conflict,cover,EntityCommonStockSharesOutstanding,71857589,1,1.327e+09,0.00551,"{""basis"": ""pass"", ""discontinuity"": ""untested"", ""scale"": ""fail"", ""turnover"": ""pass""}","cover vs same-filing balance-sheet count differ >100x, no verified reference to choose"
2018-11-30,CNNE,0001704720,removed:shares_scale_conflict,cover,EntityCommonStockSharesOutstanding,71861598,1,1.253e+09,0.00574,"{""basis"": ""pass"", ""discontinuity"": ""untested"", ""scale"": ""fail"", ""turnover"": ""pass""}","cover vs same-filing balance-sheet count differ >100x, no verified reference to choose"
2018-12-31,CNNE,0001704720,removed:shares_scale_conflict,cover,EntityCommonStockSharesOutstanding,71861598,1,1.23e+09,0.00517,"{""basis"": ""pass"", ""discontinuity"": ""untested"", ""scale"": ""fail"", ""turnover"": ""pass""}","cover vs same-filing balance-sheet count differ >100x, no verified reference to choose"
2019-01-31,CNNE,0001704720,removed:shares_scale_conflict,cover,EntityCommonStockSharesOutstanding,71861598,1,1.39e+09,0.0045,"{""basis"": ""pass"", ""discontinuity"": ""untested"", ""scale"": ""fail"", ""turnover"": ""pass""}","cover vs same-filing balance-sheet count differ >100x, no verified reference to choose"
2019-02-28,CNNE,0001704720,removed:shares_scale_conflict,cover,EntityCommonStockSharesOutstanding,71861598,1,1.647e+09,0.00366,"{""basis"": ""pass"", ""discontinuity"": ""untested"", ""scale"": ""fail"", ""turnover"": ""pass""}","cover vs same-filing balance-sheet count differ >100x, no verified reference to choose"
2020-11-30,COGT,0001622229,removed:shares_basis_ambiguous,cover,EntityCommonStockSharesOutstanding,11342400,0.25,2.782e+07,0.154,"{""basis"": ""fail"", ""discontinuity"": ""pass"", ""scale"": ""pass"", ""turnover"": ""pass""}",split stamp between cover date and filing
2020-12-31,COGT,0001622229,removed:shares_basis_ambiguous,cover,EntityCommonStockSharesOutstanding,11342400,0.25,3.184e+07,0.181,"{""basis"": ""fail"", ""discontinuity"": ""pass"", ""scale"": ""pass"", ""turnover"": ""pass""}",split stamp between cover date and filing
2021-01-31,COGT,0001622229,removed:shares_basis_ambiguous,cover,EntityCommonStockSharesOutstanding,11342400,0.25,2.487e+07,0.135,"{""basis"": ""fail"", ""discontinuity"": ""pass"", ""scale"": ""pass"", ""turnover"": ""pass""}",split stamp between cover date and filing
2021-02-28,COGT,0001622229,removed:shares_basis_ambiguous,cover,EntityCommonStockSharesOutstanding,11342400,0.25,2.223e+07,0.164,"{""basis"": ""fail"", ""discontinuity"": ""pass"", ""scale"": ""pass"", ""turnover"": ""pass""}",split stamp between cover date and filing
2020-02-29,COLM,0001050797,recovered,dqc_recovered:cover,EntityCommonStockSharesOutstanding,67403493,1,5.48e+09,0.00743,"{""basis"": ""pass"", ""discontinuity"": ""pass"", ""scale"": ""recovered"", ""turnover"": ""pass""}",DQC_0095 conflict resolved to the side within 100x of the verified reference
2020-03-31,COLM,0001050797,recovered,dqc_recovered:cover,EntityCommonStockSharesOutstanding,67403493,1,4.703e+09,0.00912,"{""basis"": ""pass"", ""discontinuity"": ""pass"", ""scale"": ""recovered"", ""turnover"": ""pass""}",DQC_0095 conflict resolved to the side within 100x of the verified reference
2020-04-30,COLM,0001050797,recovered,dqc_recovered:cover,EntityCommonStockSharesOutstanding,67403493,1,4.913e+09,0.00876,"{""basis"": ""pass"", ""discontinuity"": ""pass"", ""scale"": ""recovered"", ""turnover"": ""pass""}",DQC_0095 conflict resolved to the side within 100x of the verified reference
2014-09-30,CR,0000025445,removed:shares_scale_conflict,cover,EntityCommonStockSharesOutstanding,58984005,1,3.728e+09,0.0056,"{""basis"": ""pass"", ""discontinuity"": ""untested"", ""scale"": ""fail"", ""turnover"": ""pass""}","cover vs same-filing balance-sheet count differ >100x, no verified reference to choose"
2014-10-31,CR,0000025445,removed:shares_scale_conflict,cover,EntityCommonStockSharesOutstanding,58984005,1,3.678e+09,0.0061,"{""basis"": ""pass"", ""discontinuity"": ""untested"", ""scale"": ""fail"", ""turnover"": ""pass""}","cover vs same-filing balance-sheet count differ >100x, no verified reference to choose"
2014-11-30,CR,0000025445,removed:shares_scale_conflict,cover,EntityCommonStockSharesOutstanding,58915804,1,3.478e+09,0.00648,"{""basis"": ""pass"", ""discontinuity"": ""untested"", ""scale"": ""fail"", ""turnover"": ""pass""}","cover vs same-filing balance-sheet count differ >100x, no verified reference to choose"
2014-12-31,CR,0000025445,removed:shares_scale_conflict,cover,EntityCommonStockSharesOutstanding,58915804,1,3.458e+09,0.00607,"{""basis"": ""pass"", ""discontinuity"": ""untested"", ""scale"": ""fail"", ""turnover"": ""pass""}","cover vs same-filing balance-sheet count differ >100x, no verified reference to choose"
2015-01-31,CR,0000025445,removed:shares_scale_conflict,cover,EntityCommonStockSharesOutstanding,58915804,1,3.591e+09,0.00623,"{""basis"": ""pass"", ""discontinuity"": ""untested"", ""scale"": ""fail"", ""turnover"": ""pass""}","cover vs same-filing balance-sheet count differ >100x, no verified reference to choose"
2015-05-31,CR,0000025445,recovered,dqc_recovered:cover,EntityCommonStockSharesOutstanding,57998140,1,3.511e+09,0.00879,"{""basis"": ""pass"", ""discontinuity"": ""pass"", ""scale"": ""recovered"", ""turnover"": ""pass""}",DQC_0095 conflict resolved to the side within 100x of the verified reference
2015-06-30,CR,0000025445,recovered,dqc_recovered:cover,EntityCommonStockSharesOutstanding,57998140,1,3.406e+09,0.0088,"{""basis"": ""pass"", ""discontinuity"": ""pass"", ""scale"": ""recovered"", ""turnover"": ""pass""}",DQC_0095 conflict resolved to the side within 100x of the verified reference
2015-07-31,CR,0000025445,recovered,dqc_recovered:cover,EntityCommonStockSharesOutstanding,57998140,1,3.086e+09,0.00933,"{""basis"": ""pass"", ""discontinuity"": ""pass"", ""scale"": ""recovered"", ""turnover"": ""pass""}",DQC_0095 conflict resolved to the side within 100x of the verified reference
2018-11-30,CREX,0001356093,removed:shares_scale_conflict,cover,EntityCommonStockSharesOutstanding,2962361,1,9.717e+06,,"{""basis"": ""pass"", ""discontinuity"": ""untested"", ""scale"": ""fail"", ""turnover"": ""untested""}","cover vs same-filing balance-sheet count differ >100x, no verified reference to choose"
2018-12-31,CREX,0001356093,removed:shares_scale_conflict,cover,EntityCommonStockSharesOutstanding,2962361,1,6.754e+06,,"{""basis"": ""pass"", ""discontinuity"": ""untested"", ""scale"": ""fail"", ""turnover"": ""untested""}","cover vs same-filing balance-sheet count differ >100x, no verified reference to choose"
2019-01-31,CREX,0001356093,removed:shares_scale_conflict,cover,EntityCommonStockSharesOutstanding,2962361,1,7.258e+06,,"{""basis"": ""pass"", ""discontinuity"": ""untested"", ""scale"": ""fail"", ""turnover"": ""untested""}","cover vs same-filing balance-sheet count differ >100x, no verified reference to choose"
2019-02-28,CREX,0001356093,removed:shares_scale_conflict,cover,EntityCommonStockSharesOutstanding,2962361,1,7.169e+06,0.00943,"{""basis"": ""pass"", ""discontinuity"": ""untested"", ""scale"": ""fail"", ""turnover"": ""pass""}","cover vs same-filing balance-sheet count differ >100x, no verified reference to choose"
2019-03-31,CREX,0001356093,removed:shares_scale_conflict,cover,EntityCommonStockSharesOutstanding,9724826,1,2.635e+07,0.00393,"{""basis"": ""pass"", ""discontinuity"": ""untested"", ""scale"": ""fail"", ""turnover"": ""pass""}","cover vs same-filing balance-sheet count differ >100x, no verified reference to choose"
2019-04-30,CREX,0001356093,removed:shares_scale_conflict,cover,EntityCommonStockSharesOutstanding,9724826,1,2.149e+07,0.00461,"{""basis"": ""pass"", ""discontinuity"": ""untested"", ""scale"": ""fail"", ""turnover"": ""pass""}","cover vs same-filing balance-sheet count differ >100x, no verified reference to choose"
2019-05-31,CREX,0001356093,removed:shares_scale_conflict,cover,EntityCommonStockSharesOutstanding,9724826,1,2.042e+07,0.00754,"{""basis"": ""pass"", ""discontinuity"": ""untested"", ""scale"": ""fail"", ""turnover"": ""pass""}","cover vs same-filing balance-sheet count differ >100x, no verified reference to choose"
2019-06-30,CREX,0001356093,removed:shares_scale_conflict,cover,EntityCommonStockSharesOutstanding,9724826,1,2.237e+07,0.00672,"{""basis"": ""pass"", ""discontinuity"": ""untested"", ""scale"": ""fail"", ""turnover"": ""pass""}","cover vs same-filing balance-sheet count differ >100x, no verified reference to choose"
2019-07-31,CREX,0001356093,removed:shares_scale_conflict,cover,EntityCommonStockSharesOutstanding,9724826,1,2.237e+07,0.00672,"{""basis"": ""pass"", ""discontinuity"": ""untested"", ""scale"": ""fail"", ""turnover"": ""pass""}","cover vs same-filing balance-sheet count differ >100x, no verified reference to choose"
2019-08-31,CREX,0001356093,removed:shares_scale_conflict,cover,EntityCommonStockSharesOutstanding,9742786,1,1.832e+07,0.00793,"{""basis"": ""pass"", ""discontinuity"": ""untested"", ""scale"": ""fail"", ""turnover"": ""pass""}","cover vs same-filing balance-sheet count differ >100x, no verified reference to choose"
2019-09-30,CREX,0001356093,removed:shares_scale_conflict,cover,EntityCommonStockSharesOutstanding,9742786,1,1.676e+07,0.00635,"{""basis"": ""pass"", ""discontinuity"": ""untested"", ""scale"": ""fail"", ""turnover"": ""pass""}","cover vs same-filing balance-sheet count differ >100x, no verified reference to choose"
2019-10-31,CREX,0001356093,removed:shares_scale_conflict,cover,EntityCommonStockSharesOutstanding,9742786,1,1.97e+07,0.00494,"{""basis"": ""pass"", ""discontinuity"": ""untested"", ""scale"": ""fail"", ""turnover"": ""pass""}","cover vs same-filing balance-sheet count differ >100x, no verified reference to choose"
2019-11-30,CREX,0001356093,removed:shares_scale_conflict,cover,EntityCommonStockSharesOutstanding,9774546,1,1.417e+07,0.00132,"{""basis"": ""pass"", ""discontinuity"": ""untested"", ""scale"": ""fail"", ""turnover"": ""pass""}","cover vs same-filing balance-sheet count differ >100x, no verified reference to choose"
2019-12-31,CREX,0001356093,removed:shares_scale_conflict,cover,EntityCommonStockSharesOutstanding,9774546,1,1.496e+07,0.00121,"{""basis"": ""pass"", ""discontinuity"": ""untested"", ""scale"": ""fail"", ""turnover"": ""pass""}","cover vs same-filing balance-sheet count differ >100x, no verified reference to choose"
2020-01-31,CREX,0001356093,removed:shares_scale_conflict,cover,EntityCommonStockSharesOutstanding,9774546,1,1.516e+07,0.0009,"{""basis"": ""pass"", ""discontinuity"": ""untested"", ""scale"": ""fail"", ""turnover"": ""pass""}","cover vs same-filing balance-sheet count differ >100x, no verified reference to choose"
2020-02-29,CREX,0001356093,removed:shares_scale_conflict,cover,EntityCommonStockSharesOutstanding,9774546,1,1.427e+07,0.000778,"{""basis"": ""pass"", ""discontinuity"": ""untested"", ""scale"": ""fail"", ""turnover"": ""pass""}","cover vs same-filing balance-sheet count differ >100x, no verified reference to choose"
2020-03-31,CREX,0001356093,removed:shares_scale_conflict,cover,EntityCommonStockSharesOutstanding,9794971,1,7.678e+06,0.00134,"{""basis"": ""pass"", ""discontinuity"": ""untested"", ""scale"": ""fail"", ""turnover"": ""pass""}","cover vs same-filing balance-sheet count differ >100x, no verified reference to choose"
2020-04-30,CREX,0001356093,removed:shares_scale_conflict,cover,EntityCommonStockSharesOutstanding,9794971,1,3.035e+07,0.0818,"{""basis"": ""pass"", ""discontinuity"": ""untested"", ""scale"": ""fail"", ""turnover"": ""pass""}","cover vs same-filing balance-sheet count differ >100x, no verified reference to choose"
2020-05-31,CREX,0001356093,removed:shares_scale_conflict,cover,EntityCommonStockSharesOutstanding,9827023,1,2.476e+07,0.179,"{""basis"": ""pass"", ""discontinuity"": ""untested"", ""scale"": ""fail"", ""turnover"": ""pass""}","cover vs same-filing balance-sheet count differ >100x, no verified reference to choose"
2020-06-30,CREX,0001356093,removed:shares_scale_conflict,cover,EntityCommonStockSharesOutstanding,9827023,1,2.447e+07,0.211,"{""basis"": ""pass"", ""discontinuity"": ""untested"", ""scale"": ""fail"", ""turnover"": ""pass""}","cover vs same-filing balance-sheet count differ >100x, no verified reference to choose"
2020-07-31,CREX,0001356093,removed:shares_scale_conflict,cover,EntityCommonStockSharesOutstanding,9827023,1,2.201e+07,0.243,"{""basis"": ""pass"", ""discontinuity"": ""untested"", ""scale"": ""fail"", ""turnover"": ""pass""}","cover vs same-filing balance-sheet count differ >100x, no verified reference to choose"
2020-03-31,CRNX,0001658247,recovered,dqc_recovered:cover,EntityCommonStockSharesOutstanding,24566896,1,3.611e+08,0.00327,"{""basis"": ""pass"", ""discontinuity"": ""pass"", ""scale"": ""recovered"", ""turnover"": ""pass""}",DQC_0095 conflict resolved to the side within 100x of the verified reference
2020-04-30,CRNX,0001658247,recovered,dqc_recovered:cover,EntityCommonStockSharesOutstanding,24566896,1,4.098e+08,0.00404,"{""basis"": ""pass"", ""discontinuity"": ""pass"", ""scale"": ""recovered"", ""turnover"": ""pass""}",DQC_0095 conflict resolved to the side within 100x of the verified reference
2020-07-31,CSBR,0000771856,recovered,dqc_recovered:balance_sheet,CommonStockSharesOutstanding,12726728,1,1.112e+14,3.17e-09,"{""basis"": ""pass"", ""discontinuity"": ""pass"", ""scale"": ""recovered"", ""turnover"": ""pass""}",DQC_0095 conflict resolved to the side within 100x of the verified reference
2020-08-31,CSBR,0000771856,recovered,dqc_recovered:balance_sheet,CommonStockSharesOutstanding,12726728,1,1.054e+14,3.27e-09,"{""basis"": ""pass"", ""discontinuity"": ""pass"", ""scale"": ""recovered"", ""turnover"": ""pass""}",DQC_0095 conflict resolved to the side within 100x of the verified reference
2020-07-31,CWT,0001035201,recovered,dqc_recovered:cover,EntityCommonStockSharesOutstanding,49398000,1,2.315e+09,0.00673,"{""basis"": ""pass"", ""discontinuity"": ""pass"", ""scale"": ""recovered"", ""turnover"": ""pass""}",DQC_0095 conflict resolved to the side within 100x of the verified reference
2020-08-31,CWT,0001035201,recovered,dqc_recovered:cover,EntityCommonStockSharesOutstanding,49398000,1,2.24e+09,0.00665,"{""basis"": ""pass"", ""discontinuity"": ""pass"", ""scale"": ""recovered"", ""turnover"": ""pass""}",DQC_0095 conflict resolved to the side within 100x of the verified reference
2020-09-30,CWT,0001035201,recovered,dqc_recovered:cover,EntityCommonStockSharesOutstanding,49398000,1,2.146e+09,0.00593,"{""basis"": ""pass"", ""discontinuity"": ""pass"", ""scale"": ""recovered"", ""turnover"": ""pass""}",DQC_0095 conflict resolved to the side within 100x of the verified reference
2020-10-31,CWT,0001035201,recovered,dqc_recovered:cover,EntityCommonStockSharesOutstanding,49398000,1,2.202e+09,0.00535,"{""basis"": ""pass"", ""discontinuity"": ""pass"", ""scale"": ""recovered"", ""turnover"": ""pass""}",DQC_0095 conflict resolved to the side within 100x of the verified reference
2018-11-30,CYAN,0000768408,recovered,dqc_recovered:cover,EntityCommonStockSharesOutstanding,5836110,1,2.13e+07,0.00059,"{""basis"": ""pass"", ""discontinuity"": ""pass"", ""scale"": ""recovered"", ""turnover"": ""pass""}",DQC_0095 conflict resolved to the side within 100x of the verified reference
2018-12-31,CYAN,0000768408,recovered,dqc_recovered:cover,EntityCommonStockSharesOutstanding,5836110,1,1.763e+07,0.000698,"{""basis"": ""pass"", ""discontinuity"": ""pass"", ""scale"": ""recovered"", ""turnover"": ""pass""}",DQC_0095 conflict resolved to the side within 100x of the verified reference
2019-01-31,CYAN,0000768408,recovered,dqc_recovered:cover,EntityCommonStockSharesOutstanding,5836110,1,1.875e+07,0.000581,"{""basis"": ""pass"", ""discontinuity"": ""pass"", ""scale"": ""recovered"", ""turnover"": ""pass""}",DQC_0095 conflict resolved to the side within 100x of the verified reference
2019-02-28,CYAN,0000768408,recovered,dqc_recovered:cover,EntityCommonStockSharesOutstanding,5836110,1,2.345e+07,0.000532,"{""basis"": ""pass"", ""discontinuity"": ""pass"", ""scale"": ""recovered"", ""turnover"": ""pass""}",DQC_0095 conflict resolved to the side within 100x of the verified reference
2019-03-31,CYAN,0000768408,recovered,dqc_recovered:cover,EntityCommonStockSharesOutstanding,5836110,1,1.891e+07,0.000708,"{""basis"": ""pass"", ""discontinuity"": ""pass"", ""scale"": ""recovered"", ""turnover"": ""pass""}",DQC_0095 conflict resolved to the side within 100x of the verified reference
2019-04-30,CYAN,0000768408,recovered,dqc_recovered:cover,EntityCommonStockSharesOutstanding,5836110,1,1.896e+07,0.000676,"{""basis"": ""pass"", ""discontinuity"": ""pass"", ""scale"": ""recovered"", ""turnover"": ""pass""}",DQC_0095 conflict resolved to the side within 100x of the verified reference
2019-05-31,CYAN,0000768408,recovered,dqc_recovered:cover,EntityCommonStockSharesOutstanding,5836110,1,1.78e+07,0.000726,"{""basis"": ""pass"", ""discontinuity"": ""pass"", ""scale"": ""recovered"", ""turnover"": ""pass""}",DQC_0095 conflict resolved to the side within 100x of the verified reference
2019-06-30,CYAN,0000768408,recovered,dqc_recovered:cover,EntityCommonStockSharesOutstanding,5836110,1,1.809e+07,0.00067,"{""basis"": ""pass"", ""discontinuity"": ""pass"", ""scale"": ""recovered"", ""turnover"": ""pass""}",DQC_0095 conflict resolved to the side within 100x of the verified reference
2017-11-30,DCTH,0000872912,removed:shares_scale_conflict,cover,EntityCommonStockSharesOutstanding,2591509,1,2.589e+05,32.2,"{""basis"": ""pass"", ""discontinuity"": ""pass"", ""scale"": ""fail"", ""turnover"": ""fail""}","cover vs same-filing balance-sheet count differ >100x, no verified reference to choose"
2017-12-31,DCTH,0000872912,removed:shares_scale_conflict,cover,EntityCommonStockSharesOutstanding,2591509,1,2.589e+05,14.8,"{""basis"": ""pass"", ""discontinuity"": ""pass"", ""scale"": ""fail"", ""turnover"": ""fail""}","cover vs same-filing balance-sheet count differ >100x, no verified reference to choose"
2018-01-31,DCTH,0000872912,removed:shares_scale_conflict,cover,EntityCommonStockSharesOutstanding,2591509,1,2.589e+05,8.67,"{""basis"": ""pass"", ""discontinuity"": ""pass"", ""scale"": ""fail"", ""turnover"": ""pass""}","cover vs same-filing balance-sheet count differ >100x, no verified reference to choose"
2018-02-28,DCTH,0000872912,removed:shares_scale_conflict,cover,EntityCommonStockSharesOutstanding,2591509,1,2.589e+05,2.81,"{""basis"": ""pass"", ""discontinuity"": ""pass"", ""scale"": ""fail"", ""turnover"": ""pass""}","cover vs same-filing balance-sheet count differ >100x, no verified reference to choose"
2018-03-31,DCTH,0000872912,removed:shares_discontinuity,cover,EntityCommonStockSharesOutstanding,434997075,1,4.346e+07,,"{""basis"": ""pass"", ""discontinuity"": ""fail"", ""scale"": ""pass"", ""turnover"": ""pass""}",>100x jump vs last verified count of the series
2018-04-30,DCTH,0000872912,removed:shares_discontinuity,cover,EntityCommonStockSharesOutstanding,434997075,1,4.346e+07,,"{""basis"": ""pass"", ""discontinuity"": ""fail"", ""scale"": ""pass"", ""turnover"": ""pass""}",>100x jump vs last verified count of the series
2018-05-31,DCTH,0000872912,removed:shares_scale_conflict,cover,EntityCommonStockSharesOutstanding,896994,1,8.961e+04,,"{""basis"": ""pass"", ""discontinuity"": ""fail"", ""scale"": ""fail"", ""turnover"": ""pass""}","cover vs same-filing balance-sheet count differ >100x, no verified reference to choose"
2018-06-30,DCTH,0000872912,removed:shares_scale_conflict,cover,EntityCommonStockSharesOutstanding,896994,1,8.961e+04,,"{""basis"": ""pass"", ""discontinuity"": ""fail"", ""scale"": ""fail"", ""turnover"": ""pass""}","cover vs same-filing balance-sheet count differ >100x, no verified reference to choose"
2018-07-31,DCTH,0000872912,removed:shares_scale_conflict,cover,EntityCommonStockSharesOutstanding,896994,1,8.961e+04,,"{""basis"": ""pass"", ""discontinuity"": ""fail"", ""scale"": ""fail"", ""turnover"": ""pass""}","cover vs same-filing balance-sheet count differ >100x, no verified reference to choose"
2018-08-31,DCTH,0000872912,removed:shares_discontinuity,cover,EntityCommonStockSharesOutstanding,932158,1,9.312e+04,,"{""basis"": ""pass"", ""discontinuity"": ""fail"", ""scale"": ""pass"", ""turnover"": ""pass""}",>100x jump vs last verified count of the series
2018-09-30,DCTH,0000872912,removed:shares_discontinuity,cover,EntityCommonStockSharesOutstanding,932158,1,9.312e+04,,"{""basis"": ""pass"", ""discontinuity"": ""fail"", ""scale"": ""pass"", ""turnover"": ""pass""}",>100x jump vs last verified count of the series
2018-10-31,DCTH,0000872912,removed:shares_discontinuity,cover,EntityCommonStockSharesOutstanding,932158,1,9.312e+04,,"{""basis"": ""pass"", ""discontinuity"": ""fail"", ""scale"": ""pass"", ""turnover"": ""pass""}",>100x jump vs last verified count of the series
2018-11-30,DCTH,0000872912,removed:shares_discontinuity,cover,EntityCommonStockSharesOutstanding,9007952,1,8.999e+05,,"{""basis"": ""pass"", ""discontinuity"": ""fail"", ""scale"": ""pass"", ""turnover"": ""pass""}",>100x jump vs last verified count of the series
2018-12-31,DCTH,0000872912,removed:shares_discontinuity,cover,EntityCommonStockSharesOutstanding,9007952,1,8.999e+05,,"{""basis"": ""pass"", ""discontinuity"": ""fail"", ""scale"": ""pass"", ""turnover"": ""pass""}",>100x jump vs last verified count of the series
2019-01-31,DCTH,0000872912,removed:shares_discontinuity,cover,EntityCommonStockSharesOutstanding,9007952,1,8.999e+05,,"{""basis"": ""pass"", ""discontinuity"": ""fail"", ""scale"": ""pass"", ""turnover"": ""pass""}",>100x jump vs last verified count of the series
2019-12-31,DCTH,0000872912,removed:shares_basis_ambiguous,cover,EntityCommonStockSharesOutstanding,21977808,0.00142857142857143,3137,,"{""basis"": ""fail"", ""discontinuity"": ""pass"", ""scale"": ""pass"", ""turnover"": ""pass""}","split stamp beyond [1/100,100]"
2020-01-31,DCTH,0000872912,removed:shares_basis_ambiguous,cover,EntityCommonStockSharesOutstanding,21977808,0.00142857142857143,3137,,"{""basis"": ""fail"", ""discontinuity"": ""pass"", ""scale"": ""pass"", ""turnover"": ""pass""}","split stamp beyond [1/100,100]"
2020-02-29,DCTH,0000872912,removed:shares_basis_ambiguous,cover,EntityCommonStockSharesOutstanding,21977808,0.00142857142857143,3137,,"{""basis"": ""fail"", ""discontinuity"": ""pass"", ""scale"": ""pass"", ""turnover"": ""pass""}","split stamp beyond [1/100,100]"
2018-05-31,DD,0000030554,removed:shares_turnover_implausible,cover,EntityCommonStockSharesOutstanding,100,1,6411,9.19e+04,"{""basis"": ""pass"", ""discontinuity"": ""untested"", ""scale"": ""untested"", ""turnover"": ""fail""}",dollar volume >10x ME (count too small: subsidiary/shell or mis-scaled)
2018-06-30,DD,0000030554,removed:shares_turnover_implausible,cover,EntityCommonStockSharesOutstanding,100,1,6592,9.19e+04,"{""basis"": ""pass"", ""discontinuity"": ""untested"", ""scale"": ""untested"", ""turnover"": ""fail""}",dollar volume >10x ME (count too small: subsidiary/shell or mis-scaled)
2018-07-31,DD,0000030554,removed:shares_turnover_implausible,cover,EntityCommonStockSharesOutstanding,100,1,6877,8.52e+04,"{""basis"": ""pass"", ""discontinuity"": ""untested"", ""scale"": ""untested"", ""turnover"": ""fail""}",dollar volume >10x ME (count too small: subsidiary/shell or mis-scaled)
2018-08-31,DD,0000030554,removed:shares_turnover_implausible,cover,EntityCommonStockSharesOutstanding,100,1,7013,7.81e+04,"{""basis"": ""pass"", ""discontinuity"": ""untested"", ""scale"": ""untested"", ""turnover"": ""fail""}",dollar volume >10x ME (count too small: subsidiary/shell or mis-scaled)
2018-09-30,DD,0000030554,removed:shares_turnover_implausible,cover,EntityCommonStockSharesOutstanding,100,1,6431,8.39e+04,"{""basis"": ""pass"", ""discontinuity"": ""untested"", ""scale"": ""untested"", ""turnover"": ""fail""}",dollar volume >10x ME (count too small: subsidiary/shell or mis-scaled)
2018-10-31,DD,0000030554,removed:shares_turnover_implausible,cover,EntityCommonStockSharesOutstanding,100,1,5392,1.05e+05,"{""basis"": ""pass"", ""discontinuity"": ""untested"", ""scale"": ""untested"", ""turnover"": ""fail""}",dollar volume >10x ME (count too small: subsidiary/shell or mis-scaled)
2018-11-30,DD,0000030554,removed:shares_turnover_implausible,cover,EntityCommonStockSharesOutstanding,100,1,5785,1.02e+05,"{""basis"": ""pass"", ""discontinuity"": ""untested"", ""scale"": ""untested"", ""turnover"": ""fail""}",dollar volume >10x ME (count too small: subsidiary/shell or mis-scaled)
2018-12-31,DD,0000030554,removed:shares_turnover_implausible,cover,EntityCommonStockSharesOutstanding,100,1,5348,1.14e+05,"{""basis"": ""pass"", ""discontinuity"": ""untested"", ""scale"": ""untested"", ""turnover"": ""fail""}",dollar volume >10x ME (count too small: subsidiary/shell or mis-scaled)
2019-01-31,DD,0000030554,removed:shares_turnover_implausible,cover,EntityCommonStockSharesOutstanding,100,1,5381,1.21e+05,"{""basis"": ""pass"", ""discontinuity"": ""untested"", ""scale"": ""untested"", ""turnover"": ""fail""}",dollar volume >10x ME (count too small: subsidiary/shell or mis-scaled)
2019-02-28,DD,0000030554,removed:shares_turnover_implausible,cover,EntityCommonStockSharesOutstanding,100,1,5323,1.26e+05,"{""basis"": ""pass"", ""discontinuity"": ""untested"", ""scale"": ""untested"", ""turnover"": ""fail""}",dollar volume >10x ME (count too small: subsidiary/shell or mis-scaled)
2019-03-31,DD,0000030554,removed:shares_turnover_implausible,cover,EntityCommonStockSharesOutstanding,100,1,5331,1.29e+05,"{""basis"": ""pass"", ""discontinuity"": ""untested"", ""scale"": ""untested"", ""turnover"": ""fail""}",dollar volume >10x ME (count too small: subsidiary/shell or mis-scaled)
2019-04-30,DD,0000030554,removed:shares_turnover_implausible,cover,EntityCommonStockSharesOutstanding,100,1,3845,1.71e+05,"{""basis"": ""pass"", ""discontinuity"": ""untested"", ""scale"": ""untested"", ""turnover"": ""fail""}",dollar volume >10x ME (count too small: subsidiary/shell or mis-scaled)
2019-05-31,DD,0000030554,removed:shares_turnover_implausible,cover,EntityCommonStockSharesOutstanding,100,1,3052,2.08e+05,"{""basis"": ""pass"", ""discontinuity"": ""untested"", ""scale"": ""untested"", ""turnover"": ""fail""}",dollar volume >10x ME (count too small: subsidiary/shell or mis-scaled)
2016-05-31,DLHC,0000785557,recovered,dqc_recovered:cover,EntityCommonStockSharesOutstanding,9716929,1,4.081e+07,0.000932,"{""basis"": ""pass"", ""discontinuity"": ""pass"", ""scale"": ""recovered"", ""turnover"": ""pass""}",DQC_0095 conflict resolved to the side within 100x of the verified reference
2016-06-30,DLHC,0000785557,recovered,dqc_recovered:cover,EntityCommonStockSharesOutstanding,9716929,1,4.907e+07,0.000766,"{""basis"": ""pass"", ""discontinuity"": ""pass"", ""scale"": ""recovered"", ""turnover"": ""pass""}",DQC_0095 conflict resolved to the side within 100x of the verified reference
2016-07-31,DLHC,0000785557,recovered,dqc_recovered:cover,EntityCommonStockSharesOutstanding,9716929,1,4.878e+07,0.000843,"{""basis"": ""pass"", ""discontinuity"": ""pass"", ""scale"": ""recovered"", ""turnover"": ""pass""}",DQC_0095 conflict resolved to the side within 100x of the verified reference
2016-08-31,DLHC,0000785557,recovered,dqc_recovered:cover,EntityCommonStockSharesOutstanding,10406547,1,4.912e+07,0.00107,"{""basis"": ""pass"", ""discontinuity"": ""pass"", ""scale"": ""recovered"", ""turnover"": ""pass""}",DQC_0095 conflict resolved to the side within 100x of the verified reference
2016-09-30,DLHC,0000785557,recovered,dqc_recovered:cover,EntityCommonStockSharesOutstanding,10406547,1,4.881e+07,0.00113,"{""basis"": ""pass"", ""discontinuity"": ""pass"", ""scale"": ""recovered"", ""turnover"": ""pass""}",DQC_0095 conflict resolved to the side within 100x of the verified reference
2016-10-31,DLHC,0000785557,recovered,dqc_recovered:cover,EntityCommonStockSharesOutstanding,10406547,1,5.328e+07,0.00103,"{""basis"": ""pass"", ""discontinuity"": ""pass"", ""scale"": ""recovered"", ""turnover"": ""pass""}",DQC_0095 conflict resolved to the side within 100x of the verified reference
2016-11-30,DLHC,0000785557,recovered,dqc_recovered:cover,EntityCommonStockSharesOutstanding,10406547,1,6.494e+07,0.000931,"{""basis"": ""pass"", ""discontinuity"": ""pass"", ""scale"": ""recovered"", ""turnover"": ""pass""}",DQC_0095 conflict resolved to the side within 100x of the verified reference
2017-02-28,DLHC,0000785557,recovered,dqc_recovered:cover,EntityCommonStockSharesOutstanding,11241614,1,6.239e+07,0.000998,"{""basis"": ""pass"", ""discontinuity"": ""pass"", ""scale"": ""recovered"", ""turnover"": ""pass""}",DQC_0095 conflict resolved to the side within 100x of the verified reference
2017-03-31,DLHC,0000785557,recovered,dqc_recovered:cover,EntityCommonStockSharesOutstanding,11241614,1,6.071e+07,0.00118,"{""basis"": ""pass"", ""discontinuity"": ""pass"", ""scale"": ""recovered"", ""turnover"": ""pass""}",DQC_0095 conflict resolved to the side within 100x of the verified reference
2017-04-30,DLHC,0000785557,recovered,dqc_recovered:cover,EntityCommonStockSharesOutstanding,11241614,1,5.621e+07,0.00147,"{""basis"": ""pass"", ""discontinuity"": ""pass"", ""scale"": ""recovered"", ""turnover"": ""pass""}",DQC_0095 conflict resolved to the side within 100x of the verified reference
2017-05-31,DLHC,0000785557,recovered,dqc_recovered:cover,EntityCommonStockSharesOutstanding,11251614,1,5.93e+07,0.00131,"{""basis"": ""pass"", ""discontinuity"": ""pass"", ""scale"": ""recovered"", ""turnover"": ""pass""}",DQC_0095 conflict resolved to the side within 100x of the verified reference
2017-06-30,DLHC,0000785557,recovered,dqc_recovered:cover,EntityCommonStockSharesOutstanding,11251614,1,6.065e+07,0.00129,"{""basis"": ""pass"", ""discontinuity"": ""pass"", ""scale"": ""recovered"", ""turnover"": ""pass""}",DQC_0095 conflict resolved to the side within 100x of the verified reference
2017-07-31,DLHC,0000785557,recovered,dqc_recovered:cover,EntityCommonStockSharesOutstanding,11251614,1,6.391e+07,0.00128,"{""basis"": ""pass"", ""discontinuity"": ""pass"", ""scale"": ""recovered"", ""turnover"": ""pass""}",DQC_0095 conflict resolved to the side within 100x of the verified reference
2017-08-31,DLHC,0000785557,recovered,dqc_recovered:cover,EntityCommonStockSharesOutstanding,11599776,1,6.879e+07,0.00144,"{""basis"": ""pass"", ""discontinuity"": ""pass"", ""scale"": ""recovered"", ""turnover"": ""pass""}",DQC_0095 conflict resolved to the side within 100x of the verified reference
2017-09-30,DLHC,0000785557,recovered,dqc_recovered:cover,EntityCommonStockSharesOutstanding,11599776,1,7.517e+07,0.00131,"{""basis"": ""pass"", ""discontinuity"": ""pass"", ""scale"": ""recovered"", ""turnover"": ""pass""}",DQC_0095 conflict resolved to the side within 100x of the verified reference
2017-10-31,DLHC,0000785557,recovered,dqc_recovered:cover,EntityCommonStockSharesOutstanding,11599776,1,7.107e+07,0.00132,"{""basis"": ""pass"", ""discontinuity"": ""pass"", ""scale"": ""recovered"", ""turnover"": ""pass""}",DQC_0095 conflict resolved to the side within 100x of the verified reference
2017-11-30,DLHC,0000785557,recovered,dqc_recovered:cover,EntityCommonStockSharesOutstanding,11599776,1,7.285e+07,0.00133,"{""basis"": ""pass"", ""discontinuity"": ""pass"", ""scale"": ""recovered"", ""turnover"": ""pass""}",DQC_0095 conflict resolved to the side within 100x of the verified reference
2018-02-28,DLHC,0000785557,recovered,dqc_recovered:cover,EntityCommonStockSharesOutstanding,11882494,1,6.951e+07,0.00131,"{""basis"": ""pass"", ""discontinuity"": ""pass"", ""scale"": ""recovered"", ""turnover"": ""pass""}",DQC_0095 conflict resolved to the side within 100x of the verified reference
2018-03-31,DLHC,0000785557,recovered,dqc_recovered:cover,EntityCommonStockSharesOutstanding,11882494,1,6.939e+07,0.00102,"{""basis"": ""pass"", ""discontinuity"": ""pass"", ""scale"": ""recovered"", ""turnover"": ""pass""}",DQC_0095 conflict resolved to the side within 100x of the verified reference
2018-04-30,DLHC,0000785557,recovered,dqc_recovered:cover,EntityCommonStockSharesOutstanding,11882494,1,6.927e+07,0.000914,"{""basis"": ""pass"", ""discontinuity"": ""pass"", ""scale"": ""recovered"", ""turnover"": ""pass""}",DQC_0095 conflict resolved to the side within 100x of the verified reference
2018-05-31,DLHC,0000785557,recovered,dqc_recovered:cover,EntityCommonStockSharesOutstanding,11899494,1,6.545e+07,0.000896,"{""basis"": ""pass"", ""discontinuity"": ""pass"", ""scale"": ""recovered"", ""turnover"": ""pass""}",DQC_0095 conflict resolved to the side within 100x of the verified reference
2018-06-30,DLHC,0000785557,recovered,dqc_recovered:cover,EntityCommonStockSharesOutstanding,11899494,1,6.521e+07,0.000873,"{""basis"": ""pass"", ""discontinuity"": ""pass"", ""scale"": ""recovered"", ""turnover"": ""pass""}",DQC_0095 conflict resolved to the side within 100x of the verified reference
2018-07-31,DLHC,0000785557,recovered,dqc_recovered:cover,EntityCommonStockSharesOutstanding,11899494,1,6.485e+07,0.000826,"{""basis"": ""pass"", ""discontinuity"": ""pass"", ""scale"": ""recovered"", ""turnover"": ""pass""}",DQC_0095 conflict resolved to the side within 100x of the verified reference
2018-08-31,DLHC,0000785557,recovered,dqc_recovered:cover,EntityCommonStockSharesOutstanding,11899494,1,6.473e+07,0.000689,"{""basis"": ""pass"", ""discontinuity"": ""pass"", ""scale"": ""recovered"", ""turnover"": ""pass""}",DQC_0095 conflict resolved to the side within 100x of the verified reference
2018-09-30,DLHC,0000785557,recovered,dqc_recovered:cover,EntityCommonStockSharesOutstanding,11899494,1,6.854e+07,0.000762,"{""basis"": ""pass"", ""discontinuity"": ""pass"", ""scale"": ""recovered"", ""turnover"": ""pass""}",DQC_0095 conflict resolved to the side within 100x of the verified reference
2018-10-31,DLHC,0000785557,recovered,dqc_recovered:cover,EntityCommonStockSharesOutstanding,11899494,1,6.45e+07,0.000928,"{""basis"": ""pass"", ""discontinuity"": ""pass"", ""scale"": ""recovered"", ""turnover"": ""pass""}",DQC_0095 conflict resolved to the side within 100x of the verified reference
2018-11-30,DLHC,0000785557,recovered,dqc_recovered:cover,EntityCommonStockSharesOutstanding,11899494,1,6.212e+07,0.000966,"{""basis"": ""pass"", ""discontinuity"": ""pass"", ""scale"": ""recovered"", ""turnover"": ""pass""}",DQC_0095 conflict resolved to the side within 100x of the verified reference
2019-02-28,DLHC,0000785557,recovered,dqc_recovered:cover,EntityCommonStockSharesOutstanding,12036161,1,7.824e+07,0.00116,"{""basis"": ""pass"", ""discontinuity"": ""pass"", ""scale"": ""recovered"", ""turnover"": ""pass""}",DQC_0095 conflict resolved to the side within 100x of the verified reference
2019-03-31,DLHC,0000785557,recovered,dqc_recovered:cover,EntityCommonStockSharesOutstanding,12036161,1,7.703e+07,0.00192,"{""basis"": ""pass"", ""discontinuity"": ""pass"", ""scale"": ""recovered"", ""turnover"": ""pass""}",DQC_0095 conflict resolved to the side within 100x of the verified reference
2019-04-30,DLHC,0000785557,recovered,dqc_recovered:cover,EntityCommonStockSharesOutstanding,12036161,1,7.523e+07,0.00231,"{""basis"": ""pass"", ""discontinuity"": ""pass"", ""scale"": ""recovered"", ""turnover"": ""pass""}",DQC_0095 conflict resolved to the side within 100x of the verified reference
2019-05-31,DLHC,0000785557,recovered,dqc_recovered:cover,EntityCommonStockSharesOutstanding,12036161,1,5.717e+07,0.00345,"{""basis"": ""pass"", ""discontinuity"": ""pass"", ""scale"": ""recovered"", ""turnover"": ""pass""}",DQC_0095 conflict resolved to the side within 100x of the verified reference
2019-06-30,DLHC,0000785557,recovered,dqc_recovered:cover,EntityCommonStockSharesOutstanding,12036161,1,6.114e+07,0.00357,"{""basis"": ""pass"", ""discontinuity"": ""pass"", ""scale"": ""recovered"", ""turnover"": ""pass""}",DQC_0095 conflict resolved to the side within 100x of the verified reference
2019-07-31,DLHC,0000785557,recovered,dqc_recovered:cover,EntityCommonStockSharesOutstanding,12036161,1,5.777e+07,0.00369,"{""basis"": ""pass"", ""discontinuity"": ""pass"", ""scale"": ""recovered"", ""turnover"": ""pass""}",DQC_0095 conflict resolved to the side within 100x of the verified reference
2019-08-31,DLHC,0000785557,recovered,dqc_recovered:cover,EntityCommonStockSharesOutstanding,12036161,1,4.971e+07,0.00382,"{""basis"": ""pass"", ""discontinuity"": ""pass"", ""scale"": ""recovered"", ""turnover"": ""pass""}",DQC_0095 conflict resolved to the side within 100x of the verified reference
2019-09-30,DLHC,0000785557,recovered,dqc_recovered:cover,EntityCommonStockSharesOutstanding,12036161,1,5.368e+07,0.00232,"{""basis"": ""pass"", ""discontinuity"": ""pass"", ""scale"": ""recovered"", ""turnover"": ""pass""}",DQC_0095 conflict resolved to the side within 100x of the verified reference
2019-10-31,DLHC,0000785557,recovered,dqc_recovered:cover,EntityCommonStockSharesOutstanding,12036161,1,5.043e+07,0.00189,"{""basis"": ""pass"", ""discontinuity"": ""pass"", ""scale"": ""recovered"", ""turnover"": ""pass""}",DQC_0095 conflict resolved to the side within 100x of the verified reference
2019-11-30,DLHC,0000785557,recovered,dqc_recovered:cover,EntityCommonStockSharesOutstanding,12036161,1,5.176e+07,0.00136,"{""basis"": ""pass"", ""discontinuity"": ""pass"", ""scale"": ""recovered"", ""turnover"": ""pass""}",DQC_0095 conflict resolved to the side within 100x of the verified reference
2019-09-30,DMPI,0001498382,recovered,dqc_recovered:cover,EntityCommonStockSharesOutstanding,11388483,1,6.297e+06,0.137,"{""basis"": ""pass"", ""discontinuity"": ""pass"", ""scale"": ""recovered"", ""turnover"": ""pass""}",DQC_0095 conflict resolved to the side within 100x of the verified reference
2019-10-31,DMPI,0001498382,recovered,dqc_recovered:cover,EntityCommonStockSharesOutstanding,11388483,1,7.63e+06,0.115,"{""basis"": ""pass"", ""discontinuity"": ""pass"", ""scale"": ""recovered"", ""turnover"": ""pass""}",DQC_0095 conflict resolved to the side within 100x of the verified reference
2017-06-30,DXC,0001688568,removed:shares_turnover_implausible,cover,EntityCommonStockSharesOutstanding,100,1,7672,2.96e+04,"{""basis"": ""pass"", ""discontinuity"": ""untested"", ""scale"": ""untested"", ""turnover"": ""fail""}",dollar volume >10x ME (count too small: subsidiary/shell or mis-scaled)
2017-07-31,DXC,0001688568,removed:shares_turnover_implausible,cover,EntityCommonStockSharesOutstanding,100,1,7838,2.53e+04,"{""basis"": ""pass"", ""discontinuity"": ""untested"", ""scale"": ""untested"", ""turnover"": ""fail""}",dollar volume >10x ME (count too small: subsidiary/shell or mis-scaled)
2017-03-31,DZSI,0001101680,removed:shares_basis_ambiguous,cover,EntityCommonStockSharesOutstanding,16374770,0.2,2.045e+07,0.00369,"{""basis"": ""fail"", ""discontinuity"": ""pass"", ""scale"": ""pass"", ""turnover"": ""pass""}",split stamp between cover date and filing
2017-04-30,DZSI,0001101680,removed:shares_basis_ambiguous,cover,EntityCommonStockSharesOutstanding,16374770,0.2,1.877e+07,0.00424,"{""basis"": ""fail"", ""discontinuity"": ""pass"", ""scale"": ""pass"", ""turnover"": ""pass""}",split stamp between cover date and filing
2017-05-31,DZSI,0001101680,removed:shares_basis_ambiguous,cover,EntityCommonStockSharesOutstanding,16374770,0.2,1.952e+07,0.004,"{""basis"": ""fail"", ""discontinuity"": ""pass"", ""scale"": ""pass"", ""turnover"": ""pass""}",split stamp between cover date and filing
2017-06-30,DZSI,0001101680,removed:shares_basis_ambiguous,cover,EntityCommonStockSharesOutstanding,16374770,0.2,1.965e+07,0.0039,"{""basis"": ""fail"", ""discontinuity"": ""pass"", ""scale"": ""pass"", ""turnover"": ""pass""}",split stamp between cover date and filing
2017-07-31,DZSI,0001101680,removed:shares_basis_ambiguous,cover,EntityCommonStockSharesOutstanding,16374770,0.2,2.342e+07,0.00367,"{""basis"": ""fail"", ""discontinuity"": ""pass"", ""scale"": ""pass"", ""turnover"": ""pass""}",split stamp between cover date and filing
2017-08-31,DZSI,0001101680,removed:shares_basis_ambiguous,cover,EntityCommonStockSharesOutstanding,16374770,0.2,2.148e+07,0.00337,"{""basis"": ""fail"", ""discontinuity"": ""pass"", ""scale"": ""pass"", ""turnover"": ""pass""}",split stamp between cover date and filing
2017-08-31,EBIO,0001485003,recovered,dqc_recovered:cover,EntityCommonStockSharesOutstanding,24700746,1,2.668e+07,0.0215,"{""basis"": ""pass"", ""discontinuity"": ""pass"", ""scale"": ""recovered"", ""turnover"": ""pass""}",DQC_0095 conflict resolved to the side within 100x of the verified reference
2017-09-30,EBIO,0001485003,recovered,dqc_recovered:cover,EntityCommonStockSharesOutstanding,24700746,1,3.903e+07,0.0128,"{""basis"": ""pass"", ""discontinuity"": ""pass"", ""scale"": ""recovered"", ""turnover"": ""pass""}",DQC_0095 conflict resolved to the side within 100x of the verified reference
2017-10-31,EBIO,0001485003,recovered,dqc_recovered:cover,EntityCommonStockSharesOutstanding,24700746,1,2.347e+07,0.0179,"{""basis"": ""pass"", ""discontinuity"": ""pass"", ""scale"": ""recovered"", ""turnover"": ""pass""}",DQC_0095 conflict resolved to the side within 100x of the verified reference
2019-03-31,EBMT,0001478454,recovered,dqc_recovered:cover,EntityCommonStockSharesOutstanding,6460192,1,1.094e+08,0.00115,"{""basis"": ""pass"", ""discontinuity"": ""pass"", ""scale"": ""recovered"", ""turnover"": ""pass""}",DQC_0095 conflict resolved to the side within 100x of the verified reference
2019-04-30,EBMT,0001478454,recovered,dqc_recovered:cover,EntityCommonStockSharesOutstanding,6460192,1,1.098e+08,0.0012,"{""basis"": ""pass"", ""discontinuity"": ""pass"", ""scale"": ""recovered"", ""turnover"": ""pass""}",DQC_0095 conflict resolved to the side within 100x of the verified reference
2021-02-28,EEFT,0001029199,removed:shares_discontinuity,cover,EntityCommonStockSharesOutstanding,52752851000000000,1,7.929e+18,5.77e-12,"{""basis"": ""pass"", ""discontinuity"": ""fail"", ""scale"": ""untested"", ""turnover"": ""pass""}",>100x jump vs last verified count of the series
2021-03-31,EEFT,0001029199,removed:shares_discontinuity,cover,EntityCommonStockSharesOutstanding,52752851000000000,1,7.296e+18,6.75e-12,"{""basis"": ""pass"", ""discontinuity"": ""fail"", ""scale"": ""untested"", ""turnover"": ""pass""}",>100x jump vs last verified count of the series
2021-04-30,EEFT,0001029199,removed:shares_discontinuity,cover,EntityCommonStockSharesOutstanding,52752851000000000,1,7.566e+18,6.75e-12,"{""basis"": ""pass"", ""discontinuity"": ""fail"", ""scale"": ""untested"", ""turnover"": ""pass""}",>100x jump vs last verified count of the series
2014-09-30,EGI,0001561660,removed:shares_turnover_implausible,balance_sheet,CommonStockSharesOutstanding,100,1,26.1,789,"{""basis"": ""pass"", ""discontinuity"": ""untested"", ""scale"": ""untested"", ""turnover"": ""fail""}",dollar volume >10x ME (count too small: subsidiary/shell or mis-scaled)
2014-10-31,EGI,0001561660,removed:shares_turnover_implausible,balance_sheet,CommonStockSharesOutstanding,100,1,21.7,811,"{""basis"": ""pass"", ""discontinuity"": ""untested"", ""scale"": ""untested"", ""turnover"": ""fail""}",dollar volume >10x ME (count too small: subsidiary/shell or mis-scaled)
2014-11-30,EGI,0001561660,removed:shares_turnover_implausible,balance_sheet,CommonStockSharesOutstanding,100,1,20,898,"{""basis"": ""pass"", ""discontinuity"": ""untested"", ""scale"": ""untested"", ""turnover"": ""fail""}",dollar volume >10x ME (count too small: subsidiary/shell or mis-scaled)
2014-12-31,EGI,0001561660,removed:shares_turnover_implausible,balance_sheet,CommonStockSharesOutstanding,100,1,17.15,984,"{""basis"": ""pass"", ""discontinuity"": ""untested"", ""scale"": ""untested"", ""turnover"": ""fail""}",dollar volume >10x ME (count too small: subsidiary/shell or mis-scaled)
2014-10-31,EGLE,0001322439,removed:shares_basis_ambiguous,cover,EntityCommonStockSharesOutstanding,18315213,0.005,1.483e+06,0.796,"{""basis"": ""fail"", ""discontinuity"": ""pass"", ""scale"": ""pass"", ""turnover"": ""pass""}","split stamp beyond [1/100,100]"
2014-11-30,EGLE,0001322439,removed:shares_scale_conflict,cover,EntityCommonStockSharesOutstanding,38045081,1,5.361e+08,0.00219,"{""basis"": ""pass"", ""discontinuity"": ""fail"", ""scale"": ""fail"", ""turnover"": ""pass""}","cover vs same-filing balance-sheet count differ >100x, no verified reference to choose"
2014-12-31,EGLE,0001322439,removed:shares_scale_conflict,cover,EntityCommonStockSharesOutstanding,38045081,1,5.581e+08,0.00214,"{""basis"": ""pass"", ""discontinuity"": ""fail"", ""scale"": ""fail"", ""turnover"": ""pass""}","cover vs same-filing balance-sheet count differ >100x, no verified reference to choose"
2015-01-31,EGLE,0001322439,removed:shares_scale_conflict,cover,EntityCommonStockSharesOutstanding,38045081,1,3.9e+08,0.00328,"{""basis"": ""pass"", ""discontinuity"": ""fail"", ""scale"": ""fail"", ""turnover"": ""pass""}","cover vs same-filing balance-sheet count differ >100x, no verified reference to choose"
2015-02-28,EGLE,0001322439,removed:shares_scale_conflict,cover,EntityCommonStockSharesOutstanding,38045081,1,4.185e+08,0.00281,"{""basis"": ""pass"", ""discontinuity"": ""fail"", ""scale"": ""fail"", ""turnover"": ""pass""}","cover vs same-filing balance-sheet count differ >100x, no verified reference to choose"
2015-03-31,EGLE,0001322439,removed:shares_scale_conflict,cover,EntityCommonStockSharesOutstanding,38045081,1,2.812e+08,0.00496,"{""basis"": ""pass"", ""discontinuity"": ""fail"", ""scale"": ""fail"", ""turnover"": ""pass""}","cover vs same-filing balance-sheet count differ >100x, no verified reference to choose"
2015-04-30,EGLE,0001322439,removed:shares_scale_conflict,cover,EntityCommonStockSharesOutstanding,38045081,1,3.188e+08,0.00411,"{""basis"": ""pass"", ""discontinuity"": ""fail"", ""scale"": ""fail"", ""turnover"": ""pass""}","cover vs same-filing balance-sheet count differ >100x, no verified reference to choose"
2015-05-31,EGLE,0001322439,removed:shares_scale_conflict,cover,EntityCommonStockSharesOutstanding,38045081,1,3.443e+08,0.00426,"{""basis"": ""pass"", ""discontinuity"": ""fail"", ""scale"": ""fail"", ""turnover"": ""pass""}","cover vs same-filing balance-sheet count differ >100x, no verified reference to choose"
2015-06-30,EGLE,0001322439,removed:shares_scale_conflict,cover,EntityCommonStockSharesOutstanding,38045081,1,2.652e+08,0.00602,"{""basis"": ""pass"", ""discontinuity"": ""fail"", ""scale"": ""fail"", ""turnover"": ""pass""}","cover vs same-filing balance-sheet count differ >100x, no verified reference to choose"
2015-07-31,EGLE,0001322439,removed:shares_scale_conflict,cover,EntityCommonStockSharesOutstanding,38045081,1,3.287e+08,0.00425,"{""basis"": ""pass"", ""discontinuity"": ""fail"", ""scale"": ""fail"", ""turnover"": ""pass""}","cover vs same-filing balance-sheet count differ >100x, no verified reference to choose"
2015-08-31,EGLE,0001322439,removed:shares_scale_conflict,cover,EntityCommonStockSharesOutstanding,38045081,1,2.716e+08,0.00489,"{""basis"": ""pass"", ""discontinuity"": ""fail"", ""scale"": ""fail"", ""turnover"": ""pass""}","cover vs same-filing balance-sheet count differ >100x, no verified reference to choose"
2015-09-30,EGLE,0001322439,removed:shares_scale_conflict,cover,EntityCommonStockSharesOutstanding,38045081,1,2.256e+08,0.00495,"{""basis"": ""pass"", ""discontinuity"": ""fail"", ""scale"": ""fail"", ""turnover"": ""pass""}","cover vs same-filing balance-sheet count differ >100x, no verified reference to choose"
2015-10-31,EGLE,0001322439,removed:shares_scale_conflict,cover,EntityCommonStockSharesOutstanding,38045081,1,2.321e+08,0.00345,"{""basis"": ""pass"", ""discontinuity"": ""fail"", ""scale"": ""fail"", ""turnover"": ""pass""}","cover vs same-filing balance-sheet count differ >100x, no verified reference to choose"
2015-11-30,EGLE,0001322439,removed:shares_scale_conflict,cover,EntityCommonStockSharesOutstanding,38045081,1,1.153e+08,0.00508,"{""basis"": ""pass"", ""discontinuity"": ""fail"", ""scale"": ""fail"", ""turnover"": ""pass""}","cover vs same-filing balance-sheet count differ >100x, no verified reference to choose"
2015-12-31,EGLE,0001322439,removed:shares_scale_conflict,cover,EntityCommonStockSharesOutstanding,38045081,1,1.339e+08,0.00199,"{""basis"": ""pass"", ""discontinuity"": ""untested"", ""scale"": ""fail"", ""turnover"": ""pass""}","cover vs same-filing balance-sheet count differ >100x, no verified reference to choose"
2016-01-31,EGLE,0001322439,removed:shares_scale_conflict,cover,EntityCommonStockSharesOutstanding,38045081,1,5.022e+07,0.00387,"{""basis"": ""pass"", ""discontinuity"": ""untested"", ""scale"": ""fail"", ""turnover"": ""pass""}","cover vs same-filing balance-sheet count differ >100x, no verified reference to choose"
2016-08-31,EGLE,0001322439,removed:shares_scale_conflict,cover,EntityCommonStockSharesOutstanding,18804203,1,1.388e+08,0.00906,"{""basis"": ""pass"", ""discontinuity"": ""pass"", ""scale"": ""fail"", ""turnover"": ""pass""}","cover vs same-filing balance-sheet count differ >100x, no verified reference to choose"
2016-09-30,EGLE,0001322439,removed:shares_scale_conflict,cover,EntityCommonStockSharesOutstanding,18804203,1,1.329e+08,0.00984,"{""basis"": ""pass"", ""discontinuity"": ""pass"", ""scale"": ""fail"", ""turnover"": ""pass""}","cover vs same-filing balance-sheet count differ >100x, no verified reference to choose"
2016-10-31,EGLE,0001322439,removed:shares_scale_conflict,cover,EntityCommonStockSharesOutstanding,18804203,1,7.841e+07,0.0125,"{""basis"": ""pass"", ""discontinuity"": ""pass"", ""scale"": ""fail"", ""turnover"": ""pass""}","cover vs same-filing balance-sheet count differ >100x, no verified reference to choose"
2020-02-29,EIX,0000827052,recovered,dqc_recovered:balance_sheet,CommonStockSharesOutstanding,361985133,1,2.436e+16,6.54e-09,"{""basis"": ""pass"", ""discontinuity"": ""pass"", ""scale"": ""recovered"", ""turnover"": ""pass""}",DQC_0095 conflict resolved to the side within 100x of the verified reference
2020-03-31,EIX,0000827052,recovered,dqc_recovered:balance_sheet,CommonStockSharesOutstanding,361985133,1,1.987e+16,8.57e-09,"{""basis"": ""pass"", ""discontinuity"": ""pass"", ""scale"": ""recovered"", ""turnover"": ""pass""}",DQC_0095 conflict resolved to the side within 100x of the verified reference
2020-04-30,EIX,0000827052,recovered,dqc_recovered:balance_sheet,CommonStockSharesOutstanding,361985133,1,2.129e+16,7.74e-09,"{""basis"": ""pass"", ""discontinuity"": ""pass"", ""scale"": ""recovered"", ""turnover"": ""pass""}",DQC_0095 conflict resolved to the side within 100x of the verified reference
2020-08-31,ETRN,0001747009,recovered,dqc_recovered:cover,EntityCommonStockSharesOutstanding,432470000,1,4.446e+09,0.0126,"{""basis"": ""pass"", ""discontinuity"": ""pass"", ""scale"": ""recovered"", ""turnover"": ""pass""}",DQC_0095 conflict resolved to the side within 100x of the verified reference
2020-09-30,ETRN,0001747009,recovered,dqc_recovered:cover,EntityCommonStockSharesOutstanding,432470000,1,3.659e+09,0.0155,"{""basis"": ""pass"", ""discontinuity"": ""pass"", ""scale"": ""recovered"", ""turnover"": ""pass""}",DQC_0095 conflict resolved to the side within 100x of the verified reference
2020-10-31,ETRN,0001747009,recovered,dqc_recovered:cover,EntityCommonStockSharesOutstanding,432470000,1,3.14e+09,0.0172,"{""basis"": ""pass"", ""discontinuity"": ""pass"", ""scale"": ""recovered"", ""turnover"": ""pass""}",DQC_0095 conflict resolved to the side within 100x of the verified reference
2016-03-31,EYES,0001266806,recovered,dqc_recovered:cover,EntityCommonStockSharesOutstanding,36019086,1,1.74e+08,0.0212,"{""basis"": ""pass"", ""discontinuity"": ""pass"", ""scale"": ""recovered"", ""turnover"": ""pass""}",DQC_0095 conflict resolved to the side within 100x of the verified reference
2016-04-30,EYES,0001266806,recovered,dqc_recovered:cover,EntityCommonStockSharesOutstanding,36019086,1,1.704e+08,0.0203,"{""basis"": ""pass"", ""discontinuity"": ""pass"", ""scale"": ""recovered"", ""turnover"": ""pass""}",DQC_0095 conflict resolved to the side within 100x of the verified reference
2016-05-31,EYES,0001266806,recovered,dqc_recovered:cover,EntityCommonStockSharesOutstanding,36037309,1,1.405e+08,0.023,"{""basis"": ""pass"", ""discontinuity"": ""pass"", ""scale"": ""recovered"", ""turnover"": ""pass""}",DQC_0095 conflict resolved to the side within 100x of the verified reference
2016-06-30,EYES,0001266806,recovered,dqc_recovered:cover,EntityCommonStockSharesOutstanding,36037309,1,1.29e+08,0.0204,"{""basis"": ""pass"", ""discontinuity"": ""pass"", ""scale"": ""recovered"", ""turnover"": ""pass""}",DQC_0095 conflict resolved to the side within 100x of the verified reference
2016-07-31,EYES,0001266806,recovered,dqc_recovered:cover,EntityCommonStockSharesOutstanding,36037309,1,1.456e+08,0.0187,"{""basis"": ""pass"", ""discontinuity"": ""pass"", ""scale"": ""recovered"", ""turnover"": ""pass""}",DQC_0095 conflict resolved to the side within 100x of the verified reference
2016-08-31,EYES,0001266806,recovered,dqc_recovered:cover,EntityCommonStockSharesOutstanding,42199454,1,1.414e+08,0.0121,"{""basis"": ""pass"", ""discontinuity"": ""pass"", ""scale"": ""recovered"", ""turnover"": ""pass""}",DQC_0095 conflict resolved to the side within 100x of the verified reference
2016-09-30,EYES,0001266806,recovered,dqc_recovered:cover,EntityCommonStockSharesOutstanding,42199454,1,1.485e+08,0.0104,"{""basis"": ""pass"", ""discontinuity"": ""pass"", ""scale"": ""recovered"", ""turnover"": ""pass""}",DQC_0095 conflict resolved to the side within 100x of the verified reference
2016-10-31,EYES,0001266806,recovered,dqc_recovered:cover,EntityCommonStockSharesOutstanding,42199454,1,1.101e+08,0.0125,"{""basis"": ""pass"", ""discontinuity"": ""pass"", ""scale"": ""recovered"", ""turnover"": ""pass""}",DQC_0095 conflict resolved to the side within 100x of the verified reference
2016-11-30,EYES,0001266806,recovered,dqc_recovered:cover,EntityCommonStockSharesOutstanding,42246954,1,8.576e+07,0.015,"{""basis"": ""pass"", ""discontinuity"": ""pass"", ""scale"": ""recovered"", ""turnover"": ""pass""}",DQC_0095 conflict resolved to the side within 100x of the verified reference
2016-12-31,EYES,0001266806,recovered,dqc_recovered:cover,EntityCommonStockSharesOutstanding,42246954,1,8.323e+07,0.0132,"{""basis"": ""pass"", ""discontinuity"": ""pass"", ""scale"": ""recovered"", ""turnover"": ""pass""}",DQC_0095 conflict resolved to the side within 100x of the verified reference
2017-01-31,EYES,0001266806,recovered,dqc_recovered:cover,EntityCommonStockSharesOutstanding,42246954,1,6.041e+07,0.0128,"{""basis"": ""pass"", ""discontinuity"": ""pass"", ""scale"": ""recovered"", ""turnover"": ""pass""}",DQC_0095 conflict resolved to the side within 100x of the verified reference
2017-02-28,EYES,0001266806,recovered,dqc_recovered:cover,EntityCommonStockSharesOutstanding,42246954,1,7.055e+07,0.0148,"{""basis"": ""pass"", ""discontinuity"": ""pass"", ""scale"": ""recovered"", ""turnover"": ""pass""}",DQC_0095 conflict resolved to the side within 100x of the verified reference
2017-05-31,EYES,0001266806,removed:shares_scale_conflict,cover,EntityCommonStockSharesOutstanding,56365629,1,6.482e+07,0.0154,"{""basis"": ""pass"", ""discontinuity"": ""untested"", ""scale"": ""fail"", ""turnover"": ""pass""}","cover vs same-filing balance-sheet count differ >100x, no verified reference to choose"
2017-06-30,EYES,0001266806,removed:shares_scale_conflict,cover,EntityCommonStockSharesOutstanding,56365629,1,7.102e+07,0.0134,"{""basis"": ""pass"", ""discontinuity"": ""untested"", ""scale"": ""fail"", ""turnover"": ""pass""}","cover vs same-filing balance-sheet count differ >100x, no verified reference to choose"
2017-07-31,EYES,0001266806,removed:shares_scale_conflict,cover,EntityCommonStockSharesOutstanding,56365629,1,6.989e+07,0.0136,"{""basis"": ""pass"", ""discontinuity"": ""untested"", ""scale"": ""fail"", ""turnover"": ""pass""}","cover vs same-filing balance-sheet count differ >100x, no verified reference to choose"
2017-08-31,EYES,0001266806,removed:shares_scale_conflict,cover,EntityCommonStockSharesOutstanding,56794477,1,6.418e+07,0.00905,"{""basis"": ""pass"", ""discontinuity"": ""untested"", ""scale"": ""fail"", ""turnover"": ""pass""}","cover vs same-filing balance-sheet count differ >100x, no verified reference to choose"
2017-09-30,EYES,0001266806,removed:shares_scale_conflict,cover,EntityCommonStockSharesOutstanding,56794477,1,6.815e+07,0.00716,"{""basis"": ""pass"", ""discontinuity"": ""untested"", ""scale"": ""fail"", ""turnover"": ""pass""}","cover vs same-filing balance-sheet count differ >100x, no verified reference to choose"
2017-10-31,EYES,0001266806,removed:shares_scale_conflict,cover,EntityCommonStockSharesOutstanding,56794477,1,6.077e+07,0.00635,"{""basis"": ""pass"", ""discontinuity"": ""untested"", ""scale"": ""fail"", ""turnover"": ""pass""}","cover vs same-filing balance-sheet count differ >100x, no verified reference to choose"
2018-05-31,EYES,0001266806,recovered,dqc_recovered:cover,EntityCommonStockSharesOutstanding,66632474,1,1.359e+08,0.00916,"{""basis"": ""pass"", ""discontinuity"": ""pass"", ""scale"": ""recovered"", ""turnover"": ""pass""}",DQC_0095 conflict resolved to the side within 100x of the verified reference
2018-06-30,EYES,0001266806,recovered,dqc_recovered:cover,EntityCommonStockSharesOutstanding,66632474,1,1.106e+08,0.00836,"{""basis"": ""pass"", ""discontinuity"": ""pass"", ""scale"": ""recovered"", ""turnover"": ""pass""}",DQC_0095 conflict resolved to the side within 100x of the verified reference
2018-07-31,EYES,0001266806,recovered,dqc_recovered:cover,EntityCommonStockSharesOutstanding,66632474,1,1.066e+08,0.00798,"{""basis"": ""pass"", ""discontinuity"": ""pass"", ""scale"": ""recovered"", ""turnover"": ""pass""}",DQC_0095 conflict resolved to the side within 100x of the verified reference
2018-11-30,EYES,0001266806,recovered,dqc_recovered:cover,EntityCommonStockSharesOutstanding,72780549,1,7.86e+07,0.00531,"{""basis"": ""pass"", ""discontinuity"": ""pass"", ""scale"": ""recovered"", ""turnover"": ""pass""}",DQC_0095 conflict resolved to the side within 100x of the verified reference
2018-12-31,EYES,0001266806,recovered,dqc_recovered:cover,EntityCommonStockSharesOutstanding,72780549,1,6.445e+07,0.00743,"{""basis"": ""pass"", ""discontinuity"": ""pass"", ""scale"": ""recovered"", ""turnover"": ""pass""}",DQC_0095 conflict resolved to the side within 100x of the verified reference
2019-01-31,EYES,0001266806,recovered,dqc_recovered:cover,EntityCommonStockSharesOutstanding,72780549,1,5.822e+07,0.00817,"{""basis"": ""pass"", ""discontinuity"": ""pass"", ""scale"": ""recovered"", ""turnover"": ""pass""}",DQC_0095 conflict resolved to the side within 100x of the verified reference
2019-02-28,EYES,0001266806,recovered,dqc_recovered:cover,EntityCommonStockSharesOutstanding,72780549,1,5.044e+07,0.00939,"{""basis"": ""pass"", ""discontinuity"": ""pass"", ""scale"": ""recovered"", ""turnover"": ""pass""}",DQC_0095 conflict resolved to the side within 100x of the verified reference
2019-02-28,FAF,0001472787,recovered,dqc_recovered:balance_sheet,CommonStockSharesOutstanding,111496000,1,5.662e+12,6.19e-06,"{""basis"": ""pass"", ""discontinuity"": ""pass"", ""scale"": ""recovered"", ""turnover"": ""pass""}",DQC_0095 conflict resolved to the side within 100x of the verified reference
2019-03-31,FAF,0001472787,recovered,dqc_recovered:balance_sheet,CommonStockSharesOutstanding,111496000,1,5.741e+12,5.93e-06,"{""basis"": ""pass"", ""discontinuity"": ""pass"", ""scale"": ""recovered"", ""turnover"": ""pass""}",DQC_0095 conflict resolved to the side within 100x of the verified reference
2015-03-31,FCCY,0001141807,removed:shares_basis_ambiguous,cover,EntityCommonStockSharesOutstanding,7160253,1.05,8.563e+07,0.0011,"{""basis"": ""fail"", ""discontinuity"": ""pass"", ""scale"": ""pass"", ""turnover"": ""pass""}",split stamp between cover date and filing
2015-04-30,FCCY,0001141807,removed:shares_basis_ambiguous,cover,EntityCommonStockSharesOutstanding,7160253,1.05,8.526e+07,0.00133,"{""basis"": ""fail"", ""discontinuity"": ""pass"", ""scale"": ""pass"", ""turnover"": ""pass""}",split stamp between cover date and filing
2015-05-31,FCCY,0001141807,removed:shares_basis_ambiguous,cover,EntityCommonStockSharesOutstanding,7160253,1.05,8.623e+07,0.00136,"{""basis"": ""fail"", ""discontinuity"": ""pass"", ""scale"": ""pass"", ""turnover"": ""pass""}",split stamp between cover date and filing
2015-06-30,FCCY,0001141807,removed:shares_basis_ambiguous,cover,EntityCommonStockSharesOutstanding,7160253,1.05,8.533e+07,0.00146,"{""basis"": ""fail"", ""discontinuity"": ""pass"", ""scale"": ""pass"", ""turnover"": ""pass""}",split stamp between cover date and filing
2015-07-31,FCCY,0001141807,removed:shares_basis_ambiguous,cover,EntityCommonStockSharesOutstanding,7160253,1.05,8.646e+07,0.00149,"{""basis"": ""fail"", ""discontinuity"": ""pass"", ""scale"": ""pass"", ""turnover"": ""pass""}",split stamp between cover date and filing
2016-01-31,FDC,0000883980,removed:shares_turnover_implausible,cover,EntityCommonStockSharesOutstanding,1000,1,1.337e+04,5.32e+03,"{""basis"": ""pass"", ""discontinuity"": ""untested"", ""scale"": ""untested"", ""turnover"": ""fail""}",dollar volume >10x ME (count too small: subsidiary/shell or mis-scaled)
2016-02-29,FDC,0000883980,removed:shares_turnover_implausible,cover,EntityCommonStockSharesOutstanding,1000,1,1.25e+04,5.54e+03,"{""basis"": ""pass"", ""discontinuity"": ""untested"", ""scale"": ""untested"", ""turnover"": ""fail""}",dollar volume >10x ME (count too small: subsidiary/shell or mis-scaled)
2016-03-31,FDC,0000883980,removed:shares_turnover_implausible,cover,EntityCommonStockSharesOutstanding,1000,1,1.294e+04,4.86e+03,"{""basis"": ""pass"", ""discontinuity"": ""untested"", ""scale"": ""untested"", ""turnover"": ""fail""}",dollar volume >10x ME (count too small: subsidiary/shell or mis-scaled)
2016-04-30,FDC,0000883980,removed:shares_turnover_implausible,cover,EntityCommonStockSharesOutstanding,1000,1,1.139e+04,4.59e+03,"{""basis"": ""pass"", ""discontinuity"": ""untested"", ""scale"": ""untested"", ""turnover"": ""fail""}",dollar volume >10x ME (count too small: subsidiary/shell or mis-scaled)
2016-05-31,FDC,0000883980,removed:shares_turnover_implausible,cover,EntityCommonStockSharesOutstanding,1000,1,1.253e+04,4.43e+03,"{""basis"": ""pass"", ""discontinuity"": ""untested"", ""scale"": ""untested"", ""turnover"": ""fail""}",dollar volume >10x ME (count too small: subsidiary/shell or mis-scaled)
2016-06-30,FDC,0000883980,removed:shares_turnover_implausible,cover,EntityCommonStockSharesOutstanding,1000,1,1.107e+04,5.78e+03,"{""basis"": ""pass"", ""discontinuity"": ""untested"", ""scale"": ""untested"", ""turnover"": ""fail""}",dollar volume >10x ME (count too small: subsidiary/shell or mis-scaled)
2016-07-31,FDC,0000883980,removed:shares_turnover_implausible,cover,EntityCommonStockSharesOutstanding,1000,1,1.24e+04,4.96e+03,"{""basis"": ""pass"", ""discontinuity"": ""untested"", ""scale"": ""untested"", ""turnover"": ""fail""}",dollar volume >10x ME (count too small: subsidiary/shell or mis-scaled)
2016-08-31,FDC,0000883980,removed:shares_turnover_implausible,cover,EntityCommonStockSharesOutstanding,1000,1,1.392e+04,4.21e+03,"{""basis"": ""pass"", ""discontinuity"": ""untested"", ""scale"": ""untested"", ""turnover"": ""fail""}",dollar volume >10x ME (count too small: subsidiary/shell or mis-scaled)
2016-09-30,FDC,0000883980,removed:shares_turnover_implausible,cover,EntityCommonStockSharesOutstanding,1000,1,1.316e+04,4.78e+03,"{""basis"": ""pass"", ""discontinuity"": ""untested"", ""scale"": ""untested"", ""turnover"": ""fail""}",dollar volume >10x ME (count too small: subsidiary/shell or mis-scaled)
2016-10-31,FDC,0000883980,removed:shares_turnover_implausible,cover,EntityCommonStockSharesOutstanding,1000,1,1.399e+04,4.23e+03,"{""basis"": ""pass"", ""discontinuity"": ""untested"", ""scale"": ""untested"", ""turnover"": ""fail""}",dollar volume >10x ME (count too small: subsidiary/shell or mis-scaled)
2017-09-30,FENC,0001211583,removed:shares_scale_conflict,cover,EntityCommonStockSharesOutstanding,15630663000,1,1.733e+11,,"{""basis"": ""pass"", ""discontinuity"": ""untested"", ""scale"": ""fail"", ""turnover"": ""untested""}","cover vs same-filing balance-sheet count differ >100x, no verified reference to choose"
2017-10-31,FENC,0001211583,removed:shares_scale_conflict,cover,EntityCommonStockSharesOutstanding,15630663000,1,1.483e+11,,"{""basis"": ""pass"", ""discontinuity"": ""untested"", ""scale"": ""fail"", ""turnover"": ""untested""}","cover vs same-filing balance-sheet count differ >100x, no verified reference to choose"
2014-09-30,FINL,0000886137,removed:shares_scale_conflict,cover,EntityCommonStockSharesOutstanding,47822067,1,1.197e+09,0.0176,"{""basis"": ""pass"", ""discontinuity"": ""untested"", ""scale"": ""fail"", ""turnover"": ""pass""}","cover vs same-filing balance-sheet count differ >100x, no verified reference to choose"
2014-10-31,FINL,0000886137,removed:shares_scale_conflict,cover,EntityCommonStockSharesOutstanding,47822067,1,1.266e+09,0.0172,"{""basis"": ""pass"", ""discontinuity"": ""untested"", ""scale"": ""fail"", ""turnover"": ""pass""}","cover vs same-filing balance-sheet count differ >100x, no verified reference to choose"
2014-11-30,FINL,0000886137,removed:shares_scale_conflict,cover,EntityCommonStockSharesOutstanding,47822067,1,1.365e+09,0.0161,"{""basis"": ""pass"", ""discontinuity"": ""untested"", ""scale"": ""fail"", ""turnover"": ""pass""}","cover vs same-filing balance-sheet count differ >100x, no verified reference to choose"
2014-12-31,FINL,0000886137,removed:shares_scale_conflict,cover,EntityCommonStockSharesOutstanding,47822067,1,1.163e+09,0.0197,"{""basis"": ""pass"", ""discontinuity"": ""untested"", ""scale"": ""fail"", ""turnover"": ""pass""}","cover vs same-filing balance-sheet count differ >100x, no verified reference to choose"
2015-01-31,FINL,0000886137,removed:shares_scale_conflict,cover,EntityCommonStockSharesOutstanding,46676966,1,1.102e+09,0.0207,"{""basis"": ""pass"", ""discontinuity"": ""untested"", ""scale"": ""fail"", ""turnover"": ""pass""}","cover vs same-filing balance-sheet count differ >100x, no verified reference to choose"
2015-02-28,FINL,0000886137,removed:shares_scale_conflict,cover,EntityCommonStockSharesOutstanding,46676966,1,1.143e+09,0.0194,"{""basis"": ""pass"", ""discontinuity"": ""untested"", ""scale"": ""fail"", ""turnover"": ""pass""}","cover vs same-filing balance-sheet count differ >100x, no verified reference to choose"
2015-03-31,FINL,0000886137,removed:shares_scale_conflict,cover,EntityCommonStockSharesOutstanding,46676966,1,1.145e+09,0.0182,"{""basis"": ""pass"", ""discontinuity"": ""untested"", ""scale"": ""fail"", ""turnover"": ""pass""}","cover vs same-filing balance-sheet count differ >100x, no verified reference to choose"
2015-06-30,FINL,0000886137,recovered,dqc_recovered:cover,EntityCommonStockSharesOutstanding,44871651,1,1.248e+09,0.0171,"{""basis"": ""pass"", ""discontinuity"": ""pass"", ""scale"": ""recovered"", ""turnover"": ""pass""}",DQC_0095 conflict resolved to the side within 100x of the verified reference
2015-07-31,FINL,0000886137,recovered,dqc_recovered:cover,EntityCommonStockSharesOutstanding,44871651,1,1.234e+09,0.0172,"{""basis"": ""pass"", ""discontinuity"": ""pass"", ""scale"": ""recovered"", ""turnover"": ""pass""}",DQC_0095 conflict resolved to the side within 100x of the verified reference
2015-08-31,FINL,0000886137,recovered,dqc_recovered:cover,EntityCommonStockSharesOutstanding,44871651,1,1.183e+09,0.0188,"{""basis"": ""pass"", ""discontinuity"": ""pass"", ""scale"": ""recovered"", ""turnover"": ""pass""}",DQC_0095 conflict resolved to the side within 100x of the verified reference
2015-08-31,FLIC,0000740663,recovered,dqc_recovered:cover,EntityCommonStockSharesOutstanding,14030288,1,3.582e+08,0.00151,"{""basis"": ""pass"", ""discontinuity"": ""pass"", ""scale"": ""recovered"", ""turnover"": ""pass""}",DQC_0095 conflict resolved to the side within 100x of the verified reference
2015-09-30,FLIC,0000740663,recovered,dqc_recovered:cover,EntityCommonStockSharesOutstanding,14030288,1,3.792e+08,0.0014,"{""basis"": ""pass"", ""discontinuity"": ""pass"", ""scale"": ""recovered"", ""turnover"": ""pass""}",DQC_0095 conflict resolved to the side within 100x of the verified reference
2015-10-31,FLIC,0000740663,recovered,dqc_recovered:cover,EntityCommonStockSharesOutstanding,14030288,1,3.896e+08,0.00147,"{""basis"": ""pass"", ""discontinuity"": ""pass"", ""scale"": ""recovered"", ""turnover"": ""pass""}",DQC_0095 conflict resolved to the side within 100x of the verified reference
2016-10-31,FNCX,0000725876,recovered,dqc_recovered:balance_sheet,CommonStockSharesOutstanding,3023753,1,1.223e+10,7.58e-06,"{""basis"": ""pass"", ""discontinuity"": ""pass"", ""scale"": ""recovered"", ""turnover"": ""pass""}",DQC_0095 conflict resolved to the side within 100x of the verified reference
2018-02-28,FNKO,0001704711,removed:shares_turnover_implausible,balance_sheet,CommonStockSharesOutstanding,100,1,738,6.27e+03,"{""basis"": ""pass"", ""discontinuity"": ""untested"", ""scale"": ""untested"", ""turnover"": ""fail""}",dollar volume >10x ME (count too small: subsidiary/shell or mis-scaled)
2018-03-31,FNKO,0001704711,removed:shares_turnover_implausible,balance_sheet,CommonStockSharesOutstanding,100,1,821,5.07e+03,"{""basis"": ""pass"", ""discontinuity"": ""untested"", ""scale"": ""untested"", ""turnover"": ""fail""}",dollar volume >10x ME (count too small: subsidiary/shell or mis-scaled)
2018-04-30,FNKO,0001704711,removed:shares_turnover_implausible,balance_sheet,CommonStockSharesOutstanding,100,1,879,4.25e+03,"{""basis"": ""pass"", ""discontinuity"": ""untested"", ""scale"": ""untested"", ""turnover"": ""fail""}",dollar volume >10x ME (count too small: subsidiary/shell or mis-scaled)
2018-05-31,FNKO,0001704711,removed:shares_turnover_implausible,balance_sheet,CommonStockSharesOutstanding,100,1,994,2.57e+03,"{""basis"": ""pass"", ""discontinuity"": ""untested"", ""scale"": ""untested"", ""turnover"": ""fail""}",dollar volume >10x ME (count too small: subsidiary/shell or mis-scaled)
2018-06-30,FNKO,0001704711,removed:shares_turnover_implausible,balance_sheet,CommonStockSharesOutstanding,100,1,1255,1.68e+03,"{""basis"": ""pass"", ""discontinuity"": ""untested"", ""scale"": ""untested"", ""turnover"": ""fail""}",dollar volume >10x ME (count too small: subsidiary/shell or mis-scaled)
2018-07-31,FNKO,0001704711,removed:shares_turnover_implausible,balance_sheet,CommonStockSharesOutstanding,100,1,1756,2.14e+03,"{""basis"": ""pass"", ""discontinuity"": ""untested"", ""scale"": ""untested"", ""turnover"": ""fail""}",dollar volume >10x ME (count too small: subsidiary/shell or mis-scaled)
2018-08-31,FNKO,0001704711,removed:shares_turnover_implausible,balance_sheet,CommonStockSharesOutstanding,100,1,2542,2.64e+03,"{""basis"": ""pass"", ""discontinuity"": ""untested"", ""scale"": ""untested"", ""turnover"": ""fail""}",dollar volume >10x ME (count too small: subsidiary/shell or mis-scaled)
2018-09-30,FNKO,0001704711,removed:shares_turnover_implausible,balance_sheet,CommonStockSharesOutstanding,100,1,2369,4.92e+03,"{""basis"": ""pass"", ""discontinuity"": ""untested"", ""scale"": ""untested"", ""turnover"": ""fail""}",dollar volume >10x ME (count too small: subsidiary/shell or mis-scaled)
2018-10-31,FNKO,0001704711,removed:shares_turnover_implausible,balance_sheet,CommonStockSharesOutstanding,100,1,1885,6.94e+03,"{""basis"": ""pass"", ""discontinuity"": ""untested"", ""scale"": ""untested"", ""turnover"": ""fail""}",dollar volume >10x ME (count too small: subsidiary/shell or mis-scaled)
2018-11-30,FNKO,0001704711,removed:shares_turnover_implausible,balance_sheet,CommonStockSharesOutstanding,100,1,1503,9.55e+03,"{""basis"": ""pass"", ""discontinuity"": ""untested"", ""scale"": ""untested"", ""turnover"": ""fail""}",dollar volume >10x ME (count too small: subsidiary/shell or mis-scaled)
2018-12-31,FNKO,0001704711,removed:shares_turnover_implausible,balance_sheet,CommonStockSharesOutstanding,100,1,1315,1.11e+04,"{""basis"": ""pass"", ""discontinuity"": ""untested"", ""scale"": ""untested"", ""turnover"": ""fail""}",dollar volume >10x ME (count too small: subsidiary/shell or mis-scaled)
2019-10-31,FOXF,0001424929,recovered,dqc_recovered:cover,EntityCommonStockSharesOutstanding,38524318,1,2.348e+09,0.00674,"{""basis"": ""pass"", ""discontinuity"": ""pass"", ""scale"": ""recovered"", ""turnover"": ""pass""}",DQC_0095 conflict resolved to the side within 100x of the verified reference
2019-11-30,FOXF,0001424929,recovered,dqc_recovered:cover,EntityCommonStockSharesOutstanding,38524318,1,2.54e+09,0.00601,"{""basis"": ""pass"", ""discontinuity"": ""pass"", ""scale"": ""recovered"", ""turnover"": ""pass""}",DQC_0095 conflict resolved to the side within 100x of the verified reference
2019-12-31,FOXF,0001424929,recovered,dqc_recovered:cover,EntityCommonStockSharesOutstanding,38524318,1,2.68e+09,0.0052,"{""basis"": ""pass"", ""discontinuity"": ""pass"", ""scale"": ""recovered"", ""turnover"": ""pass""}",DQC_0095 conflict resolved to the side within 100x of the verified reference
2020-01-31,FOXF,0001424929,recovered,dqc_recovered:cover,EntityCommonStockSharesOutstanding,38524318,1,2.536e+09,0.00516,"{""basis"": ""pass"", ""discontinuity"": ""pass"", ""scale"": ""recovered"", ""turnover"": ""pass""}",DQC_0095 conflict resolved to the side within 100x of the verified reference
2020-02-29,FOXF,0001424929,recovered,dqc_recovered:cover,EntityCommonStockSharesOutstanding,38524318,1,2.442e+09,0.00523,"{""basis"": ""pass"", ""discontinuity"": ""pass"", ""scale"": ""recovered"", ""turnover"": ""pass""}",DQC_0095 conflict resolved to the side within 100x of the verified reference
2020-03-31,FOXF,0001424929,recovered,dqc_recovered:cover,EntityCommonStockSharesOutstanding,38602699,1,1.621e+09,0.00839,"{""basis"": ""pass"", ""discontinuity"": ""pass"", ""scale"": ""recovered"", ""turnover"": ""pass""}",DQC_0095 conflict resolved to the side within 100x of the verified reference
2020-04-30,FOXF,0001424929,recovered,dqc_recovered:cover,EntityCommonStockSharesOutstanding,38602699,1,1.969e+09,0.00724,"{""basis"": ""pass"", ""discontinuity"": ""pass"", ""scale"": ""recovered"", ""turnover"": ""pass""}",DQC_0095 conflict resolved to the side within 100x of the verified reference
2020-05-31,FOXF,0001424929,recovered,dqc_recovered:cover,EntityCommonStockSharesOutstanding,38602757,1,2.784e+09,0.00593,"{""basis"": ""pass"", ""discontinuity"": ""pass"", ""scale"": ""recovered"", ""turnover"": ""pass""}",DQC_0095 conflict resolved to the side within 100x of the verified reference
2020-06-30,FOXF,0001424929,recovered,dqc_recovered:cover,EntityCommonStockSharesOutstanding,38602757,1,3.189e+09,0.00671,"{""basis"": ""pass"", ""discontinuity"": ""pass"", ""scale"": ""recovered"", ""turnover"": ""pass""}",DQC_0095 conflict resolved to the side within 100x of the verified reference
2020-07-31,FOXF,0001424929,recovered,dqc_recovered:cover,EntityCommonStockSharesOutstanding,38602757,1,3.436e+09,0.007,"{""basis"": ""pass"", ""discontinuity"": ""pass"", ""scale"": ""recovered"", ""turnover"": ""pass""}",DQC_0095 conflict resolved to the side within 100x of the verified reference
2020-08-31,FOXF,0001424929,recovered,dqc_recovered:cover,EntityCommonStockSharesOutstanding,41437681,1,4.177e+09,0.00654,"{""basis"": ""pass"", ""discontinuity"": ""pass"", ""scale"": ""recovered"", ""turnover"": ""pass""}",DQC_0095 conflict resolved to the side within 100x of the verified reference
2020-09-30,FOXF,0001424929,recovered,dqc_recovered:cover,EntityCommonStockSharesOutstanding,41437681,1,3.08e+09,0.0113,"{""basis"": ""pass"", ""discontinuity"": ""pass"", ""scale"": ""recovered"", ""turnover"": ""pass""}",DQC_0095 conflict resolved to the side within 100x of the verified reference
2020-10-31,FOXF,0001424929,recovered,dqc_recovered:cover,EntityCommonStockSharesOutstanding,41437681,1,3.484e+09,0.0103,"{""basis"": ""pass"", ""discontinuity"": ""pass"", ""scale"": ""recovered"", ""turnover"": ""pass""}",DQC_0095 conflict resolved to the side within 100x of the verified reference
2020-11-30,FOXF,0001424929,recovered,dqc_recovered:cover,EntityCommonStockSharesOutstanding,41715243,1,3.64e+09,0.01,"{""basis"": ""pass"", ""discontinuity"": ""pass"", ""scale"": ""recovered"", ""turnover"": ""pass""}",DQC_0095 conflict resolved to the side within 100x of the verified reference
2020-12-31,FOXF,0001424929,removed:shares_scale_conflict,cover,EntityCommonStockSharesOutstanding,41715243,1,4.41e+09,0.00772,"{""basis"": ""pass"", ""discontinuity"": ""untested"", ""scale"": ""fail"", ""turnover"": ""pass""}","cover vs same-filing balance-sheet count differ >100x, no verified reference to choose"
2021-01-31,FOXF,0001424929,removed:shares_scale_conflict,cover,EntityCommonStockSharesOutstanding,41715243,1,4.991e+09,0.00685,"{""basis"": ""pass"", ""discontinuity"": ""untested"", ""scale"": ""fail"", ""turnover"": ""pass""}","cover vs same-filing balance-sheet count differ >100x, no verified reference to choose"
2015-03-31,FPI,0001591670,recovered,dqc_recovered:cover,EntityCommonStockSharesOutstanding,7731755,1,9.077e+07,0.00502,"{""basis"": ""pass"", ""discontinuity"": ""pass"", ""scale"": ""recovered"", ""turnover"": ""pass""}",DQC_0095 conflict resolved to the side within 100x of the verified reference
2015-04-30,FPI,0001591670,recovered,dqc_recovered:cover,EntityCommonStockSharesOutstanding,7731755,1,9.193e+07,0.00481,"{""basis"": ""pass"", ""discontinuity"": ""pass"", ""scale"": ""recovered"", ""turnover"": ""pass""}",DQC_0095 conflict resolved to the side within 100x of the verified reference
2016-07-31,FSBC,0001667939,removed:shares_scale_conflict,cover,EntityCommonStockSharesOutstanding,100,1,1235,,"{""basis"": ""pass"", ""discontinuity"": ""untested"", ""scale"": ""fail"", ""turnover"": ""untested""}","cover vs same-filing balance-sheet count differ >100x, no verified reference to choose"
2019-03-31,FSCT,0001145057,recovered,dqc_recovered:cover,EntityCommonStockSharesOutstanding,44523438,1,1.866e+09,0.00912,"{""basis"": ""pass"", ""discontinuity"": ""pass"", ""scale"": ""recovered"", ""turnover"": ""pass""}",DQC_0095 conflict resolved to the side within 100x of the verified reference
2019-04-30,FSCT,0001145057,recovered,dqc_recovered:cover,EntityCommonStockSharesOutstanding,44523438,1,1.872e+09,0.01,"{""basis"": ""pass"", ""discontinuity"": ""pass"", ""scale"": ""recovered"", ""turnover"": ""pass""}",DQC_0095 conflict resolved to the side within 100x of the verified reference
2017-01-31,FTI,0001681459,removed:shares_turnover_implausible,cover,EntityCommonStockSharesOutstanding,1,1,33.62,4.34e+06,"{""basis"": ""pass"", ""discontinuity"": ""untested"", ""scale"": ""pass"", ""turnover"": ""fail""}",dollar volume >10x ME (count too small: subsidiary/shell or mis-scaled)
2017-02-28,FTI,0001681459,removed:shares_turnover_implausible,cover,EntityCommonStockSharesOutstanding,1,1,32.32,4.71e+06,"{""basis"": ""pass"", ""discontinuity"": ""untested"", ""scale"": ""pass"", ""turnover"": ""fail""}",dollar volume >10x ME (count too small: subsidiary/shell or mis-scaled)
2017-03-31,FTI,0001681459,removed:shares_turnover_implausible,cover,EntityCommonStockSharesOutstanding,1,1,32.5,4.88e+06,"{""basis"": ""pass"", ""discontinuity"": ""untested"", ""scale"": ""pass"", ""turnover"": ""fail""}",dollar volume >10x ME (count too small: subsidiary/shell or mis-scaled)
2017-04-30,FTI,0001681459,removed:shares_turnover_implausible,cover,EntityCommonStockSharesOutstanding,1,1,30.13,5.19e+06,"{""basis"": ""pass"", ""discontinuity"": ""untested"", ""scale"": ""pass"", ""turnover"": ""fail""}",dollar volume >10x ME (count too small: subsidiary/shell or mis-scaled)
2020-04-30,GBL,0001060349,removed:shares_turnover_implausible,balance_sheet,CommonStockSharesOutstanding,27.4,1,354.6,823,"{""basis"": ""pass"", ""discontinuity"": ""untested"", ""scale"": ""untested"", ""turnover"": ""fail""}",dollar volume >10x ME (count too small: subsidiary/shell or mis-scaled)
2021-03-31,GBL,0001060349,removed:shares_turnover_implausible,balance_sheet,CommonStockSharesOutstanding,27.5,1,510.1,844,"{""basis"": ""pass"", ""discontinuity"": ""untested"", ""scale"": ""untested"", ""turnover"": ""fail""}",dollar volume >10x ME (count too small: subsidiary/shell or mis-scaled)
2021-04-30,GBL,0001060349,removed:shares_turnover_implausible,balance_sheet,CommonStockSharesOutstanding,27.5,1,541.2,809,"{""basis"": ""pass"", ""discontinuity"": ""untested"", ""scale"": ""untested"", ""turnover"": ""fail""}",dollar volume >10x ME (count too small: subsidiary/shell or mis-scaled)
2015-04-30,GBR,0000105744,recovered,dqc_recovered:cover,EntityCommonStockSharesOutstanding,1946935,1,3.602e+06,0.0125,"{""basis"": ""pass"", ""discontinuity"": ""pass"", ""scale"": ""recovered"", ""turnover"": ""pass""}",DQC_0095 conflict resolved to the side within 100x of the verified reference
2017-09-30,GEC,0001082506,recovered,dqc_recovered:cover,EntityCommonStockSharesOutstanding,24139631,1,8.57e+07,0.0024,"{""basis"": ""pass"", ""discontinuity"": ""pass"", ""scale"": ""recovered"", ""turnover"": ""pass""}",DQC_0095 conflict resolved to the side within 100x of the verified reference
2017-10-31,GEC,0001082506,recovered,dqc_recovered:cover,EntityCommonStockSharesOutstanding,24139631,1,8.751e+07,0.0021,"{""basis"": ""pass"", ""discontinuity"": ""pass"", ""scale"": ""recovered"", ""turnover"": ""pass""}",DQC_0095 conflict resolved to the side within 100x of the verified reference
2017-11-30,GEC,0001082506,recovered,dqc_recovered:cover,EntityCommonStockSharesOutstanding,25430370,1,1.081e+08,0.00133,"{""basis"": ""pass"", ""discontinuity"": ""pass"", ""scale"": ""recovered"", ""turnover"": ""pass""}",DQC_0095 conflict resolved to the side within 100x of the verified reference
2017-12-31,GEC,0001082506,recovered,dqc_recovered:cover,EntityCommonStockSharesOutstanding,25430370,1,1.03e+08,0.00132,"{""basis"": ""pass"", ""discontinuity"": ""pass"", ""scale"": ""recovered"", ""turnover"": ""pass""}",DQC_0095 conflict resolved to the side within 100x of the verified reference
2018-01-31,GEC,0001082506,recovered,dqc_recovered:cover,EntityCommonStockSharesOutstanding,25430370,1,9.854e+07,0.00119,"{""basis"": ""pass"", ""discontinuity"": ""pass"", ""scale"": ""recovered"", ""turnover"": ""pass""}",DQC_0095 conflict resolved to the side within 100x of the verified reference
2018-02-28,GEC,0001082506,recovered,dqc_recovered:cover,EntityCommonStockSharesOutstanding,25448418,1,9.416e+07,0.00126,"{""basis"": ""pass"", ""discontinuity"": ""pass"", ""scale"": ""recovered"", ""turnover"": ""pass""}",DQC_0095 conflict resolved to the side within 100x of the verified reference
2018-03-31,GEC,0001082506,recovered,dqc_recovered:cover,EntityCommonStockSharesOutstanding,25448418,1,1.018e+08,0.00126,"{""basis"": ""pass"", ""discontinuity"": ""pass"", ""scale"": ""recovered"", ""turnover"": ""pass""}",DQC_0095 conflict resolved to the side within 100x of the verified reference
2018-04-30,GEC,0001082506,recovered,dqc_recovered:cover,EntityCommonStockSharesOutstanding,25448418,1,9.925e+07,0.0013,"{""basis"": ""pass"", ""discontinuity"": ""pass"", ""scale"": ""recovered"", ""turnover"": ""pass""}",DQC_0095 conflict resolved to the side within 100x of the verified reference
2018-05-31,GEC,0001082506,recovered,dqc_recovered:cover,EntityCommonStockSharesOutstanding,25467732,1,9.423e+07,0.00104,"{""basis"": ""pass"", ""discontinuity"": ""pass"", ""scale"": ""recovered"", ""turnover"": ""pass""}",DQC_0095 conflict resolved to the side within 100x of the verified reference
2018-06-30,GEC,0001082506,recovered,dqc_recovered:cover,EntityCommonStockSharesOutstanding,25467732,1,9.168e+07,0.00103,"{""basis"": ""pass"", ""discontinuity"": ""pass"", ""scale"": ""recovered"", ""turnover"": ""pass""}",DQC_0095 conflict resolved to the side within 100x of the verified reference
2018-07-31,GEC,0001082506,recovered,dqc_recovered:cover,EntityCommonStockSharesOutstanding,25467732,1,8.277e+07,0.00123,"{""basis"": ""pass"", ""discontinuity"": ""pass"", ""scale"": ""recovered"", ""turnover"": ""pass""}",DQC_0095 conflict resolved to the side within 100x of the verified reference
2018-08-31,GEC,0001082506,recovered,dqc_recovered:cover,EntityCommonStockSharesOutstanding,25467732,1,7.895e+07,0.00123,"{""basis"": ""pass"", ""discontinuity"": ""pass"", ""scale"": ""recovered"", ""turnover"": ""pass""}",DQC_0095 conflict resolved to the side within 100x of the verified reference
2019-11-30,GEC,0001082506,recovered,dqc_recovered:balance_sheet,CommonStockSharesOutstanding,25382503,1,8.176e+10,1.61e-06,"{""basis"": ""pass"", ""discontinuity"": ""pass"", ""scale"": ""recovered"", ""turnover"": ""pass""}",DQC_0095 conflict resolved to the side within 100x of the verified reference
2019-12-31,GEC,0001082506,recovered,dqc_recovered:balance_sheet,CommonStockSharesOutstanding,25382503,1,8.481e+10,1.35e-06,"{""basis"": ""pass"", ""discontinuity"": ""pass"", ""scale"": ""recovered"", ""turnover"": ""pass""}",DQC_0095 conflict resolved to the side within 100x of the verified reference
2020-01-31,GEC,0001082506,recovered,dqc_recovered:balance_sheet,CommonStockSharesOutstanding,25382503,1,7.618e+10,1.18e-06,"{""basis"": ""pass"", ""discontinuity"": ""pass"", ""scale"": ""recovered"", ""turnover"": ""pass""}",DQC_0095 conflict resolved to the side within 100x of the verified reference
2020-02-29,GEC,0001082506,recovered,dqc_recovered:balance_sheet,CommonStockSharesOutstanding,25411417,1,7.397e+10,1.2e-06,"{""basis"": ""pass"", ""discontinuity"": ""pass"", ""scale"": ""recovered"", ""turnover"": ""pass""}",DQC_0095 conflict resolved to the side within 100x of the verified reference
2020-03-31,GEC,0001082506,recovered,dqc_recovered:balance_sheet,CommonStockSharesOutstanding,25411417,1,4.728e+10,2.01e-06,"{""basis"": ""pass"", ""discontinuity"": ""pass"", ""scale"": ""recovered"", ""turnover"": ""pass""}",DQC_0095 conflict resolved to the side within 100x of the verified reference
2020-04-30,GEC,0001082506,recovered,dqc_recovered:balance_sheet,CommonStockSharesOutstanding,25411417,1,4.83e+10,2.05e-06,"{""basis"": ""pass"", ""discontinuity"": ""pass"", ""scale"": ""recovered"", ""turnover"": ""pass""}",DQC_0095 conflict resolved to the side within 100x of the verified reference
2014-09-30,GEN,0001126294,removed:shares_turnover_implausible,cover,EntityCommonStockSharesOutstanding,1,1,23.51,5.76e+06,"{""basis"": ""pass"", ""discontinuity"": ""untested"", ""scale"": ""untested"", ""turnover"": ""fail""}",dollar volume >10x ME (count too small: subsidiary/shell or mis-scaled)
2014-10-31,GEN,0001126294,removed:shares_turnover_implausible,cover,EntityCommonStockSharesOutstanding,1,1,24.82,5.21e+06,"{""basis"": ""pass"", ""discontinuity"": ""untested"", ""scale"": ""untested"", ""turnover"": ""fail""}",dollar volume >10x ME (count too small: subsidiary/shell or mis-scaled)
2014-11-30,GEN,0001126294,removed:shares_turnover_implausible,cover,EntityCommonStockSharesOutstanding,1,1,26.09,4.66e+06,"{""basis"": ""pass"", ""discontinuity"": ""untested"", ""scale"": ""untested"", ""turnover"": ""fail""}",dollar volume >10x ME (count too small: subsidiary/shell or mis-scaled)
2014-11-30,GLDD,0001372020,recovered,dqc_recovered:cover,EntityCommonStockSharesOutstanding,60135711,1,4.558e+08,0.00445,"{""basis"": ""pass"", ""discontinuity"": ""pass"", ""scale"": ""recovered"", ""turnover"": ""pass""}",DQC_0095 conflict resolved to the side within 100x of the verified reference
2014-12-31,GLDD,0001372020,recovered,dqc_recovered:cover,EntityCommonStockSharesOutstanding,60135711,1,5.148e+08,0.00407,"{""basis"": ""pass"", ""discontinuity"": ""pass"", ""scale"": ""recovered"", ""turnover"": ""pass""}",DQC_0095 conflict resolved to the side within 100x of the verified reference
2015-01-31,GLDD,0001372020,recovered,dqc_recovered:cover,EntityCommonStockSharesOutstanding,60135711,1,4.673e+08,0.00436,"{""basis"": ""pass"", ""discontinuity"": ""pass"", ""scale"": ""recovered"", ""turnover"": ""pass""}",DQC_0095 conflict resolved to the side within 100x of the verified reference
2015-02-28,GLDD,0001372020,recovered,dqc_recovered:cover,EntityCommonStockSharesOutstanding,60135711,1,3.668e+08,0.00613,"{""basis"": ""pass"", ""discontinuity"": ""pass"", ""scale"": ""recovered"", ""turnover"": ""pass""}",DQC_0095 conflict resolved to the side within 100x of the verified reference
2015-03-31,GLDD,0001372020,recovered,dqc_recovered:cover,EntityCommonStockSharesOutstanding,60135711,1,3.614e+08,0.007,"{""basis"": ""pass"", ""discontinuity"": ""pass"", ""scale"": ""recovered"", ""turnover"": ""pass""}",DQC_0095 conflict resolved to the side within 100x of the verified reference
2015-04-30,GLDD,0001372020,recovered,dqc_recovered:cover,EntityCommonStockSharesOutstanding,60135711,1,3.488e+08,0.00659,"{""basis"": ""pass"", ""discontinuity"": ""pass"", ""scale"": ""recovered"", ""turnover"": ""pass""}",DQC_0095 conflict resolved to the side within 100x of the verified reference
2015-08-31,GLUU,0001366246,recovered,dqc_recovered:cover,EntityCommonStockSharesOutstanding,130651705,1,5.997e+08,0.0292,"{""basis"": ""pass"", ""discontinuity"": ""pass"", ""scale"": ""recovered"", ""turnover"": ""pass""}",DQC_0095 conflict resolved to the side within 100x of the verified reference
2015-09-30,GLUU,0001366246,recovered,dqc_recovered:cover,EntityCommonStockSharesOutstanding,130651705,1,5.709e+08,0.0306,"{""basis"": ""pass"", ""discontinuity"": ""pass"", ""scale"": ""recovered"", ""turnover"": ""pass""}",DQC_0095 conflict resolved to the side within 100x of the verified reference
2015-10-31,GLUU,0001366246,recovered,dqc_recovered:cover,EntityCommonStockSharesOutstanding,130651705,1,5.383e+08,0.0246,"{""basis"": ""pass"", ""discontinuity"": ""pass"", ""scale"": ""recovered"", ""turnover"": ""pass""}",DQC_0095 conflict resolved to the side within 100x of the verified reference
2018-05-31,GLUU,0001366246,recovered,dqc_recovered:cover,EntityCommonStockSharesOutstanding,139660141,1,7.877e+08,0.0129,"{""basis"": ""pass"", ""discontinuity"": ""pass"", ""scale"": ""recovered"", ""turnover"": ""pass""}",DQC_0095 conflict resolved to the side within 100x of the verified reference
2018-06-30,GLUU,0001366246,recovered,dqc_recovered:cover,EntityCommonStockSharesOutstanding,139660141,1,8.952e+08,0.0112,"{""basis"": ""pass"", ""discontinuity"": ""pass"", ""scale"": ""recovered"", ""turnover"": ""pass""}",DQC_0095 conflict resolved to the side within 100x of the verified reference
2018-07-31,GLUU,0001366246,recovered,dqc_recovered:cover,EntityCommonStockSharesOutstanding,139660141,1,7.444e+08,0.0132,"{""basis"": ""pass"", ""discontinuity"": ""pass"", ""scale"": ""recovered"", ""turnover"": ""pass""}",DQC_0095 conflict resolved to the side within 100x of the verified reference
2018-08-31,GLUU,0001366246,recovered,dqc_recovered:cover,EntityCommonStockSharesOutstanding,141804312,1,1.092e+09,0.0105,"{""basis"": ""pass"", ""discontinuity"": ""pass"", ""scale"": ""recovered"", ""turnover"": ""pass""}",DQC_0095 conflict resolved to the side within 100x of the verified reference
2018-09-30,GLUU,0001366246,recovered,dqc_recovered:cover,EntityCommonStockSharesOutstanding,141804312,1,1.056e+09,0.0118,"{""basis"": ""pass"", ""discontinuity"": ""pass"", ""scale"": ""recovered"", ""turnover"": ""pass""}",DQC_0095 conflict resolved to the side within 100x of the verified reference
2018-10-31,GLUU,0001366246,recovered,dqc_recovered:cover,EntityCommonStockSharesOutstanding,141804312,1,9.997e+08,0.0149,"{""basis"": ""pass"", ""discontinuity"": ""pass"", ""scale"": ""recovered"", ""turnover"": ""pass""}",DQC_0095 conflict resolved to the side within 100x of the verified reference
2018-11-30,GLUU,0001366246,recovered,dqc_recovered:cover,EntityCommonStockSharesOutstanding,143246988,1,1.061e+09,0.0155,"{""basis"": ""pass"", ""discontinuity"": ""pass"", ""scale"": ""recovered"", ""turnover"": ""pass""}",DQC_0095 conflict resolved to the side within 100x of the verified reference
2018-12-31,GLUU,0001366246,recovered,dqc_recovered:cover,EntityCommonStockSharesOutstanding,143246988,1,1.156e+09,0.0143,"{""basis"": ""pass"", ""discontinuity"": ""pass"", ""scale"": ""recovered"", ""turnover"": ""pass""}",DQC_0095 conflict resolved to the side within 100x of the verified reference
2019-01-31,GLUU,0001366246,recovered,dqc_recovered:cover,EntityCommonStockSharesOutstanding,143246988,1,1.395e+09,0.0133,"{""basis"": ""pass"", ""discontinuity"": ""pass"", ""scale"": ""recovered"", ""turnover"": ""pass""}",DQC_0095 conflict resolved to the side within 100x of the verified reference
2019-02-28,GLUU,0001366246,recovered,dqc_recovered:cover,EntityCommonStockSharesOutstanding,143246988,1,1.286e+09,0.0152,"{""basis"": ""pass"", ""discontinuity"": ""pass"", ""scale"": ""recovered"", ""turnover"": ""pass""}",DQC_0095 conflict resolved to the side within 100x of the verified reference
2015-08-31,GNVC,0000934473,recovered,dqc_recovered:cover,EntityCommonStockSharesOutstanding,17269962,1,4.376e+07,0.00295,"{""basis"": ""pass"", ""discontinuity"": ""pass"", ""scale"": ""recovered"", ""turnover"": ""pass""}",DQC_0095 conflict resolved to the side within 100x of the verified reference
2015-09-30,GNVC,0000934473,recovered,dqc_recovered:cover,EntityCommonStockSharesOutstanding,17269962,1,3.989e+07,0.00186,"{""basis"": ""pass"", ""discontinuity"": ""pass"", ""scale"": ""recovered"", ""turnover"": ""pass""}",DQC_0095 conflict resolved to the side within 100x of the verified reference
2015-10-31,GNVC,0000934473,recovered,dqc_recovered:cover,EntityCommonStockSharesOutstanding,17269962,1,3.005e+07,0.00219,"{""basis"": ""pass"", ""discontinuity"": ""pass"", ""scale"": ""recovered"", ""turnover"": ""pass""}",DQC_0095 conflict resolved to the side within 100x of the verified reference
2017-03-31,GNVC,0000934473,recovered,dqc_recovered:cover,EntityCommonStockSharesOutstanding,2273632,1,1.378e+07,0.129,"{""basis"": ""pass"", ""discontinuity"": ""pass"", ""scale"": ""recovered"", ""turnover"": ""pass""}",DQC_0095 conflict resolved to the side within 100x of the verified reference
2017-04-30,GNVC,0000934473,recovered,dqc_recovered:cover,EntityCommonStockSharesOutstanding,2273632,1,1.435e+07,0.125,"{""basis"": ""pass"", ""discontinuity"": ""pass"", ""scale"": ""recovered"", ""turnover"": ""pass""}",DQC_0095 conflict resolved to the side within 100x of the verified reference
2015-02-28,GRMN,0001121788,recovered,dqc_recovered:cover,EntityCommonStockSharesOutstanding,208077418,1,1.033e+10,0.00874,"{""basis"": ""pass"", ""discontinuity"": ""pass"", ""scale"": ""recovered"", ""turnover"": ""pass""}",DQC_0095 conflict resolved to the side within 100x of the verified reference
2015-03-31,GRMN,0001121788,recovered,dqc_recovered:cover,EntityCommonStockSharesOutstanding,208077418,1,9.888e+09,0.0087,"{""basis"": ""pass"", ""discontinuity"": ""pass"", ""scale"": ""recovered"", ""turnover"": ""pass""}",DQC_0095 conflict resolved to the side within 100x of the verified reference
2015-04-30,GRMN,0001121788,recovered,dqc_recovered:cover,EntityCommonStockSharesOutstanding,208077418,1,9.403e+09,0.00867,"{""basis"": ""pass"", ""discontinuity"": ""pass"", ""scale"": ""recovered"", ""turnover"": ""pass""}",DQC_0095 conflict resolved to the side within 100x of the verified reference
2015-05-31,GRMN,0001121788,recovered,dqc_recovered:cover,EntityCommonStockSharesOutstanding,208077418,1,9.463e+09,0.00763,"{""basis"": ""pass"", ""discontinuity"": ""pass"", ""scale"": ""recovered"", ""turnover"": ""pass""}",DQC_0095 conflict resolved to the side within 100x of the verified reference
2015-06-30,GRMN,0001121788,recovered,dqc_recovered:cover,EntityCommonStockSharesOutstanding,208077418,1,9.141e+09,0.00772,"{""basis"": ""pass"", ""discontinuity"": ""pass"", ""scale"": ""recovered"", ""turnover"": ""pass""}",DQC_0095 conflict resolved to the side within 100x of the verified reference
2015-07-31,GRMN,0001121788,recovered,dqc_recovered:cover,EntityCommonStockSharesOutstanding,208077418,1,8.721e+09,0.00837,"{""basis"": ""pass"", ""discontinuity"": ""pass"", ""scale"": ""recovered"", ""turnover"": ""pass""}",DQC_0095 conflict resolved to the side within 100x of the verified reference
2015-08-31,GRMN,0001121788,recovered,dqc_recovered:cover,EntityCommonStockSharesOutstanding,208077418,1,7.826e+09,0.0084,"{""basis"": ""pass"", ""discontinuity"": ""pass"", ""scale"": ""recovered"", ""turnover"": ""pass""}",DQC_0095 conflict resolved to the side within 100x of the verified reference
2015-09-30,GRMN,0001121788,recovered,dqc_recovered:cover,EntityCommonStockSharesOutstanding,208077418,1,7.466e+09,0.00807,"{""basis"": ""pass"", ""discontinuity"": ""pass"", ""scale"": ""recovered"", ""turnover"": ""pass""}",DQC_0095 conflict resolved to the side within 100x of the verified reference
2015-10-31,GRMN,0001121788,recovered,dqc_recovered:cover,EntityCommonStockSharesOutstanding,208077418,1,7.381e+09,0.00776,"{""basis"": ""pass"", ""discontinuity"": ""pass"", ""scale"": ""recovered"", ""turnover"": ""pass""}",DQC_0095 conflict resolved to the side within 100x of the verified reference
2015-11-30,GRMN,0001121788,recovered,dqc_recovered:cover,EntityCommonStockSharesOutstanding,208077418,1,7.876e+09,0.00726,"{""basis"": ""pass"", ""discontinuity"": ""pass"", ""scale"": ""recovered"", ""turnover"": ""pass""}",DQC_0095 conflict resolved to the side within 100x of the verified reference
2015-12-31,GRMN,0001121788,recovered,dqc_recovered:cover,EntityCommonStockSharesOutstanding,208077418,1,7.734e+09,0.00749,"{""basis"": ""pass"", ""discontinuity"": ""pass"", ""scale"": ""recovered"", ""turnover"": ""pass""}",DQC_0095 conflict resolved to the side within 100x of the verified reference
2016-01-31,GRMN,0001121788,recovered,dqc_recovered:cover,EntityCommonStockSharesOutstanding,208077418,1,7.32e+09,0.00732,"{""basis"": ""pass"", ""discontinuity"": ""pass"", ""scale"": ""recovered"", ""turnover"": ""pass""}",DQC_0095 conflict resolved to the side within 100x of the verified reference
2016-02-29,GRMN,0001121788,recovered,dqc_recovered:cover,EntityCommonStockSharesOutstanding,208077418,1,8.429e+09,0.00661,"{""basis"": ""pass"", ""discontinuity"": ""pass"", ""scale"": ""recovered"", ""turnover"": ""pass""}",DQC_0095 conflict resolved to the side within 100x of the verified reference
2016-03-31,GRMN,0001121788,recovered,dqc_recovered:cover,EntityCommonStockSharesOutstanding,208077418,1,8.315e+09,0.0068,"{""basis"": ""pass"", ""discontinuity"": ""pass"", ""scale"": ""recovered"", ""turnover"": ""pass""}",DQC_0095 conflict resolved to the side within 100x of the verified reference
2016-04-30,GRMN,0001121788,recovered,dqc_recovered:balance_sheet,CommonStockSharesOutstanding,189193000,1,8.87e+12,6.27e-06,"{""basis"": ""pass"", ""discontinuity"": ""pass"", ""scale"": ""recovered"", ""turnover"": ""pass""}",DQC_0095 conflict resolved to the side within 100x of the verified reference
2016-05-31,GRMN,0001121788,removed:shares_scale_conflict,cover,EntityCommonStockSharesOutstanding,208077418000,1,8.847e+12,6.05e-06,"{""basis"": ""pass"", ""discontinuity"": ""untested"", ""scale"": ""fail"", ""turnover"": ""pass""}","cover vs same-filing balance-sheet count differ >100x, no verified reference to choose"
2016-06-30,GRMN,0001121788,removed:shares_scale_conflict,cover,EntityCommonStockSharesOutstanding,208077418000,1,8.827e+12,5.51e-06,"{""basis"": ""pass"", ""discontinuity"": ""untested"", ""scale"": ""fail"", ""turnover"": ""pass""}","cover vs same-filing balance-sheet count differ >100x, no verified reference to choose"
2016-07-31,GRMN,0001121788,removed:shares_scale_conflict,cover,EntityCommonStockSharesOutstanding,208077418000,1,1.13e+13,4.31e-06,"{""basis"": ""pass"", ""discontinuity"": ""untested"", ""scale"": ""fail"", ""turnover"": ""pass""}","cover vs same-filing balance-sheet count differ >100x, no verified reference to choose"
2016-08-31,GRMN,0001121788,removed:shares_scale_conflict,cover,EntityCommonStockSharesOutstanding,208077418000,1,1.021e+13,4.82e-06,"{""basis"": ""pass"", ""discontinuity"": ""untested"", ""scale"": ""fail"", ""turnover"": ""pass""}","cover vs same-filing balance-sheet count differ >100x, no verified reference to choose"
2016-09-30,GRMN,0001121788,removed:shares_scale_conflict,cover,EntityCommonStockSharesOutstanding,208077418000,1,1.001e+13,5.23e-06,"{""basis"": ""pass"", ""discontinuity"": ""untested"", ""scale"": ""fail"", ""turnover"": ""pass""}","cover vs same-filing balance-sheet count differ >100x, no verified reference to choose"
2016-10-31,GRMN,0001121788,removed:shares_scale_conflict,cover,EntityCommonStockSharesOutstanding,198077418000,1,9.579e+12,5.63e-06,"{""basis"": ""pass"", ""discontinuity"": ""untested"", ""scale"": ""fail"", ""turnover"": ""pass""}","cover vs same-filing balance-sheet count differ >100x, no verified reference to choose"
2016-11-30,GRMN,0001121788,removed:shares_scale_conflict,cover,EntityCommonStockSharesOutstanding,198077418000,1,1.033e+13,5.72e-06,"{""basis"": ""pass"", ""discontinuity"": ""untested"", ""scale"": ""fail"", ""turnover"": ""pass""}","cover vs same-filing balance-sheet count differ >100x, no verified reference to choose"
2016-12-31,GRMN,0001121788,removed:shares_scale_conflict,cover,EntityCommonStockSharesOutstanding,198077418000,1,9.605e+12,6.57e-06,"{""basis"": ""pass"", ""discontinuity"": ""untested"", ""scale"": ""fail"", ""turnover"": ""pass""}","cover vs same-filing balance-sheet count differ >100x, no verified reference to choose"
2017-01-31,GRMN,0001121788,removed:shares_scale_conflict,cover,EntityCommonStockSharesOutstanding,198077418000,1,9.565e+12,6.56e-06,"{""basis"": ""pass"", ""discontinuity"": ""untested"", ""scale"": ""fail"", ""turnover"": ""pass""}","cover vs same-filing balance-sheet count differ >100x, no verified reference to choose"
2017-02-28,GRMN,0001121788,removed:shares_scale_conflict,cover,EntityCommonStockSharesOutstanding,198077418,1,1.022e+10,0.00649,"{""basis"": ""pass"", ""discontinuity"": ""untested"", ""scale"": ""fail"", ""turnover"": ""pass""}","cover vs same-filing balance-sheet count differ >100x, no verified reference to choose"
2017-03-31,GRMN,0001121788,removed:shares_scale_conflict,cover,EntityCommonStockSharesOutstanding,198077418,1,1.012e+10,0.00631,"{""basis"": ""pass"", ""discontinuity"": ""untested"", ""scale"": ""fail"", ""turnover"": ""pass""}","cover vs same-filing balance-sheet count differ >100x, no verified reference to choose"
2017-04-30,GRMN,0001121788,removed:shares_scale_conflict,cover,EntityCommonStockSharesOutstanding,198077418,1,1.007e+10,0.00622,"{""basis"": ""pass"", ""discontinuity"": ""untested"", ""scale"": ""fail"", ""turnover"": ""pass""}","cover vs same-filing balance-sheet count differ >100x, no verified reference to choose"
2017-05-31,GRMN,0001121788,removed:shares_scale_conflict,cover,EntityCommonStockSharesOutstanding,198077418,1,1.031e+10,0.00599,"{""basis"": ""pass"", ""discontinuity"": ""untested"", ""scale"": ""fail"", ""turnover"": ""pass""}","cover vs same-filing balance-sheet count differ >100x, no verified reference to choose"
2017-06-30,GRMN,0001121788,removed:shares_scale_conflict,cover,EntityCommonStockSharesOutstanding,198077418,1,1.011e+10,0.00581,"{""basis"": ""pass"", ""discontinuity"": ""untested"", ""scale"": ""fail"", ""turnover"": ""pass""}","cover vs same-filing balance-sheet count differ >100x, no verified reference to choose"
2017-07-31,GRMN,0001121788,removed:shares_scale_conflict,cover,EntityCommonStockSharesOutstanding,198077418,1,9.942e+09,0.0061,"{""basis"": ""pass"", ""discontinuity"": ""untested"", ""scale"": ""fail"", ""turnover"": ""pass""}","cover vs same-filing balance-sheet count differ >100x, no verified reference to choose"
2017-08-31,GRMN,0001121788,removed:shares_scale_conflict,cover,EntityCommonStockSharesOutstanding,198077418,1,1.02e+10,0.00526,"{""basis"": ""pass"", ""discontinuity"": ""untested"", ""scale"": ""fail"", ""turnover"": ""pass""}","cover vs same-filing balance-sheet count differ >100x, no verified reference to choose"
2017-09-30,GRMN,0001121788,removed:shares_scale_conflict,cover,EntityCommonStockSharesOutstanding,198077418,1,1.069e+10,0.00491,"{""basis"": ""pass"", ""discontinuity"": ""untested"", ""scale"": ""fail"", ""turnover"": ""pass""}","cover vs same-filing balance-sheet count differ >100x, no verified reference to choose"
2017-10-31,GRMN,0001121788,removed:shares_scale_conflict,cover,EntityCommonStockSharesOutstanding,198077418,1,1.121e+10,0.00458,"{""basis"": ""pass"", ""discontinuity"": ""untested"", ""scale"": ""fail"", ""turnover"": ""pass""}","cover vs same-filing balance-sheet count differ >100x, no verified reference to choose"
2017-11-30,GRMN,0001121788,removed:shares_scale_conflict,cover,EntityCommonStockSharesOutstanding,198077418,1,1.23e+10,0.00452,"{""basis"": ""pass"", ""discontinuity"": ""untested"", ""scale"": ""fail"", ""turnover"": ""pass""}","cover vs same-filing balance-sheet count differ >100x, no verified reference to choose"
2017-12-31,GRMN,0001121788,removed:shares_scale_conflict,cover,EntityCommonStockSharesOutstanding,198077418,1,1.18e+10,0.00503,"{""basis"": ""pass"", ""discontinuity"": ""untested"", ""scale"": ""fail"", ""turnover"": ""pass""}","cover vs same-filing balance-sheet count differ >100x, no verified reference to choose"
2018-01-31,GRMN,0001121788,removed:shares_scale_conflict,cover,EntityCommonStockSharesOutstanding,198077418,1,1.247e+10,0.00487,"{""basis"": ""pass"", ""discontinuity"": ""untested"", ""scale"": ""fail"", ""turnover"": ""pass""}","cover vs same-filing balance-sheet count differ >100x, no verified reference to choose"
2018-02-28,GRMN,0001121788,removed:shares_scale_conflict,cover,EntityCommonStockSharesOutstanding,198077418,1,1.173e+10,0.00568,"{""basis"": ""pass"", ""discontinuity"": ""untested"", ""scale"": ""fail"", ""turnover"": ""pass""}","cover vs same-filing balance-sheet count differ >100x, no verified reference to choose"
2018-03-31,GRMN,0001121788,removed:shares_scale_conflict,cover,EntityCommonStockSharesOutstanding,198077418,1,1.167e+10,0.00587,"{""basis"": ""pass"", ""discontinuity"": ""untested"", ""scale"": ""fail"", ""turnover"": ""pass""}","cover vs same-filing balance-sheet count differ >100x, no verified reference to choose"
2018-04-30,GRMN,0001121788,removed:shares_scale_conflict,cover,EntityCommonStockSharesOutstanding,198077418,1,1.162e+10,0.00593,"{""basis"": ""pass"", ""discontinuity"": ""untested"", ""scale"": ""fail"", ""turnover"": ""pass""}","cover vs same-filing balance-sheet count differ >100x, no verified reference to choose"
2018-08-31,GRMN,0001121788,recovered,dqc_recovered:balance_sheet,CommonStockSharesOutstanding,188797000,1,1.35e+13,4.37e-06,"{""basis"": ""pass"", ""discontinuity"": ""pass"", ""scale"": ""recovered"", ""turnover"": ""pass""}",DQC_0095 conflict resolved to the side within 100x of the verified reference
2018-09-30,GRMN,0001121788,recovered,dqc_recovered:balance_sheet,CommonStockSharesOutstanding,188797000,1,1.388e+13,4.45e-06,"{""basis"": ""pass"", ""discontinuity"": ""pass"", ""scale"": ""recovered"", ""turnover"": ""pass""}",DQC_0095 conflict resolved to the side within 100x of the verified reference
2018-10-31,GRMN,0001121788,recovered,dqc_recovered:balance_sheet,CommonStockSharesOutstanding,188797000,1,1.31e+13,5.03e-06,"{""basis"": ""pass"", ""discontinuity"": ""pass"", ""scale"": ""recovered"", ""turnover"": ""pass""}",DQC_0095 conflict resolved to the side within 100x of the verified reference
2018-11-30,GRMN,0001121788,recovered,dqc_recovered:balance_sheet,CommonStockSharesOutstanding,188809000,1,1.32e+13,5.27e-06,"{""basis"": ""pass"", ""discontinuity"": ""pass"", ""scale"": ""recovered"", ""turnover"": ""pass""}",DQC_0095 conflict resolved to the side within 100x of the verified reference
2018-12-31,GRMN,0001121788,recovered,dqc_recovered:balance_sheet,CommonStockSharesOutstanding,188809000,1,1.254e+13,5.74e-06,"{""basis"": ""pass"", ""discontinuity"": ""pass"", ""scale"": ""recovered"", ""turnover"": ""pass""}",DQC_0095 conflict resolved to the side within 100x of the verified reference
2019-01-31,GRMN,0001121788,recovered,dqc_recovered:balance_sheet,CommonStockSharesOutstanding,188809000,1,1.37e+13,5.24e-06,"{""basis"": ""pass"", ""discontinuity"": ""pass"", ""scale"": ""recovered"", ""turnover"": ""pass""}",DQC_0095 conflict resolved to the side within 100x of the verified reference
2019-02-28,GRMN,0001121788,recovered,dqc_recovered:cover,EntityCommonStockSharesOutstanding,198077418,1,1.663e+10,0.00462,"{""basis"": ""pass"", ""discontinuity"": ""pass"", ""scale"": ""recovered"", ""turnover"": ""pass""}",DQC_0095 conflict resolved to the side within 100x of the verified reference
2019-03-31,GRMN,0001121788,recovered,dqc_recovered:cover,EntityCommonStockSharesOutstanding,198077418,1,1.71e+10,0.0048,"{""basis"": ""pass"", ""discontinuity"": ""pass"", ""scale"": ""recovered"", ""turnover"": ""pass""}",DQC_0095 conflict resolved to the side within 100x of the verified reference
2019-04-30,GRMN,0001121788,recovered,dqc_recovered:cover,EntityCommonStockSharesOutstanding,198077418,1,1.698e+10,0.00495,"{""basis"": ""pass"", ""discontinuity"": ""pass"", ""scale"": ""recovered"", ""turnover"": ""pass""}",DQC_0095 conflict resolved to the side within 100x of the verified reference
2019-05-31,GRMN,0001121788,recovered,dqc_recovered:cover,EntityCommonStockSharesOutstanding,198077418,1,1.515e+10,0.00583,"{""basis"": ""pass"", ""discontinuity"": ""pass"", ""scale"": ""recovered"", ""turnover"": ""pass""}",DQC_0095 conflict resolved to the side within 100x of the verified reference
2019-06-30,GRMN,0001121788,recovered,dqc_recovered:cover,EntityCommonStockSharesOutstanding,198077418,1,1.581e+10,0.00569,"{""basis"": ""pass"", ""discontinuity"": ""pass"", ""scale"": ""recovered"", ""turnover"": ""pass""}",DQC_0095 conflict resolved to the side within 100x of the verified reference
2019-07-31,GRMN,0001121788,recovered,dqc_recovered:cover,EntityCommonStockSharesOutstanding,198077418,1,1.557e+10,0.00625,"{""basis"": ""pass"", ""discontinuity"": ""pass"", ""scale"": ""recovered"", ""turnover"": ""pass""}",DQC_0095 conflict resolved to the side within 100x of the verified reference
2015-05-31,HBAN,0000049196,recovered,dqc_recovered:balance_sheet,CommonStockSharesOutstanding,808528243,1,8.999e+12,1.06e-05,"{""basis"": ""pass"", ""discontinuity"": ""pass"", ""scale"": ""recovered"", ""turnover"": ""pass""}",DQC_0095 conflict resolved to the side within 100x of the verified reference
2015-06-30,HBAN,0000049196,recovered,dqc_recovered:balance_sheet,CommonStockSharesOutstanding,808528243,1,9.144e+12,1.09e-05,"{""basis"": ""pass"", ""discontinuity"": ""pass"", ""scale"": ""recovered"", ""turnover"": ""pass""}",DQC_0095 conflict resolved to the side within 100x of the verified reference
2015-07-31,HBAN,0000049196,recovered,dqc_recovered:balance_sheet,CommonStockSharesOutstanding,808528243,1,9.436e+12,1.03e-05,"{""basis"": ""pass"", ""discontinuity"": ""pass"", ""scale"": ""recovered"", ""turnover"": ""pass""}",DQC_0095 conflict resolved to the side within 100x of the verified reference
2018-03-31,HHS,0000045919,removed:shares_basis_ambiguous,cover,EntityCommonStockSharesOutstanding,6217586,0.1,5.693e+06,0.0213,"{""basis"": ""fail"", ""discontinuity"": ""untested"", ""scale"": ""untested"", ""turnover"": ""pass""}",split stamp between cover date and filing
2018-04-30,HHS,0000045919,removed:shares_basis_ambiguous,cover,EntityCommonStockSharesOutstanding,6217586,0.1,5.677e+06,0.0217,"{""basis"": ""fail"", ""discontinuity"": ""untested"", ""scale"": ""untested"", ""turnover"": ""pass""}",split stamp between cover date and filing
2020-05-31,HLIO,0001024795,recovered,dqc_recovered:cover,EntityCommonStockSharesOutstanding,32081445,1,1.148e+09,0.00438,"{""basis"": ""pass"", ""discontinuity"": ""pass"", ""scale"": ""recovered"", ""turnover"": ""pass""}",DQC_0095 conflict resolved to the side within 100x of the verified reference
2020-06-30,HLIO,0001024795,recovered,dqc_recovered:cover,EntityCommonStockSharesOutstanding,32081445,1,1.195e+09,0.00472,"{""basis"": ""pass"", ""discontinuity"": ""pass"", ""scale"": ""recovered"", ""turnover"": ""pass""}",DQC_0095 conflict resolved to the side within 100x of the verified reference
2020-07-31,HLIO,0001024795,recovered,dqc_recovered:cover,EntityCommonStockSharesOutstanding,32081445,1,1.214e+09,0.00466,"{""basis"": ""pass"", ""discontinuity"": ""pass"", ""scale"": ""recovered"", ""turnover"": ""pass""}",DQC_0095 conflict resolved to the side within 100x of the verified reference
2020-08-31,HLIO,0001024795,recovered,dqc_recovered:cover,EntityCommonStockSharesOutstanding,32093461,1,1.319e+09,0.00434,"{""basis"": ""pass"", ""discontinuity"": ""pass"", ""scale"": ""recovered"", ""turnover"": ""pass""}",DQC_0095 conflict resolved to the side within 100x of the verified reference
2020-09-30,HLIO,0001024795,recovered,dqc_recovered:cover,EntityCommonStockSharesOutstanding,32093461,1,1.168e+09,0.00446,"{""basis"": ""pass"", ""discontinuity"": ""pass"", ""scale"": ""recovered"", ""turnover"": ""pass""}",DQC_0095 conflict resolved to the side within 100x of the verified reference
2020-10-31,HLIO,0001024795,recovered,dqc_recovered:cover,EntityCommonStockSharesOutstanding,32093461,1,1.343e+09,0.00365,"{""basis"": ""pass"", ""discontinuity"": ""pass"", ""scale"": ""recovered"", ""turnover"": ""pass""}",DQC_0095 conflict resolved to the side within 100x of the verified reference
2018-07-31,HMNY,0001040792,removed:shares_basis_ambiguous,cover,EntityCommonStockSharesOutstanding,82655182,0.004,1.64e+05,114,"{""basis"": ""fail"", ""discontinuity"": ""pass"", ""scale"": ""pass"", ""turnover"": ""fail""}","split stamp beyond [1/100,100]"
2018-08-31,HMNY,0001040792,removed_after_recovery:shares_turnover_implausible,dqc_recovered:balance_sheet,CommonStockSharesOutstanding,999482,1,1.376e+07,1.02,"{""basis"": ""pass"", ""discontinuity"": ""pass"", ""scale"": ""recovered"", ""turnover"": ""fail""}",dollar volume >10x ME (count too small: subsidiary/shell or mis-scaled)
2018-09-30,HMNY,0001040792,removed_after_recovery:shares_turnover_implausible,dqc_recovered:balance_sheet,CommonStockSharesOutstanding,999482,1,9.617e+06,1.27,"{""basis"": ""pass"", ""discontinuity"": ""pass"", ""scale"": ""recovered"", ""turnover"": ""fail""}",dollar volume >10x ME (count too small: subsidiary/shell or mis-scaled)
2018-10-31,HMNY,0001040792,removed_after_recovery:shares_turnover_implausible,dqc_recovered:balance_sheet,CommonStockSharesOutstanding,999482,1,1.115e+07,0.679,"{""basis"": ""pass"", ""discontinuity"": ""pass"", ""scale"": ""recovered"", ""turnover"": ""fail""}",dollar volume >10x ME (count too small: subsidiary/shell or mis-scaled)
2018-11-30,HMNY,0001040792,removed:shares_discontinuity,cover,EntityCommonStockSharesOutstanding,1612561916,1,2.628e+07,0.196,"{""basis"": ""pass"", ""discontinuity"": ""fail"", ""scale"": ""pass"", ""turnover"": ""pass""}",>100x jump vs last verified count of the series
2018-12-31,HMNY,0001040792,removed:shares_discontinuity,cover,EntityCommonStockSharesOutstanding,1612561916,1,2.58e+07,0.147,"{""basis"": ""pass"", ""discontinuity"": ""fail"", ""scale"": ""pass"", ""turnover"": ""pass""}",>100x jump vs last verified count of the series
2019-01-31,HMNY,0001040792,removed:shares_discontinuity,cover,EntityCommonStockSharesOutstanding,1612561916,1,1.693e+07,0.145,"{""basis"": ""pass"", ""discontinuity"": ""fail"", ""scale"": ""pass"", ""turnover"": ""pass""}",>100x jump vs last verified count of the series
2014-11-30,HPY,0001144354,recovered,dqc_recovered:cover,EntityCommonStockSharesOutstanding,36220616,1,1.975e+09,0.00817,"{""basis"": ""pass"", ""discontinuity"": ""pass"", ""scale"": ""recovered"", ""turnover"": ""pass""}",DQC_0095 conflict resolved to the side within 100x of the verified reference
2014-12-31,HPY,0001144354,recovered,dqc_recovered:cover,EntityCommonStockSharesOutstanding,36220616,1,1.954e+09,0.0079,"{""basis"": ""pass"", ""discontinuity"": ""pass"", ""scale"": ""recovered"", ""turnover"": ""pass""}",DQC_0095 conflict resolved to the side within 100x of the verified reference
2015-01-31,HPY,0001144354,recovered,dqc_recovered:cover,EntityCommonStockSharesOutstanding,36220616,1,1.803e+09,0.00761,"{""basis"": ""pass"", ""discontinuity"": ""pass"", ""scale"": ""recovered"", ""turnover"": ""pass""}",DQC_0095 conflict resolved to the side within 100x of the verified reference
2015-02-28,HPY,0001144354,recovered,dqc_recovered:cover,EntityCommonStockSharesOutstanding,36220616,1,1.776e+09,0.00825,"{""basis"": ""pass"", ""discontinuity"": ""pass"", ""scale"": ""recovered"", ""turnover"": ""pass""}",DQC_0095 conflict resolved to the side within 100x of the verified reference
2018-02-28,HRTX,0000818033,recovered,dqc_recovered:cover,EntityCommonStockSharesOutstanding,64648383,1,1.316e+09,0.0126,"{""basis"": ""pass"", ""discontinuity"": ""pass"", ""scale"": ""recovered"", ""turnover"": ""pass""}",DQC_0095 conflict resolved to the side within 100x of the verified reference
2018-03-31,HRTX,0000818033,recovered,dqc_recovered:cover,EntityCommonStockSharesOutstanding,64648383,1,1.784e+09,0.0129,"{""basis"": ""pass"", ""discontinuity"": ""pass"", ""scale"": ""recovered"", ""turnover"": ""pass""}",DQC_0095 conflict resolved to the side within 100x of the verified reference
2018-04-30,HRTX,0000818033,recovered,dqc_recovered:cover,EntityCommonStockSharesOutstanding,64648383,1,1.959e+09,0.0135,"{""basis"": ""pass"", ""discontinuity"": ""pass"", ""scale"": ""recovered"", ""turnover"": ""pass""}",DQC_0095 conflict resolved to the side within 100x of the verified reference
2014-09-30,III,0001371489,removed:shares_scale_conflict,cover,EntityCommonStockSharesOutstanding,37115291,1,1.41e+08,0.00484,"{""basis"": ""pass"", ""discontinuity"": ""untested"", ""scale"": ""fail"", ""turnover"": ""pass""}","cover vs same-filing balance-sheet count differ >100x, no verified reference to choose"
2014-10-31,III,0001371489,removed:shares_scale_conflict,cover,EntityCommonStockSharesOutstanding,37115291,1,1.57e+08,0.004,"{""basis"": ""pass"", ""discontinuity"": ""untested"", ""scale"": ""fail"", ""turnover"": ""pass""}","cover vs same-filing balance-sheet count differ >100x, no verified reference to choose"
2014-11-30,III,0001371489,removed:shares_scale_conflict,cover,EntityCommonStockSharesOutstanding,36706834,1,1.454e+08,0.00396,"{""basis"": ""pass"", ""discontinuity"": ""untested"", ""scale"": ""fail"", ""turnover"": ""pass""}","cover vs same-filing balance-sheet count differ >100x, no verified reference to choose"
2014-12-31,III,0001371489,removed:shares_scale_conflict,cover,EntityCommonStockSharesOutstanding,36706834,1,1.549e+08,0.0023,"{""basis"": ""pass"", ""discontinuity"": ""untested"", ""scale"": ""fail"", ""turnover"": ""pass""}","cover vs same-filing balance-sheet count differ >100x, no verified reference to choose"
2015-01-31,III,0001371489,removed:shares_scale_conflict,cover,EntityCommonStockSharesOutstanding,36706834,1,1.476e+08,0.00212,"{""basis"": ""pass"", ""discontinuity"": ""untested"", ""scale"": ""fail"", ""turnover"": ""pass""}","cover vs same-filing balance-sheet count differ >100x, no verified reference to choose"
2015-02-28,III,0001371489,removed:shares_scale_conflict,cover,EntityCommonStockSharesOutstanding,36706834,1,1.435e+08,0.00184,"{""basis"": ""pass"", ""discontinuity"": ""untested"", ""scale"": ""fail"", ""turnover"": ""pass""}","cover vs same-filing balance-sheet count differ >100x, no verified reference to choose"
2015-05-31,III,0001371489,recovered,dqc_recovered:cover,EntityCommonStockSharesOutstanding,37162822,1,1.42e+08,0.00205,"{""basis"": ""pass"", ""discontinuity"": ""pass"", ""scale"": ""recovered"", ""turnover"": ""pass""}",DQC_0095 conflict resolved to the side within 100x of the verified reference
2015-06-30,III,0001371489,recovered,dqc_recovered:cover,EntityCommonStockSharesOutstanding,37162822,1,1.776e+08,0.00301,"{""basis"": ""pass"", ""discontinuity"": ""pass"", ""scale"": ""recovered"", ""turnover"": ""pass""}",DQC_0095 conflict resolved to the side within 100x of the verified reference
2015-07-31,III,0001371489,recovered,dqc_recovered:cover,EntityCommonStockSharesOutstanding,37162822,1,1.635e+08,0.00336,"{""basis"": ""pass"", ""discontinuity"": ""pass"", ""scale"": ""recovered"", ""turnover"": ""pass""}",DQC_0095 conflict resolved to the side within 100x of the verified reference
2015-08-31,III,0001371489,recovered,dqc_recovered:cover,EntityCommonStockSharesOutstanding,37303346,1,1.384e+08,0.00422,"{""basis"": ""pass"", ""discontinuity"": ""pass"", ""scale"": ""recovered"", ""turnover"": ""pass""}",DQC_0095 conflict resolved to the side within 100x of the verified reference
2015-09-30,III,0001371489,recovered,dqc_recovered:cover,EntityCommonStockSharesOutstanding,37303346,1,1.459e+08,0.00386,"{""basis"": ""pass"", ""discontinuity"": ""pass"", ""scale"": ""recovered"", ""turnover"": ""pass""}",DQC_0095 conflict resolved to the side within 100x of the verified reference
2015-10-31,III,0001371489,recovered,dqc_recovered:cover,EntityCommonStockSharesOutstanding,37303346,1,1.369e+08,0.00388,"{""basis"": ""pass"", ""discontinuity"": ""pass"", ""scale"": ""recovered"", ""turnover"": ""pass""}",DQC_0095 conflict resolved to the side within 100x of the verified reference
2018-08-31,IMGN,0000855654,recovered,dqc_recovered:cover,EntityCommonStockSharesOutstanding,149021323,1,1.519e+09,0.0183,"{""basis"": ""pass"", ""discontinuity"": ""pass"", ""scale"": ""recovered"", ""turnover"": ""pass""}",DQC_0095 conflict resolved to the side within 100x of the verified reference
2018-09-30,IMGN,0000855654,recovered,dqc_recovered:cover,EntityCommonStockSharesOutstanding,149021323,1,1.411e+09,0.0163,"{""basis"": ""pass"", ""discontinuity"": ""pass"", ""scale"": ""recovered"", ""turnover"": ""pass""}",DQC_0095 conflict resolved to the side within 100x of the verified reference
2018-10-31,IMGN,0000855654,recovered,dqc_recovered:cover,EntityCommonStockSharesOutstanding,149021323,1,8.092e+08,0.0272,"{""basis"": ""pass"", ""discontinuity"": ""pass"", ""scale"": ""recovered"", ""turnover"": ""pass""}",DQC_0095 conflict resolved to the side within 100x of the verified reference
2018-11-30,IMGN,0000855654,recovered,dqc_recovered:cover,EntityCommonStockSharesOutstanding,149090770,1,8.215e+08,0.0248,"{""basis"": ""pass"", ""discontinuity"": ""pass"", ""scale"": ""recovered"", ""turnover"": ""pass""}",DQC_0095 conflict resolved to the side within 100x of the verified reference
2018-12-31,IMGN,0000855654,recovered,dqc_recovered:cover,EntityCommonStockSharesOutstanding,149090770,1,7.156e+08,0.0225,"{""basis"": ""pass"", ""discontinuity"": ""pass"", ""scale"": ""recovered"", ""turnover"": ""pass""}",DQC_0095 conflict resolved to the side within 100x of the verified reference
2019-01-31,IMGN,0000855654,recovered,dqc_recovered:cover,EntityCommonStockSharesOutstanding,149090770,1,7.827e+08,0.0188,"{""basis"": ""pass"", ""discontinuity"": ""pass"", ""scale"": ""recovered"", ""turnover"": ""pass""}",DQC_0095 conflict resolved to the side within 100x of the verified reference
2019-02-28,IMGN,0000855654,recovered,dqc_recovered:cover,EntityCommonStockSharesOutstanding,149090770,1,7.037e+08,0.0214,"{""basis"": ""pass"", ""discontinuity"": ""pass"", ""scale"": ""recovered"", ""turnover"": ""pass""}",DQC_0095 conflict resolved to the side within 100x of the verified reference
2020-08-31,IMMU,0000722830,recovered,dqc_recovered:cover,EntityCommonStockSharesOutstanding,231143549,1,1.03e+10,0.0104,"{""basis"": ""pass"", ""discontinuity"": ""pass"", ""scale"": ""recovered"", ""turnover"": ""pass""}",DQC_0095 conflict resolved to the side within 100x of the verified reference
2020-09-30,IMMU,0000722830,recovered,dqc_recovered:cover,EntityCommonStockSharesOutstanding,231143549,1,1.965e+10,0.011,"{""basis"": ""pass"", ""discontinuity"": ""pass"", ""scale"": ""recovered"", ""turnover"": ""pass""}",DQC_0095 conflict resolved to the side within 100x of the verified reference
2014-11-30,ININ,0001517650,recovered,dqc_recovered:balance_sheet,CommonStockSharesOutstanding,20957663,1,9.538e+05,8.21,"{""basis"": ""pass"", ""discontinuity"": ""pass"", ""scale"": ""recovered"", ""turnover"": ""pass""}",DQC_0095 conflict resolved to the side within 100x of the verified reference
2014-12-31,ININ,0001517650,recovered,dqc_recovered:balance_sheet,CommonStockSharesOutstanding,20957663,1,1.01e+06,7.15,"{""basis"": ""pass"", ""discontinuity"": ""pass"", ""scale"": ""recovered"", ""turnover"": ""pass""}",DQC_0095 conflict resolved to the side within 100x of the verified reference
2015-01-31,ININ,0001517650,recovered,dqc_recovered:balance_sheet,CommonStockSharesOutstanding,20957663,1,8.553e+05,6.89,"{""basis"": ""pass"", ""discontinuity"": ""pass"", ""scale"": ""recovered"", ""turnover"": ""pass""}",DQC_0095 conflict resolved to the side within 100x of the verified reference
2015-02-28,ININ,0001517650,recovered,dqc_recovered:balance_sheet,CommonStockSharesOutstanding,20957663,1,8.95e+05,6.41,"{""basis"": ""pass"", ""discontinuity"": ""pass"", ""scale"": ""recovered"", ""turnover"": ""pass""}",DQC_0095 conflict resolved to the side within 100x of the verified reference
2018-05-31,INOD,0000903651,recovered,dqc_recovered:balance_sheet,CommonStockSharesOutstanding,25878000,1,3.235e+10,1.46e-06,"{""basis"": ""pass"", ""discontinuity"": ""pass"", ""scale"": ""recovered"", ""turnover"": ""pass""}",DQC_0095 conflict resolved to the side within 100x of the verified reference
2018-06-30,INOD,0000903651,recovered,dqc_recovered:balance_sheet,CommonStockSharesOutstanding,25878000,1,2.588e+10,1.29e-06,"{""basis"": ""pass"", ""discontinuity"": ""pass"", ""scale"": ""recovered"", ""turnover"": ""pass""}",DQC_0095 conflict resolved to the side within 100x of the verified reference
2018-07-31,INOD,0000903651,recovered,dqc_recovered:balance_sheet,CommonStockSharesOutstanding,25878000,1,3.002e+10,1.25e-06,"{""basis"": ""pass"", ""discontinuity"": ""pass"", ""scale"": ""recovered"", ""turnover"": ""pass""}",DQC_0095 conflict resolved to the side within 100x of the verified reference
2018-03-31,INPX,0001529113,removed:shares_scale_conflict,cover,EntityCommonStockSharesOutstanding,9339291,1,1.004e+07,0.259,"{""basis"": ""pass"", ""discontinuity"": ""pass"", ""scale"": ""fail"", ""turnover"": ""pass""}","cover vs same-filing balance-sheet count differ >100x, no verified reference to choose"
2018-04-30,INPX,0001529113,removed:shares_scale_conflict,cover,EntityCommonStockSharesOutstanding,9339291,1,3.361e+06,0.769,"{""basis"": ""pass"", ""discontinuity"": ""pass"", ""scale"": ""fail"", ""turnover"": ""pass""}","cover vs same-filing balance-sheet count differ >100x, no verified reference to choose"
2016-08-31,ISNS,0000943034,recovered,dqc_recovered:cover,EntityCommonStockSharesOutstanding,5050051,1,1.768e+07,0.0394,"{""basis"": ""pass"", ""discontinuity"": ""pass"", ""scale"": ""recovered"", ""turnover"": ""pass""}",DQC_0095 conflict resolved to the side within 100x of the verified reference
2016-09-30,ISNS,0000943034,recovered,dqc_recovered:cover,EntityCommonStockSharesOutstanding,5050051,1,1.954e+07,0.0426,"{""basis"": ""pass"", ""discontinuity"": ""pass"", ""scale"": ""recovered"", ""turnover"": ""pass""}",DQC_0095 conflict resolved to the side within 100x of the verified reference
2016-10-31,ISNS,0000943034,recovered,dqc_recovered:cover,EntityCommonStockSharesOutstanding,5050051,1,1.869e+07,0.0471,"{""basis"": ""pass"", ""discontinuity"": ""pass"", ""scale"": ""recovered"", ""turnover"": ""pass""}",DQC_0095 conflict resolved to the side within 100x of the verified reference
2019-06-30,JAGX,0001585608,removed:shares_basis_ambiguous,cover,EntityCommonStockSharesOutstanding,171350166,0.00095238098095238,7.67e+05,3.1,"{""basis"": ""fail"", ""discontinuity"": ""untested"", ""scale"": ""untested"", ""turnover"": ""pass""}","split stamp beyond [1/100,100]"
2019-07-31,JAGX,0001585608,removed:shares_basis_ambiguous,cover,EntityCommonStockSharesOutstanding,171350166,0.00095238098095238,2.807e+05,9.21,"{""basis"": ""fail"", ""discontinuity"": ""untested"", ""scale"": ""untested"", ""turnover"": ""pass""}","split stamp beyond [1/100,100]"
2015-05-31,JCAP,0001622353,removed:shares_scale_conflict,cover,EntityCommonStockSharesOutstanding,6010000,1,1.228e+08,,"{""basis"": ""pass"", ""discontinuity"": ""untested"", ""scale"": ""fail"", ""turnover"": ""untested""}","cover vs same-filing balance-sheet count differ >100x, no verified reference to choose"
2015-06-30,JCAP,0001622353,removed:shares_scale_conflict,cover,EntityCommonStockSharesOutstanding,6010000,1,1.221e+08,0.00879,"{""basis"": ""pass"", ""discontinuity"": ""untested"", ""scale"": ""fail"", ""turnover"": ""pass""}","cover vs same-filing balance-sheet count differ >100x, no verified reference to choose"
2015-07-31,JCAP,0001622353,removed:shares_scale_conflict,cover,EntityCommonStockSharesOutstanding,6010000,1,1.132e+08,0.00853,"{""basis"": ""pass"", ""discontinuity"": ""untested"", ""scale"": ""fail"", ""turnover"": ""pass""}","cover vs same-filing balance-sheet count differ >100x, no verified reference to choose"
2018-03-31,JMP,0001302350,recovered,dqc_recovered:cover,EntityCommonStockSharesOutstanding,21551792,1,1.088e+08,0.00158,"{""basis"": ""pass"", ""discontinuity"": ""pass"", ""scale"": ""recovered"", ""turnover"": ""pass""}",DQC_0095 conflict resolved to the side within 100x of the verified reference
2018-04-30,JMP,0001302350,recovered,dqc_recovered:cover,EntityCommonStockSharesOutstanding,21551792,1,1.103e+08,0.00143,"{""basis"": ""pass"", ""discontinuity"": ""pass"", ""scale"": ""recovered"", ""turnover"": ""pass""}",DQC_0095 conflict resolved to the side within 100x of the verified reference
2015-02-28,JOB,0000040570,recovered,dqc_recovered:cover,EntityCommonStockSharesOutstanding,28994014,1,2.407e+07,0.00884,"{""basis"": ""pass"", ""discontinuity"": ""pass"", ""scale"": ""recovered"", ""turnover"": ""pass""}",DQC_0095 conflict resolved to the side within 100x of the verified reference
2015-03-31,JOB,0000040570,recovered,dqc_recovered:cover,EntityCommonStockSharesOutstanding,28994014,1,2.637e+07,0.0101,"{""basis"": ""pass"", ""discontinuity"": ""pass"", ""scale"": ""recovered"", ""turnover"": ""pass""}",DQC_0095 conflict resolved to the side within 100x of the verified reference
2015-04-30,JOB,0000040570,recovered,dqc_recovered:cover,EntityCommonStockSharesOutstanding,28994014,1,2.349e+07,0.0116,"{""basis"": ""pass"", ""discontinuity"": ""pass"", ""scale"": ""recovered"", ""turnover"": ""pass""}",DQC_0095 conflict resolved to the side within 100x of the verified reference
2017-08-31,JOB,0000040570,recovered,dqc_recovered:cover,EntityCommonStockSharesOutstanding,9878892,1,4.297e+07,0.00221,"{""basis"": ""pass"", ""discontinuity"": ""pass"", ""scale"": ""recovered"", ""turnover"": ""pass""}",DQC_0095 conflict resolved to the side within 100x of the verified reference
2017-09-30,JOB,0000040570,recovered,dqc_recovered:cover,EntityCommonStockSharesOutstanding,9878892,1,2.914e+07,0.00337,"{""basis"": ""pass"", ""discontinuity"": ""pass"", ""scale"": ""recovered"", ""turnover"": ""pass""}",DQC_0095 conflict resolved to the side within 100x of the verified reference
2017-10-31,JOB,0000040570,recovered,dqc_recovered:cover,EntityCommonStockSharesOutstanding,9878892,1,2.855e+07,0.00243,"{""basis"": ""pass"", ""discontinuity"": ""pass"", ""scale"": ""recovered"", ""turnover"": ""pass""}",DQC_0095 conflict resolved to the side within 100x of the verified reference
2017-11-30,JOB,0000040570,recovered,dqc_recovered:cover,EntityCommonStockSharesOutstanding,9878892,1,2.806e+07,0.0023,"{""basis"": ""pass"", ""discontinuity"": ""pass"", ""scale"": ""recovered"", ""turnover"": ""pass""}",DQC_0095 conflict resolved to the side within 100x of the verified reference
2017-12-31,JOB,0000040570,recovered,dqc_recovered:cover,EntityCommonStockSharesOutstanding,10012847,1,2.784e+07,0.00232,"{""basis"": ""pass"", ""discontinuity"": ""pass"", ""scale"": ""recovered"", ""turnover"": ""pass""}",DQC_0095 conflict resolved to the side within 100x of the verified reference
2018-01-31,JOB,0000040570,recovered,dqc_recovered:cover,EntityCommonStockSharesOutstanding,10012847,1,2.954e+07,0.00194,"{""basis"": ""pass"", ""discontinuity"": ""pass"", ""scale"": ""recovered"", ""turnover"": ""pass""}",DQC_0095 conflict resolved to the side within 100x of the verified reference
2018-02-28,JOB,0000040570,recovered,dqc_recovered:cover,EntityCommonStockSharesOutstanding,10444567,1,2.747e+07,0.0017,"{""basis"": ""pass"", ""discontinuity"": ""pass"", ""scale"": ""recovered"", ""turnover"": ""pass""}",DQC_0095 conflict resolved to the side within 100x of the verified reference
2018-03-31,JOB,0000040570,recovered,dqc_recovered:cover,EntityCommonStockSharesOutstanding,10444567,1,2.761e+07,0.00141,"{""basis"": ""pass"", ""discontinuity"": ""pass"", ""scale"": ""recovered"", ""turnover"": ""pass""}",DQC_0095 conflict resolved to the side within 100x of the verified reference
2018-04-30,JOB,0000040570,recovered,dqc_recovered:cover,EntityCommonStockSharesOutstanding,10444567,1,2.611e+07,0.00147,"{""basis"": ""pass"", ""discontinuity"": ""pass"", ""scale"": ""recovered"", ""turnover"": ""pass""}",DQC_0095 conflict resolved to the side within 100x of the verified reference
2018-05-31,JOB,0000040570,recovered,dqc_recovered:cover,EntityCommonStockSharesOutstanding,10607750,1,2.641e+07,0.00153,"{""basis"": ""pass"", ""discontinuity"": ""pass"", ""scale"": ""recovered"", ""turnover"": ""pass""}",DQC_0095 conflict resolved to the side within 100x of the verified reference
2018-06-30,JOB,0000040570,recovered,dqc_recovered:cover,EntityCommonStockSharesOutstanding,10607750,1,2.44e+07,0.0013,"{""basis"": ""pass"", ""discontinuity"": ""pass"", ""scale"": ""recovered"", ""turnover"": ""pass""}",DQC_0095 conflict resolved to the side within 100x of the verified reference
2018-07-31,JOB,0000040570,recovered,dqc_recovered:cover,EntityCommonStockSharesOutstanding,10607750,1,2.61e+07,0.00122,"{""basis"": ""pass"", ""discontinuity"": ""pass"", ""scale"": ""recovered"", ""turnover"": ""pass""}",DQC_0095 conflict resolved to the side within 100x of the verified reference
2019-08-31,JOB,0000040570,recovered,dqc_recovered:balance_sheet,CommonStockSharesOutstanding,12054000,1,7.022e+09,1e-06,"{""basis"": ""pass"", ""discontinuity"": ""pass"", ""scale"": ""recovered"", ""turnover"": ""pass""}",DQC_0095 conflict resolved to the side within 100x of the verified reference
2019-09-30,JOB,0000040570,recovered,dqc_recovered:balance_sheet,CommonStockSharesOutstanding,12054000,1,9.341e+09,7.47e-07,"{""basis"": ""pass"", ""discontinuity"": ""pass"", ""scale"": ""recovered"", ""turnover"": ""pass""}",DQC_0095 conflict resolved to the side within 100x of the verified reference
2019-10-31,JOB,0000040570,recovered,dqc_recovered:balance_sheet,CommonStockSharesOutstanding,12054000,1,1.024e+10,5.61e-07,"{""basis"": ""pass"", ""discontinuity"": ""pass"", ""scale"": ""recovered"", ""turnover"": ""pass""}",DQC_0095 conflict resolved to the side within 100x of the verified reference
2019-11-30,JOB,0000040570,recovered,dqc_recovered:balance_sheet,CommonStockSharesOutstanding,12054000,1,6.018e+09,9.4e-07,"{""basis"": ""pass"", ""discontinuity"": ""pass"", ""scale"": ""recovered"", ""turnover"": ""pass""}",DQC_0095 conflict resolved to the side within 100x of the verified reference
2019-12-31,JOB,0000040570,recovered,dqc_recovered:cover,EntityCommonStockSharesOutstanding,13089703,1,5.105e+06,0.00124,"{""basis"": ""pass"", ""discontinuity"": ""pass"", ""scale"": ""recovered"", ""turnover"": ""pass""}",DQC_0095 conflict resolved to the side within 100x of the verified reference
2020-01-31,JOB,0000040570,recovered,dqc_recovered:cover,EntityCommonStockSharesOutstanding,13089703,1,4.896e+06,0.00277,"{""basis"": ""pass"", ""discontinuity"": ""pass"", ""scale"": ""recovered"", ""turnover"": ""pass""}",DQC_0095 conflict resolved to the side within 100x of the verified reference
2020-02-29,JOB,0000040570,recovered,dqc_recovered:cover,EntityCommonStockSharesOutstanding,14056997,1,4.287e+06,0.00346,"{""basis"": ""pass"", ""discontinuity"": ""pass"", ""scale"": ""recovered"", ""turnover"": ""pass""}",DQC_0095 conflict resolved to the side within 100x of the verified reference
2020-03-31,JOB,0000040570,recovered,dqc_recovered:cover,EntityCommonStockSharesOutstanding,14056997,1,5.12e+06,0.00406,"{""basis"": ""pass"", ""discontinuity"": ""pass"", ""scale"": ""recovered"", ""turnover"": ""pass""}",DQC_0095 conflict resolved to the side within 100x of the verified reference
2020-04-30,JOB,0000040570,recovered,dqc_recovered:cover,EntityCommonStockSharesOutstanding,14056997,1,4.054e+06,0.00792,"{""basis"": ""pass"", ""discontinuity"": ""pass"", ""scale"": ""recovered"", ""turnover"": ""pass""}",DQC_0095 conflict resolved to the side within 100x of the verified reference
2020-08-31,JOB,0000040570,recovered,dqc_recovered:cover,EntityCommonStockSharesOutstanding,17667123,1,2.085e+07,0.0703,"{""basis"": ""pass"", ""discontinuity"": ""pass"", ""scale"": ""recovered"", ""turnover"": ""pass""}",DQC_0095 conflict resolved to the side within 100x of the verified reference
2020-09-30,JOB,0000040570,recovered,dqc_recovered:cover,EntityCommonStockSharesOutstanding,17667123,1,1.767e+07,0.0851,"{""basis"": ""pass"", ""discontinuity"": ""pass"", ""scale"": ""recovered"", ""turnover"": ""pass""}",DQC_0095 conflict resolved to the side within 100x of the verified reference
2020-10-31,JOB,0000040570,recovered,dqc_recovered:cover,EntityCommonStockSharesOutstanding,17667123,1,1.573e+07,0.105,"{""basis"": ""pass"", ""discontinuity"": ""pass"", ""scale"": ""recovered"", ""turnover"": ""pass""}",DQC_0095 conflict resolved to the side within 100x of the verified reference
2020-11-30,JOB,0000040570,removed:shares_scale_conflict,cover,EntityCommonStockSharesOutstanding,17667123,1,1.837e+07,0.0914,"{""basis"": ""pass"", ""discontinuity"": ""untested"", ""scale"": ""fail"", ""turnover"": ""pass""}","cover vs same-filing balance-sheet count differ >100x, no verified reference to choose"
2016-12-31,KEG,0000318996,removed:shares_basis_ambiguous,cover,EntityCommonStockSharesOutstanding,160563386,0.005,2.565e+07,0.014,"{""basis"": ""fail"", ""discontinuity"": ""pass"", ""scale"": ""pass"", ""turnover"": ""pass""}","split stamp beyond [1/100,100]"
2017-01-31,KEG,0000318996,removed:shares_basis_ambiguous,cover,EntityCommonStockSharesOutstanding,160563386,0.005,2.71e+07,0.0352,"{""basis"": ""fail"", ""discontinuity"": ""pass"", ""scale"": ""pass"", ""turnover"": ""pass""}","split stamp beyond [1/100,100]"
2017-02-28,KEG,0000318996,removed:shares_basis_ambiguous,cover,EntityCommonStockSharesOutstanding,160563386,0.005,2.496e+07,0.0522,"{""basis"": ""fail"", ""discontinuity"": ""pass"", ""scale"": ""pass"", ""turnover"": ""pass""}","split stamp beyond [1/100,100]"
2017-11-30,KINS,0000033992,recovered,dqc_recovered:balance_sheet,CommonStockSharesOutstanding,10623407,1,2.067e+05,3.96,"{""basis"": ""pass"", ""discontinuity"": ""pass"", ""scale"": ""recovered"", ""turnover"": ""pass""}",DQC_0095 conflict resolved to the side within 100x of the verified reference
2017-12-31,KINS,0000033992,recovered,dqc_recovered:balance_sheet,CommonStockSharesOutstanding,10623407,1,1.998e+05,3.37,"{""basis"": ""pass"", ""discontinuity"": ""pass"", ""scale"": ""recovered"", ""turnover"": ""pass""}",DQC_0095 conflict resolved to the side within 100x of the verified reference
2018-01-31,KINS,0000033992,recovered,dqc_recovered:balance_sheet,CommonStockSharesOutstanding,10623407,1,2.226e+05,3.04,"{""basis"": ""pass"", ""discontinuity"": ""pass"", ""scale"": ""recovered"", ""turnover"": ""pass""}",DQC_0095 conflict resolved to the side within 100x of the verified reference
2018-02-28,KINS,0000033992,recovered,dqc_recovered:balance_sheet,CommonStockSharesOutstanding,10623407,1,2.03e+05,3.14,"{""basis"": ""pass"", ""discontinuity"": ""pass"", ""scale"": ""recovered"", ""turnover"": ""pass""}",DQC_0095 conflict resolved to the side within 100x of the verified reference
2019-08-31,KRTX,0001771917,removed:shares_scale_conflict,cover,EntityCommonStockSharesOutstanding,23412754,1,4.629e+08,,"{""basis"": ""pass"", ""discontinuity"": ""untested"", ""scale"": ""fail"", ""turnover"": ""untested""}","cover vs same-filing balance-sheet count differ >100x, no verified reference to choose"
2019-09-30,KRTX,0001771917,removed:shares_scale_conflict,cover,EntityCommonStockSharesOutstanding,23412754,1,3.821e+08,0.00751,"{""basis"": ""pass"", ""discontinuity"": ""untested"", ""scale"": ""fail"", ""turnover"": ""pass""}","cover vs same-filing balance-sheet count differ >100x, no verified reference to choose"
2019-10-31,KRTX,0001771917,removed:shares_scale_conflict,cover,EntityCommonStockSharesOutstanding,23412754,1,3.259e+08,0.00731,"{""basis"": ""pass"", ""discontinuity"": ""untested"", ""scale"": ""fail"", ""turnover"": ""pass""}","cover vs same-filing balance-sheet count differ >100x, no verified reference to choose"
2020-09-30,LAKE,0000798081,recovered,dqc_recovered:cover,EntityCommonStockSharesOutstanding,7979902,1,1.58e+08,0.115,"{""basis"": ""pass"", ""discontinuity"": ""pass"", ""scale"": ""recovered"", ""turnover"": ""pass""}",DQC_0095 conflict resolved to the side within 100x of the verified reference
2020-10-31,LAKE,0000798081,recovered,dqc_recovered:cover,EntityCommonStockSharesOutstanding,7979902,1,1.721e+08,0.0969,"{""basis"": ""pass"", ""discontinuity"": ""pass"", ""scale"": ""recovered"", ""turnover"": ""pass""}",DQC_0095 conflict resolved to the side within 100x of the verified reference
2020-11-30,LAKE,0000798081,recovered,dqc_recovered:cover,EntityCommonStockSharesOutstanding,7979902,1,1.582e+08,0.105,"{""basis"": ""pass"", ""discontinuity"": ""pass"", ""scale"": ""recovered"", ""turnover"": ""pass""}",DQC_0095 conflict resolved to the side within 100x of the verified reference
2019-05-31,LGND,0000886163,recovered,dqc_recovered:cover,EntityCommonStockSharesOutstanding,19598405,1,2.104e+09,0.0331,"{""basis"": ""pass"", ""discontinuity"": ""pass"", ""scale"": ""recovered"", ""turnover"": ""pass""}",DQC_0095 conflict resolved to the side within 100x of the verified reference
2019-06-30,LGND,0000886163,recovered,dqc_recovered:cover,EntityCommonStockSharesOutstanding,19598405,1,2.237e+09,0.0284,"{""basis"": ""pass"", ""discontinuity"": ""pass"", ""scale"": ""recovered"", ""turnover"": ""pass""}",DQC_0095 conflict resolved to the side within 100x of the verified reference
2019-07-31,LGND,0000886163,recovered,dqc_recovered:cover,EntityCommonStockSharesOutstanding,19598405,1,1.793e+09,0.028,"{""basis"": ""pass"", ""discontinuity"": ""pass"", ""scale"": ""recovered"", ""turnover"": ""pass""}",DQC_0095 conflict resolved to the side within 100x of the verified reference
2019-08-31,LGND,0000886163,recovered,dqc_recovered:cover,EntityCommonStockSharesOutstanding,19011474,1,1.728e+09,0.0268,"{""basis"": ""pass"", ""discontinuity"": ""pass"", ""scale"": ""recovered"", ""turnover"": ""pass""}",DQC_0095 conflict resolved to the side within 100x of the verified reference
2019-09-30,LGND,0000886163,recovered,dqc_recovered:cover,EntityCommonStockSharesOutstanding,19011474,1,1.892e+09,0.0219,"{""basis"": ""pass"", ""discontinuity"": ""pass"", ""scale"": ""recovered"", ""turnover"": ""pass""}",DQC_0095 conflict resolved to the side within 100x of the verified reference
2019-10-31,LGND,0000886163,recovered,dqc_recovered:cover,EntityCommonStockSharesOutstanding,19011474,1,2.069e+09,0.0188,"{""basis"": ""pass"", ""discontinuity"": ""pass"", ""scale"": ""recovered"", ""turnover"": ""pass""}",DQC_0095 conflict resolved to the side within 100x of the verified reference
2019-11-30,LGND,0000886163,recovered,dqc_recovered:cover,EntityCommonStockSharesOutstanding,17563389,1,1.985e+09,0.0202,"{""basis"": ""pass"", ""discontinuity"": ""pass"", ""scale"": ""recovered"", ""turnover"": ""pass""}",DQC_0095 conflict resolved to the side within 100x of the verified reference
2019-12-31,LGND,0000886163,recovered,dqc_recovered:cover,EntityCommonStockSharesOutstanding,17563389,1,1.832e+09,0.0209,"{""basis"": ""pass"", ""discontinuity"": ""pass"", ""scale"": ""recovered"", ""turnover"": ""pass""}",DQC_0095 conflict resolved to the side within 100x of the verified reference
2020-01-31,LGND,0000886163,recovered,dqc_recovered:cover,EntityCommonStockSharesOutstanding,17563389,1,1.542e+09,0.0233,"{""basis"": ""pass"", ""discontinuity"": ""pass"", ""scale"": ""recovered"", ""turnover"": ""pass""}",DQC_0095 conflict resolved to the side within 100x of the verified reference
2018-07-31,LIVX,0001491419,recovered,dqc_recovered:cover,EntityCommonStockSharesOutstanding,50646980,1,2.421e+08,0.00304,"{""basis"": ""pass"", ""discontinuity"": ""pass"", ""scale"": ""recovered"", ""turnover"": ""pass""}",DQC_0095 conflict resolved to the side within 100x of the verified reference
2016-08-31,LKFN,0000721994,removed:shares_basis_ambiguous,cover,EntityCommonStockSharesOutstanding,25057697,1.5,1.347e+09,0.00193,"{""basis"": ""fail"", ""discontinuity"": ""pass"", ""scale"": ""pass"", ""turnover"": ""pass""}",split stamp between cover date and filing
2016-09-30,LKFN,0000721994,removed:shares_basis_ambiguous,cover,EntityCommonStockSharesOutstanding,25057697,1.5,1.331e+09,0.00197,"{""basis"": ""fail"", ""discontinuity"": ""pass"", ""scale"": ""pass"", ""turnover"": ""pass""}",split stamp between cover date and filing
2016-10-31,LKFN,0000721994,removed:shares_basis_ambiguous,cover,EntityCommonStockSharesOutstanding,25057697,1.5,1.385e+09,0.00171,"{""basis"": ""fail"", ""discontinuity"": ""pass"", ""scale"": ""pass"", ""turnover"": ""pass""}",split stamp between cover date and filing
2015-05-31,LOOK,0001077866,recovered,dqc_recovered:balance_sheet,CommonStockSharesOutstanding,5769000,1,4.181e+09,7.53e-05,"{""basis"": ""pass"", ""discontinuity"": ""pass"", ""scale"": ""recovered"", ""turnover"": ""pass""}",DQC_0095 conflict resolved to the side within 100x of the verified reference
2015-06-30,LOOK,0001077866,recovered,dqc_recovered:balance_sheet,CommonStockSharesOutstanding,5769000,1,3.599e+09,8.9e-05,"{""basis"": ""pass"", ""discontinuity"": ""pass"", ""scale"": ""recovered"", ""turnover"": ""pass""}",DQC_0095 conflict resolved to the side within 100x of the verified reference
2015-07-31,LOOK,0001077866,recovered,dqc_recovered:balance_sheet,CommonStockSharesOutstanding,5769000,1,2.571e+09,0.000125,"{""basis"": ""pass"", ""discontinuity"": ""pass"", ""scale"": ""recovered"", ""turnover"": ""pass""}",DQC_0095 conflict resolved to the side within 100x of the verified reference
2015-08-31,LOOK,0001077866,recovered,dqc_recovered:cover,EntityCommonStockSharesOutstanding,5768851,1,5.977e+06,0.0626,"{""basis"": ""pass"", ""discontinuity"": ""pass"", ""scale"": ""recovered"", ""turnover"": ""pass""}",DQC_0095 conflict resolved to the side within 100x of the verified reference
2015-09-30,LOOK,0001077866,recovered,dqc_recovered:cover,EntityCommonStockSharesOutstanding,5768851,1,3.231e+06,0.118,"{""basis"": ""pass"", ""discontinuity"": ""pass"", ""scale"": ""recovered"", ""turnover"": ""pass""}",DQC_0095 conflict resolved to the side within 100x of the verified reference
2016-03-31,LWAY,0000814586,recovered,dqc_recovered:cover,EntityCommonStockSharesOutstanding,16188376,1,1.753e+08,0.00131,"{""basis"": ""pass"", ""discontinuity"": ""pass"", ""scale"": ""recovered"", ""turnover"": ""pass""}",DQC_0095 conflict resolved to the side within 100x of the verified reference
2016-04-30,LWAY,0000814586,recovered,dqc_recovered:cover,EntityCommonStockSharesOutstanding,16188376,1,1.57e+08,0.00123,"{""basis"": ""pass"", ""discontinuity"": ""pass"", ""scale"": ""recovered"", ""turnover"": ""pass""}",DQC_0095 conflict resolved to the side within 100x of the verified reference
2016-05-31,LWAY,0000814586,recovered,dqc_recovered:cover,EntityCommonStockSharesOutstanding,16158858,1,1.53e+08,0.00106,"{""basis"": ""pass"", ""discontinuity"": ""pass"", ""scale"": ""recovered"", ""turnover"": ""pass""}",DQC_0095 conflict resolved to the side within 100x of the verified reference
2016-06-30,LWAY,0000814586,recovered,dqc_recovered:cover,EntityCommonStockSharesOutstanding,16158858,1,1.563e+08,0.000927,"{""basis"": ""pass"", ""discontinuity"": ""pass"", ""scale"": ""recovered"", ""turnover"": ""pass""}",DQC_0095 conflict resolved to the side within 100x of the verified reference
2016-07-31,LWAY,0000814586,recovered,dqc_recovered:cover,EntityCommonStockSharesOutstanding,16158858,1,1.614e+08,0.000823,"{""basis"": ""pass"", ""discontinuity"": ""pass"", ""scale"": ""recovered"", ""turnover"": ""pass""}",DQC_0095 conflict resolved to the side within 100x of the verified reference
2016-08-31,LWAY,0000814586,recovered,dqc_recovered:cover,EntityCommonStockSharesOutstanding,16140633,1,2.001e+08,0.000583,"{""basis"": ""pass"", ""discontinuity"": ""pass"", ""scale"": ""recovered"", ""turnover"": ""pass""}",DQC_0095 conflict resolved to the side within 100x of the verified reference
2016-09-30,LWAY,0000814586,recovered,dqc_recovered:cover,EntityCommonStockSharesOutstanding,16140633,1,2.734e+08,0.00064,"{""basis"": ""pass"", ""discontinuity"": ""pass"", ""scale"": ""recovered"", ""turnover"": ""pass""}",DQC_0095 conflict resolved to the side within 100x of the verified reference
2016-10-31,LWAY,0000814586,recovered,dqc_recovered:cover,EntityCommonStockSharesOutstanding,16140633,1,2.886e+08,0.00094,"{""basis"": ""pass"", ""discontinuity"": ""pass"", ""scale"": ""recovered"", ""turnover"": ""pass""}",DQC_0095 conflict resolved to the side within 100x of the verified reference
2016-11-30,LWAY,0000814586,recovered,dqc_recovered:cover,EntityCommonStockSharesOutstanding,16140633,1,1.877e+08,0.00194,"{""basis"": ""pass"", ""discontinuity"": ""pass"", ""scale"": ""recovered"", ""turnover"": ""pass""}",DQC_0095 conflict resolved to the side within 100x of the verified reference
2016-12-31,LWAY,0000814586,recovered,dqc_recovered:cover,EntityCommonStockSharesOutstanding,16140633,1,1.858e+08,0.00237,"{""basis"": ""pass"", ""discontinuity"": ""pass"", ""scale"": ""recovered"", ""turnover"": ""pass""}",DQC_0095 conflict resolved to the side within 100x of the verified reference
2017-01-31,LWAY,0000814586,recovered,dqc_recovered:cover,EntityCommonStockSharesOutstanding,16140633,1,1.738e+08,0.00254,"{""basis"": ""pass"", ""discontinuity"": ""pass"", ""scale"": ""recovered"", ""turnover"": ""pass""}",DQC_0095 conflict resolved to the side within 100x of the verified reference
2017-02-28,LWAY,0000814586,recovered,dqc_recovered:cover,EntityCommonStockSharesOutstanding,16140633,1,1.696e+08,0.00271,"{""basis"": ""pass"", ""discontinuity"": ""pass"", ""scale"": ""recovered"", ""turnover"": ""pass""}",DQC_0095 conflict resolved to the side within 100x of the verified reference
2017-03-31,LWAY,0000814586,recovered,dqc_recovered:cover,EntityCommonStockSharesOutstanding,16140633,1,1.732e+08,0.00245,"{""basis"": ""pass"", ""discontinuity"": ""pass"", ""scale"": ""recovered"", ""turnover"": ""pass""}",DQC_0095 conflict resolved to the side within 100x of the verified reference
2014-09-30,MAA,0000912595,removed:shares_scale_conflict,cover,EntityCommonStockSharesOutstanding,75009068000,1,4.924e+12,6.28e-06,"{""basis"": ""pass"", ""discontinuity"": ""untested"", ""scale"": ""fail"", ""turnover"": ""pass""}","cover vs same-filing balance-sheet count differ >100x, no verified reference to choose"
2014-10-31,MAA,0000912595,removed:shares_scale_conflict,cover,EntityCommonStockSharesOutstanding,75009068000,1,5.3e+12,5.88e-06,"{""basis"": ""pass"", ""discontinuity"": ""untested"", ""scale"": ""fail"", ""turnover"": ""pass""}","cover vs same-filing balance-sheet count differ >100x, no verified reference to choose"
2014-11-30,MAA,0000912595,removed:shares_scale_conflict,cover,EntityCommonStockSharesOutstanding,75009068000,1,5.525e+12,5.56e-06,"{""basis"": ""pass"", ""discontinuity"": ""untested"", ""scale"": ""fail"", ""turnover"": ""pass""}","cover vs same-filing balance-sheet count differ >100x, no verified reference to choose"
2014-12-31,MAA,0000912595,removed:shares_scale_conflict,cover,EntityCommonStockSharesOutstanding,75009068000,1,5.602e+12,5.16e-06,"{""basis"": ""pass"", ""discontinuity"": ""untested"", ""scale"": ""fail"", ""turnover"": ""pass""}","cover vs same-filing balance-sheet count differ >100x, no verified reference to choose"
2015-01-31,MAA,0000912595,removed:shares_scale_conflict,cover,EntityCommonStockSharesOutstanding,75009068000,1,5.95e+12,5.06e-06,"{""basis"": ""pass"", ""discontinuity"": ""untested"", ""scale"": ""fail"", ""turnover"": ""pass""}","cover vs same-filing balance-sheet count differ >100x, no verified reference to choose"
2015-02-28,MAA,0000912595,removed:shares_scale_conflict,cover,EntityCommonStockSharesOutstanding,75009068000,1,5.436e+12,6.17e-06,"{""basis"": ""pass"", ""discontinuity"": ""untested"", ""scale"": ""fail"", ""turnover"": ""pass""}","cover vs same-filing balance-sheet count differ >100x, no verified reference to choose"
2015-03-31,MAA,0000912595,removed:shares_scale_conflict,cover,EntityCommonStockSharesOutstanding,75009068000,1,5.796e+12,6.2e-06,"{""basis"": ""pass"", ""discontinuity"": ""untested"", ""scale"": ""fail"", ""turnover"": ""pass""}","cover vs same-filing balance-sheet count differ >100x, no verified reference to choose"
2015-04-30,MAA,0000912595,removed:shares_scale_conflict,cover,EntityCommonStockSharesOutstanding,75009068000,1,5.596e+12,6.29e-06,"{""basis"": ""pass"", ""discontinuity"": ""untested"", ""scale"": ""fail"", ""turnover"": ""pass""}","cover vs same-filing balance-sheet count differ >100x, no verified reference to choose"
2015-05-31,MAA,0000912595,removed:shares_scale_conflict,cover,EntityCommonStockSharesOutstanding,75009068000,1,5.73e+12,6.19e-06,"{""basis"": ""pass"", ""discontinuity"": ""untested"", ""scale"": ""fail"", ""turnover"": ""pass""}","cover vs same-filing balance-sheet count differ >100x, no verified reference to choose"
2015-06-30,MAA,0000912595,removed:shares_scale_conflict,cover,EntityCommonStockSharesOutstanding,75009068000,1,5.461e+12,6.79e-06,"{""basis"": ""pass"", ""discontinuity"": ""untested"", ""scale"": ""fail"", ""turnover"": ""pass""}","cover vs same-filing balance-sheet count differ >100x, no verified reference to choose"
2017-11-30,MAMS,0000832488,recovered,dqc_recovered:cover,EntityCommonStockSharesOutstanding,12569983,1,1.012e+08,0.000625,"{""basis"": ""pass"", ""discontinuity"": ""pass"", ""scale"": ""recovered"", ""turnover"": ""pass""}",DQC_0095 conflict resolved to the side within 100x of the verified reference
2017-12-31,MAMS,0000832488,recovered,dqc_recovered:cover,EntityCommonStockSharesOutstanding,12569983,1,9.44e+07,0.000713,"{""basis"": ""pass"", ""discontinuity"": ""pass"", ""scale"": ""recovered"", ""turnover"": ""pass""}",DQC_0095 conflict resolved to the side within 100x of the verified reference
2018-01-31,MAMS,0000832488,recovered,dqc_recovered:cover,EntityCommonStockSharesOutstanding,12569983,1,9.05e+07,0.000728,"{""basis"": ""pass"", ""discontinuity"": ""pass"", ""scale"": ""recovered"", ""turnover"": ""pass""}",DQC_0095 conflict resolved to the side within 100x of the verified reference
2018-02-28,MAMS,0000832488,recovered,dqc_recovered:cover,EntityCommonStockSharesOutstanding,12577632,1,9.645e+07,0.000697,"{""basis"": ""pass"", ""discontinuity"": ""pass"", ""scale"": ""recovered"", ""turnover"": ""pass""}",DQC_0095 conflict resolved to the side within 100x of the verified reference
2018-03-31,MAMS,0000832488,recovered,dqc_recovered:cover,EntityCommonStockSharesOutstanding,12577632,1,9.851e+07,0.000934,"{""basis"": ""pass"", ""discontinuity"": ""pass"", ""scale"": ""recovered"", ""turnover"": ""pass""}",DQC_0095 conflict resolved to the side within 100x of the verified reference
2018-04-30,MAMS,0000832488,recovered,dqc_recovered:cover,EntityCommonStockSharesOutstanding,12577632,1,9.911e+07,0.00096,"{""basis"": ""pass"", ""discontinuity"": ""pass"", ""scale"": ""recovered"", ""turnover"": ""pass""}",DQC_0095 conflict resolved to the side within 100x of the verified reference
2016-08-31,MASI,0000937556,recovered,dqc_recovered:cover,EntityCommonStockSharesOutstanding,49351459,1,2.919e+09,0.00615,"{""basis"": ""pass"", ""discontinuity"": ""pass"", ""scale"": ""recovered"", ""turnover"": ""pass""}",DQC_0095 conflict resolved to the side within 100x of the verified reference
2016-09-30,MASI,0000937556,recovered,dqc_recovered:cover,EntityCommonStockSharesOutstanding,49351459,1,2.936e+09,0.00633,"{""basis"": ""pass"", ""discontinuity"": ""pass"", ""scale"": ""recovered"", ""turnover"": ""pass""}",DQC_0095 conflict resolved to the side within 100x of the verified reference
2016-10-31,MASI,0000937556,recovered,dqc_recovered:cover,EntityCommonStockSharesOutstanding,49351459,1,2.714e+09,0.00729,"{""basis"": ""pass"", ""discontinuity"": ""pass"", ""scale"": ""recovered"", ""turnover"": ""pass""}",DQC_0095 conflict resolved to the side within 100x of the verified reference
2016-11-30,MASI,0000937556,recovered,dqc_recovered:cover,EntityCommonStockSharesOutstanding,49677592,1,3.074e+09,0.00669,"{""basis"": ""pass"", ""discontinuity"": ""pass"", ""scale"": ""recovered"", ""turnover"": ""pass""}",DQC_0095 conflict resolved to the side within 100x of the verified reference
2016-12-31,MASI,0000937556,recovered,dqc_recovered:cover,EntityCommonStockSharesOutstanding,49677592,1,3.348e+09,0.0062,"{""basis"": ""pass"", ""discontinuity"": ""pass"", ""scale"": ""recovered"", ""turnover"": ""pass""}",DQC_0095 conflict resolved to the side within 100x of the verified reference
2017-01-31,MASI,0000937556,recovered,dqc_recovered:cover,EntityCommonStockSharesOutstanding,49677592,1,3.655e+09,0.00621,"{""basis"": ""pass"", ""discontinuity"": ""pass"", ""scale"": ""recovered"", ""turnover"": ""pass""}",DQC_0095 conflict resolved to the side within 100x of the verified reference
2017-05-31,MASI,0000937556,recovered,dqc_recovered:cover,EntityCommonStockSharesOutstanding,51143638,1,4.452e+09,0.014,"{""basis"": ""pass"", ""discontinuity"": ""pass"", ""scale"": ""recovered"", ""turnover"": ""pass""}",DQC_0095 conflict resolved to the side within 100x of the verified reference
2017-06-30,MASI,0000937556,recovered,dqc_recovered:cover,EntityCommonStockSharesOutstanding,51143638,1,4.663e+09,0.0141,"{""basis"": ""pass"", ""discontinuity"": ""pass"", ""scale"": ""recovered"", ""turnover"": ""pass""}",DQC_0095 conflict resolved to the side within 100x of the verified reference
2017-07-31,MASI,0000937556,recovered,dqc_recovered:cover,EntityCommonStockSharesOutstanding,51143638,1,4.838e+09,0.0141,"{""basis"": ""pass"", ""discontinuity"": ""pass"", ""scale"": ""recovered"", ""turnover"": ""pass""}",DQC_0095 conflict resolved to the side within 100x of the verified reference
2017-08-31,MASI,0000937556,recovered,dqc_recovered:cover,EntityCommonStockSharesOutstanding,51940147,1,4.383e+09,0.0148,"{""basis"": ""pass"", ""discontinuity"": ""pass"", ""scale"": ""recovered"", ""turnover"": ""pass""}",DQC_0095 conflict resolved to the side within 100x of the verified reference
2017-09-30,MASI,0000937556,recovered,dqc_recovered:cover,EntityCommonStockSharesOutstanding,51940147,1,4.496e+09,0.0117,"{""basis"": ""pass"", ""discontinuity"": ""pass"", ""scale"": ""recovered"", ""turnover"": ""pass""}",DQC_0095 conflict resolved to the side within 100x of the verified reference
2017-10-31,MASI,0000937556,recovered,dqc_recovered:cover,EntityCommonStockSharesOutstanding,51940147,1,4.558e+09,0.0101,"{""basis"": ""pass"", ""discontinuity"": ""pass"", ""scale"": ""recovered"", ""turnover"": ""pass""}",DQC_0095 conflict resolved to the side within 100x of the verified reference
2017-11-30,MASI,0000937556,recovered,dqc_recovered:cover,EntityCommonStockSharesOutstanding,51671144,1,4.59e+09,0.00873,"{""basis"": ""pass"", ""discontinuity"": ""pass"", ""scale"": ""recovered"", ""turnover"": ""pass""}",DQC_0095 conflict resolved to the side within 100x of the verified reference
2017-12-31,MASI,0000937556,recovered,dqc_recovered:cover,EntityCommonStockSharesOutstanding,51671144,1,4.382e+09,0.00877,"{""basis"": ""pass"", ""discontinuity"": ""pass"", ""scale"": ""recovered"", ""turnover"": ""pass""}",DQC_0095 conflict resolved to the side within 100x of the verified reference
2018-01-31,MASI,0000937556,recovered,dqc_recovered:cover,EntityCommonStockSharesOutstanding,51671144,1,4.869e+09,0.00794,"{""basis"": ""pass"", ""discontinuity"": ""pass"", ""scale"": ""recovered"", ""turnover"": ""pass""}",DQC_0095 conflict resolved to the side within 100x of the verified reference
2018-02-28,MASI,0000937556,recovered,dqc_recovered:cover,EntityCommonStockSharesOutstanding,51671144,1,4.523e+09,0.00823,"{""basis"": ""pass"", ""discontinuity"": ""pass"", ""scale"": ""recovered"", ""turnover"": ""pass""}",DQC_0095 conflict resolved to the side within 100x of the verified reference
2018-05-31,MASI,0000937556,recovered,dqc_recovered:cover,EntityCommonStockSharesOutstanding,51783786,1,5.129e+09,0.00853,"{""basis"": ""pass"", ""discontinuity"": ""pass"", ""scale"": ""recovered"", ""turnover"": ""pass""}",DQC_0095 conflict resolved to the side within 100x of the verified reference
2018-06-30,MASI,0000937556,recovered,dqc_recovered:cover,EntityCommonStockSharesOutstanding,51783786,1,5.057e+09,0.01,"{""basis"": ""pass"", ""discontinuity"": ""pass"", ""scale"": ""recovered"", ""turnover"": ""pass""}",DQC_0095 conflict resolved to the side within 100x of the verified reference
2018-07-31,MASI,0000937556,removed:shares_scale_conflict,cover,EntityCommonStockSharesOutstanding,51783786,1,5.148e+09,0.00992,"{""basis"": ""pass"", ""discontinuity"": ""untested"", ""scale"": ""fail"", ""turnover"": ""pass""}","cover vs same-filing balance-sheet count differ >100x, no verified reference to choose"
2017-04-30,MBII,0001441693,recovered,dqc_recovered:balance_sheet,CommonStockSharesOutstanding,24661000,1,4.334e+10,3.26e-06,"{""basis"": ""pass"", ""discontinuity"": ""pass"", ""scale"": ""recovered"", ""turnover"": ""pass""}",DQC_0095 conflict resolved to the side within 100x of the verified reference
2014-09-30,MBTF,0001118237,removed:shares_scale_conflict,cover,EntityCommonStockSharesOutstanding,22691623,1,1.085e+08,0.00116,"{""basis"": ""pass"", ""discontinuity"": ""untested"", ""scale"": ""fail"", ""turnover"": ""pass""}","cover vs same-filing balance-sheet count differ >100x, no verified reference to choose"
2014-10-31,MBTF,0001118237,removed:shares_scale_conflict,cover,EntityCommonStockSharesOutstanding,22691623,1,1.055e+08,0.00172,"{""basis"": ""pass"", ""discontinuity"": ""untested"", ""scale"": ""fail"", ""turnover"": ""pass""}","cover vs same-filing balance-sheet count differ >100x, no verified reference to choose"
2015-08-31,MBTF,0001118237,recovered,dqc_recovered:cover,EntityCommonStockSharesOutstanding,22750173,1,1.492e+08,0.000655,"{""basis"": ""pass"", ""discontinuity"": ""pass"", ""scale"": ""recovered"", ""turnover"": ""pass""}",DQC_0095 conflict resolved to the side within 100x of the verified reference
2015-09-30,MBTF,0001118237,recovered,dqc_recovered:cover,EntityCommonStockSharesOutstanding,22750173,1,1.42e+08,0.00104,"{""basis"": ""pass"", ""discontinuity"": ""pass"", ""scale"": ""recovered"", ""turnover"": ""pass""}",DQC_0095 conflict resolved to the side within 100x of the verified reference
2015-10-31,MBTF,0001118237,recovered,dqc_recovered:cover,EntityCommonStockSharesOutstanding,22750173,1,1.436e+08,0.00108,"{""basis"": ""pass"", ""discontinuity"": ""pass"", ""scale"": ""recovered"", ""turnover"": ""pass""}",DQC_0095 conflict resolved to the side within 100x of the verified reference
2014-11-30,MDRX,0001124804,recovered,dqc_recovered:cover,EntityCommonStockSharesOutstanding,180261934,1,2.167e+09,0.0134,"{""basis"": ""pass"", ""discontinuity"": ""pass"", ""scale"": ""recovered"", ""turnover"": ""pass""}",DQC_0095 conflict resolved to the side within 100x of the verified reference
2014-12-31,MDRX,0001124804,recovered,dqc_recovered:cover,EntityCommonStockSharesOutstanding,180261934,1,2.302e+09,0.0126,"{""basis"": ""pass"", ""discontinuity"": ""pass"", ""scale"": ""recovered"", ""turnover"": ""pass""}",DQC_0095 conflict resolved to the side within 100x of the verified reference
2015-01-31,MDRX,0001124804,recovered,dqc_recovered:cover,EntityCommonStockSharesOutstanding,180261934,1,2.147e+09,0.0139,"{""basis"": ""pass"", ""discontinuity"": ""pass"", ""scale"": ""recovered"", ""turnover"": ""pass""}",DQC_0095 conflict resolved to the side within 100x of the verified reference
2015-02-28,MDRX,0001124804,recovered,dqc_recovered:cover,EntityCommonStockSharesOutstanding,180261934,1,2.164e+09,0.016,"{""basis"": ""pass"", ""discontinuity"": ""pass"", ""scale"": ""recovered"", ""turnover"": ""pass""}",DQC_0095 conflict resolved to the side within 100x of the verified reference
2017-08-31,MGPI,0000835011,recovered,dqc_recovered:balance_sheet,CommonStockSharesOutstanding,16715939,1,9.399e+11,8.16e-06,"{""basis"": ""pass"", ""discontinuity"": ""pass"", ""scale"": ""recovered"", ""turnover"": ""pass""}",DQC_0095 conflict resolved to the side within 100x of the verified reference
2017-09-30,MGPI,0000835011,recovered,dqc_recovered:balance_sheet,CommonStockSharesOutstanding,16715939,1,1.013e+12,6.82e-06,"{""basis"": ""pass"", ""discontinuity"": ""pass"", ""scale"": ""recovered"", ""turnover"": ""pass""}",DQC_0095 conflict resolved to the side within 100x of the verified reference
2017-10-31,MGPI,0000835011,recovered,dqc_recovered:balance_sheet,CommonStockSharesOutstanding,16715939,1,1.136e+12,5.61e-06,"{""basis"": ""pass"", ""discontinuity"": ""pass"", ""scale"": ""recovered"", ""turnover"": ""pass""}",DQC_0095 conflict resolved to the side within 100x of the verified reference
2015-05-31,MNST,0000865752,recovered,dqc_recovered:cover,EntityCommonStockSharesOutstanding,170171054,1,2.166e+10,0.00715,"{""basis"": ""pass"", ""discontinuity"": ""pass"", ""scale"": ""recovered"", ""turnover"": ""pass""}",DQC_0095 conflict resolved to the side within 100x of the verified reference
2015-06-30,MNST,0000865752,recovered,dqc_recovered:cover,EntityCommonStockSharesOutstanding,170171054,1,2.281e+10,0.00721,"{""basis"": ""pass"", ""discontinuity"": ""pass"", ""scale"": ""recovered"", ""turnover"": ""pass""}",DQC_0095 conflict resolved to the side within 100x of the verified reference
2015-07-31,MNST,0000865752,recovered,dqc_recovered:cover,EntityCommonStockSharesOutstanding,170171054,1,2.613e+10,0.00626,"{""basis"": ""pass"", ""discontinuity"": ""pass"", ""scale"": ""recovered"", ""turnover"": ""pass""}",DQC_0095 conflict resolved to the side within 100x of the verified reference
2015-08-31,MPG,0001616817,recovered,dqc_recovered:cover,EntityCommonStockSharesOutstanding,67177198,1,1.268e+09,0.00182,"{""basis"": ""pass"", ""discontinuity"": ""pass"", ""scale"": ""recovered"", ""turnover"": ""pass""}",DQC_0095 conflict resolved to the side within 100x of the verified reference
2015-09-30,MPG,0001616817,recovered,dqc_recovered:cover,EntityCommonStockSharesOutstanding,67177198,1,1.411e+09,0.00135,"{""basis"": ""pass"", ""discontinuity"": ""pass"", ""scale"": ""recovered"", ""turnover"": ""pass""}",DQC_0095 conflict resolved to the side within 100x of the verified reference
2015-10-31,MPG,0001616817,recovered,dqc_recovered:cover,EntityCommonStockSharesOutstanding,67177198,1,1.466e+09,0.00136,"{""basis"": ""pass"", ""discontinuity"": ""pass"", ""scale"": ""recovered"", ""turnover"": ""pass""}",DQC_0095 conflict resolved to the side within 100x of the verified reference
2015-11-30,MSCC,0000310568,recovered,dqc_recovered:balance_sheet,CommonStockSharesOutstanding,95100000,1,3.464e+12,6.45e-06,"{""basis"": ""pass"", ""discontinuity"": ""pass"", ""scale"": ""recovered"", ""turnover"": ""pass""}",DQC_0095 conflict resolved to the side within 100x of the verified reference
2015-12-31,MSCC,0000310568,recovered,dqc_recovered:balance_sheet,CommonStockSharesOutstanding,95100000,1,3.135e+12,7.64e-06,"{""basis"": ""pass"", ""discontinuity"": ""pass"", ""scale"": ""recovered"", ""turnover"": ""pass""}",DQC_0095 conflict resolved to the side within 100x of the verified reference
2016-01-31,MSCC,0000310568,recovered,dqc_recovered:balance_sheet,CommonStockSharesOutstanding,95100000,1,3.05e+12,1.04e-05,"{""basis"": ""pass"", ""discontinuity"": ""pass"", ""scale"": ""recovered"", ""turnover"": ""pass""}",DQC_0095 conflict resolved to the side within 100x of the verified reference
2015-05-31,MSCI,0001408198,recovered,dqc_recovered:cover,EntityCommonStockSharesOutstanding,112425358,1,6.976e+09,0.00504,"{""basis"": ""pass"", ""discontinuity"": ""pass"", ""scale"": ""recovered"", ""turnover"": ""pass""}",DQC_0095 conflict resolved to the side within 100x of the verified reference
2015-06-30,MSCI,0001408198,recovered,dqc_recovered:cover,EntityCommonStockSharesOutstanding,112425358,1,6.92e+09,0.00527,"{""basis"": ""pass"", ""discontinuity"": ""pass"", ""scale"": ""recovered"", ""turnover"": ""pass""}",DQC_0095 conflict resolved to the side within 100x of the verified reference
2015-07-31,MSCI,0001408198,recovered,dqc_recovered:cover,EntityCommonStockSharesOutstanding,112425358,1,7.663e+09,0.00462,"{""basis"": ""pass"", ""discontinuity"": ""pass"", ""scale"": ""recovered"", ""turnover"": ""pass""}",DQC_0095 conflict resolved to the side within 100x of the verified reference
2016-05-31,MSEX,0000066004,recovered,dqc_recovered:cover,EntityCommonStockSharesOutstanding,16241484,1,6.001e+08,0.00322,"{""basis"": ""pass"", ""discontinuity"": ""pass"", ""scale"": ""recovered"", ""turnover"": ""pass""}",DQC_0095 conflict resolved to the side within 100x of the verified reference
2016-06-30,MSEX,0000066004,recovered,dqc_recovered:cover,EntityCommonStockSharesOutstanding,16241484,1,7.046e+08,0.00365,"{""basis"": ""pass"", ""discontinuity"": ""pass"", ""scale"": ""recovered"", ""turnover"": ""pass""}",DQC_0095 conflict resolved to the side within 100x of the verified reference
2016-07-31,MSEX,0000066004,recovered,dqc_recovered:cover,EntityCommonStockSharesOutstanding,16241484,1,6.709e+08,0.00432,"{""basis"": ""pass"", ""discontinuity"": ""pass"", ""scale"": ""recovered"", ""turnover"": ""pass""}",DQC_0095 conflict resolved to the side within 100x of the verified reference
2015-11-30,MUX,0000314203,recovered,dqc_recovered:cover,EntityCommonStockSharesOutstanding,274654010,1,2.444e+08,0.00292,"{""basis"": ""pass"", ""discontinuity"": ""pass"", ""scale"": ""recovered"", ""turnover"": ""pass""}",DQC_0095 conflict resolved to the side within 100x of the verified reference
2015-12-31,MUX,0000314203,recovered,dqc_recovered:cover,EntityCommonStockSharesOutstanding,274654010,1,2.911e+08,0.00257,"{""basis"": ""pass"", ""discontinuity"": ""pass"", ""scale"": ""recovered"", ""turnover"": ""pass""}",DQC_0095 conflict resolved to the side within 100x of the verified reference
2016-01-31,MUX,0000314203,recovered,dqc_recovered:cover,EntityCommonStockSharesOutstanding,274654010,1,3.378e+08,0.00243,"{""basis"": ""pass"", ""discontinuity"": ""pass"", ""scale"": ""recovered"", ""turnover"": ""pass""}",DQC_0095 conflict resolved to the side within 100x of the verified reference
2016-02-29,MUX,0000314203,recovered,dqc_recovered:cover,EntityCommonStockSharesOutstanding,274654010,1,5.026e+08,0.00246,"{""basis"": ""pass"", ""discontinuity"": ""pass"", ""scale"": ""recovered"", ""turnover"": ""pass""}",DQC_0095 conflict resolved to the side within 100x of the verified reference
2020-08-31,MXIM,0000743316,recovered,dqc_recovered:cover,EntityCommonStockSharesOutstanding,266695209,1,1.825e+10,0.0108,"{""basis"": ""pass"", ""discontinuity"": ""pass"", ""scale"": ""recovered"", ""turnover"": ""pass""}",DQC_0095 conflict resolved to the side within 100x of the verified reference
2020-09-30,MXIM,0000743316,recovered,dqc_recovered:cover,EntityCommonStockSharesOutstanding,266695209,1,1.803e+10,0.0116,"{""basis"": ""pass"", ""discontinuity"": ""pass"", ""scale"": ""recovered"", ""turnover"": ""pass""}",DQC_0095 conflict resolved to the side within 100x of the verified reference
2018-01-31,NEOG,0000711377,removed:shares_basis_ambiguous,cover,EntityCommonStockSharesOutstanding,51522587,1.33333,4.055e+09,0.00223,"{""basis"": ""fail"", ""discontinuity"": ""pass"", ""scale"": ""pass"", ""turnover"": ""pass""}",split stamp between cover date and filing
2018-02-28,NEOG,0000711377,removed:shares_basis_ambiguous,cover,EntityCommonStockSharesOutstanding,51522587,1.33333,4.003e+09,0.00242,"{""basis"": ""fail"", ""discontinuity"": ""pass"", ""scale"": ""pass"", ""turnover"": ""pass""}",split stamp between cover date and filing
2018-03-31,NEOG,0000711377,removed:shares_basis_ambiguous,cover,EntityCommonStockSharesOutstanding,51522587,1.33333,4.602e+09,0.0023,"{""basis"": ""fail"", ""discontinuity"": ""pass"", ""scale"": ""pass"", ""turnover"": ""pass""}",split stamp between cover date and filing
2016-06-30,NETE,0001499961,removed:shares_basis_ambiguous,cover,EntityCommonStockSharesOutstanding,11425247,0.1,2.102e+06,0.378,"{""basis"": ""fail"", ""discontinuity"": ""pass"", ""scale"": ""pass"", ""turnover"": ""pass""}",split stamp between cover date and filing
2016-07-31,NETE,0001499961,removed:shares_basis_ambiguous,cover,EntityCommonStockSharesOutstanding,11425247,0.1,2.468e+06,0.373,"{""basis"": ""fail"", ""discontinuity"": ""pass"", ""scale"": ""pass"", ""turnover"": ""pass""}",split stamp between cover date and filing
2015-07-31,NFLX,0001065280,removed:shares_basis_ambiguous,cover,EntityCommonStockSharesOutstanding,426004831,7,3.409e+11,0.00425,"{""basis"": ""fail"", ""discontinuity"": ""pass"", ""scale"": ""pass"", ""turnover"": ""pass""}",split stamp between cover date and filing
2015-08-31,NFLX,0001065280,removed:shares_basis_ambiguous,cover,EntityCommonStockSharesOutstanding,426004831,7,3.43e+11,0.00512,"{""basis"": ""fail"", ""discontinuity"": ""pass"", ""scale"": ""pass"", ""turnover"": ""pass""}",split stamp between cover date and filing
2015-09-30,NFLX,0001065280,removed:shares_basis_ambiguous,cover,EntityCommonStockSharesOutstanding,426004831,7,3.079e+11,0.00647,"{""basis"": ""fail"", ""discontinuity"": ""pass"", ""scale"": ""pass"", ""turnover"": ""pass""}",split stamp between cover date and filing
2015-01-31,NG,0001173420,removed:shares_scale_conflict,cover,EntityCommonStockSharesOutstanding,317794647,1,1.185e+09,0.00555,"{""basis"": ""pass"", ""discontinuity"": ""untested"", ""scale"": ""fail"", ""turnover"": ""pass""}","cover vs same-filing balance-sheet count differ >100x, no verified reference to choose"
2015-02-28,NG,0001173420,removed:shares_scale_conflict,cover,EntityCommonStockSharesOutstanding,317794647,1,1.182e+09,0.00598,"{""basis"": ""pass"", ""discontinuity"": ""untested"", ""scale"": ""fail"", ""turnover"": ""pass""}","cover vs same-filing balance-sheet count differ >100x, no verified reference to choose"
2015-03-31,NG,0001173420,removed:shares_scale_conflict,cover,EntityCommonStockSharesOutstanding,317794647,1,9.407e+08,0.00807,"{""basis"": ""pass"", ""discontinuity"": ""untested"", ""scale"": ""fail"", ""turnover"": ""pass""}","cover vs same-filing balance-sheet count differ >100x, no verified reference to choose"
2016-01-31,NG,0001173420,removed:shares_scale_conflict,cover,EntityCommonStockSharesOutstanding,319323874,1,1.344e+09,0.00431,"{""basis"": ""pass"", ""discontinuity"": ""untested"", ""scale"": ""fail"", ""turnover"": ""pass""}","cover vs same-filing balance-sheet count differ >100x, no verified reference to choose"
2016-02-29,NG,0001173420,removed:shares_scale_conflict,cover,EntityCommonStockSharesOutstanding,319323874,1,1.584e+09,0.00418,"{""basis"": ""pass"", ""discontinuity"": ""untested"", ""scale"": ""fail"", ""turnover"": ""pass""}","cover vs same-filing balance-sheet count differ >100x, no verified reference to choose"
2016-03-31,NG,0001173420,removed:shares_scale_conflict,cover,EntityCommonStockSharesOutstanding,319323874,1,1.609e+09,0.00486,"{""basis"": ""pass"", ""discontinuity"": ""untested"", ""scale"": ""fail"", ""turnover"": ""pass""}","cover vs same-filing balance-sheet count differ >100x, no verified reference to choose"
2018-04-30,NNBR,0000918541,removed:shares_scale_conflict,cover,EntityCommonStockSharesOutstanding,27579873000000,1,5.599e+14,5.55e-09,"{""basis"": ""pass"", ""discontinuity"": ""fail"", ""scale"": ""fail"", ""turnover"": ""pass""}","cover vs same-filing balance-sheet count differ >100x, no verified reference to choose"
2015-06-30,NSA,0001618563,removed:shares_scale_conflict,cover,EntityCommonStockSharesOutstanding,23000000,1,2.852e+08,,"{""basis"": ""pass"", ""discontinuity"": ""untested"", ""scale"": ""fail"", ""turnover"": ""untested""}","cover vs same-filing balance-sheet count differ >100x, no verified reference to choose"
2015-07-31,NSA,0001618563,removed:shares_scale_conflict,cover,EntityCommonStockSharesOutstanding,23000000,1,2.721e+08,0.0202,"{""basis"": ""pass"", ""discontinuity"": ""untested"", ""scale"": ""fail"", ""turnover"": ""pass""}","cover vs same-filing balance-sheet count differ >100x, no verified reference to choose"
2017-08-31,NTN,0000748592,recovered,dqc_recovered:cover,EntityCommonStockSharesOutstanding,2515533,1,1.836e+07,0.00803,"{""basis"": ""pass"", ""discontinuity"": ""pass"", ""scale"": ""recovered"", ""turnover"": ""pass""}",DQC_0095 conflict resolved to the side within 100x of the verified reference
2017-09-30,NTN,0000748592,recovered,dqc_recovered:cover,EntityCommonStockSharesOutstanding,2515533,1,1.54e+07,0.00715,"{""basis"": ""pass"", ""discontinuity"": ""pass"", ""scale"": ""recovered"", ""turnover"": ""pass""}",DQC_0095 conflict resolved to the side within 100x of the verified reference
2017-10-31,NTN,0000748592,recovered,dqc_recovered:cover,EntityCommonStockSharesOutstanding,2515533,1,1.513e+07,0.00516,"{""basis"": ""pass"", ""discontinuity"": ""pass"", ""scale"": ""recovered"", ""turnover"": ""pass""}",DQC_0095 conflict resolved to the side within 100x of the verified reference
2017-11-30,NTN,0000748592,recovered,dqc_recovered:cover,EntityCommonStockSharesOutstanding,2520554,1,1.21e+07,0.00384,"{""basis"": ""pass"", ""discontinuity"": ""pass"", ""scale"": ""recovered"", ""turnover"": ""pass""}",DQC_0095 conflict resolved to the side within 100x of the verified reference
2017-12-31,NTN,0000748592,recovered,dqc_recovered:cover,EntityCommonStockSharesOutstanding,2520554,1,1.061e+07,0.00356,"{""basis"": ""pass"", ""discontinuity"": ""pass"", ""scale"": ""recovered"", ""turnover"": ""pass""}",DQC_0095 conflict resolved to the side within 100x of the verified reference
2018-01-31,NTN,0000748592,recovered,dqc_recovered:cover,EntityCommonStockSharesOutstanding,2520554,1,1.419e+07,0.00271,"{""basis"": ""pass"", ""discontinuity"": ""pass"", ""scale"": ""recovered"", ""turnover"": ""pass""}",DQC_0095 conflict resolved to the side within 100x of the verified reference
2018-02-28,NTN,0000748592,recovered,dqc_recovered:cover,EntityCommonStockSharesOutstanding,2520554,1,1.62e+07,0.00197,"{""basis"": ""pass"", ""discontinuity"": ""pass"", ""scale"": ""recovered"", ""turnover"": ""pass""}",DQC_0095 conflict resolved to the side within 100x of the verified reference
2019-08-31,NTN,0000748592,recovered,dqc_recovered:cover,EntityCommonStockSharesOutstanding,2883728,1,6.999e+06,0.00237,"{""basis"": ""pass"", ""discontinuity"": ""pass"", ""scale"": ""recovered"", ""turnover"": ""pass""}",DQC_0095 conflict resolved to the side within 100x of the verified reference
2019-09-30,NTN,0000748592,recovered,dqc_recovered:cover,EntityCommonStockSharesOutstanding,2883728,1,9.689e+06,0.00185,"{""basis"": ""pass"", ""discontinuity"": ""pass"", ""scale"": ""recovered"", ""turnover"": ""pass""}",DQC_0095 conflict resolved to the side within 100x of the verified reference
2019-10-31,NTN,0000748592,recovered,dqc_recovered:cover,EntityCommonStockSharesOutstanding,2883728,1,8.219e+06,0.00199,"{""basis"": ""pass"", ""discontinuity"": ""pass"", ""scale"": ""recovered"", ""turnover"": ""pass""}",DQC_0095 conflict resolved to the side within 100x of the verified reference
2020-03-31,NTRP,0001513856,removed:shares_basis_ambiguous,cover,EntityCommonStockSharesOutstanding,19748328,0.1,5.451e+06,0.0295,"{""basis"": ""fail"", ""discontinuity"": ""pass"", ""scale"": ""pass"", ""turnover"": ""pass""}",split stamp between cover date and filing
2020-04-30,NTRP,0001513856,removed:shares_basis_ambiguous,cover,EntityCommonStockSharesOutstanding,19748328,0.1,4.759e+06,0.0772,"{""basis"": ""fail"", ""discontinuity"": ""pass"", ""scale"": ""pass"", ""turnover"": ""pass""}",split stamp between cover date and filing
2020-05-31,NTRP,0001513856,removed:shares_basis_ambiguous,cover,EntityCommonStockSharesOutstanding,19748328,0.1,5.115e+06,0.13,"{""basis"": ""fail"", ""discontinuity"": ""pass"", ""scale"": ""pass"", ""turnover"": ""pass""}",split stamp between cover date and filing
2015-03-31,NVSL,0001493552,recovered,dqc_recovered:cover,EntityCommonStockSharesOutstanding,7002208,1,6.428e+07,0.000637,"{""basis"": ""pass"", ""discontinuity"": ""pass"", ""scale"": ""recovered"", ""turnover"": ""pass""}",DQC_0095 conflict resolved to the side within 100x of the verified reference
2015-04-30,NVSL,0001493552,recovered,dqc_recovered:cover,EntityCommonStockSharesOutstanding,7002208,1,6.546e+07,0.000682,"{""basis"": ""pass"", ""discontinuity"": ""pass"", ""scale"": ""recovered"", ""turnover"": ""pass""}",DQC_0095 conflict resolved to the side within 100x of the verified reference
2017-08-31,NWPX,0001001385,recovered,dqc_recovered:cover,EntityCommonStockSharesOutstanding,9619755,1,1.764e+08,0.00556,"{""basis"": ""pass"", ""discontinuity"": ""pass"", ""scale"": ""recovered"", ""turnover"": ""pass""}",DQC_0095 conflict resolved to the side within 100x of the verified reference
2017-09-30,NWPX,0001001385,recovered,dqc_recovered:cover,EntityCommonStockSharesOutstanding,9619755,1,1.83e+08,0.00496,"{""basis"": ""pass"", ""discontinuity"": ""pass"", ""scale"": ""recovered"", ""turnover"": ""pass""}",DQC_0095 conflict resolved to the side within 100x of the verified reference
2017-10-31,NWPX,0001001385,recovered,dqc_recovered:cover,EntityCommonStockSharesOutstanding,9619755,1,1.755e+08,0.00493,"{""basis"": ""pass"", ""discontinuity"": ""pass"", ""scale"": ""recovered"", ""turnover"": ""pass""}",DQC_0095 conflict resolved to the side within 100x of the verified reference
2017-03-31,OME,0001053650,recovered,dqc_recovered:cover,EntityCommonStockSharesOutstanding,22415851,1,4.494e+08,0.00841,"{""basis"": ""pass"", ""discontinuity"": ""pass"", ""scale"": ""recovered"", ""turnover"": ""pass""}",DQC_0095 conflict resolved to the side within 100x of the verified reference
2017-04-30,OME,0001053650,recovered,dqc_recovered:cover,EntityCommonStockSharesOutstanding,22415851,1,4.517e+08,0.00839,"{""basis"": ""pass"", ""discontinuity"": ""pass"", ""scale"": ""recovered"", ""turnover"": ""pass""}",DQC_0095 conflict resolved to the side within 100x of the verified reference
2017-05-31,OME,0001053650,recovered,dqc_recovered:cover,EntityCommonStockSharesOutstanding,22440733,1,3.916e+08,0.00993,"{""basis"": ""pass"", ""discontinuity"": ""pass"", ""scale"": ""recovered"", ""turnover"": ""pass""}",DQC_0095 conflict resolved to the side within 100x of the verified reference
2017-06-30,OME,0001053650,recovered,dqc_recovered:cover,EntityCommonStockSharesOutstanding,22440733,1,4.017e+08,0.00955,"{""basis"": ""pass"", ""discontinuity"": ""pass"", ""scale"": ""recovered"", ""turnover"": ""pass""}",DQC_0095 conflict resolved to the side within 100x of the verified reference
2017-07-31,OME,0001053650,recovered,dqc_recovered:cover,EntityCommonStockSharesOutstanding,22440733,1,3.591e+08,0.0107,"{""basis"": ""pass"", ""discontinuity"": ""pass"", ""scale"": ""recovered"", ""turnover"": ""pass""}",DQC_0095 conflict resolved to the side within 100x of the verified reference
2017-08-31,OME,0001053650,recovered,dqc_recovered:cover,EntityCommonStockSharesOutstanding,22464351,1,3.549e+08,0.011,"{""basis"": ""pass"", ""discontinuity"": ""pass"", ""scale"": ""recovered"", ""turnover"": ""pass""}",DQC_0095 conflict resolved to the side within 100x of the verified reference
2017-09-30,OME,0001053650,recovered,dqc_recovered:cover,EntityCommonStockSharesOutstanding,22464351,1,3.74e+08,0.00918,"{""basis"": ""pass"", ""discontinuity"": ""pass"", ""scale"": ""recovered"", ""turnover"": ""pass""}",DQC_0095 conflict resolved to the side within 100x of the verified reference
2017-10-31,OME,0001053650,recovered,dqc_recovered:cover,EntityCommonStockSharesOutstanding,22464351,1,4.92e+08,0.0114,"{""basis"": ""pass"", ""discontinuity"": ""pass"", ""scale"": ""recovered"", ""turnover"": ""pass""}",DQC_0095 conflict resolved to the side within 100x of the verified reference
2020-05-31,ONEW,0001772921,removed:shares_turnover_implausible,balance_sheet,CommonStockSharesOutstanding,1000,1,1.475e+04,100,"{""basis"": ""pass"", ""discontinuity"": ""untested"", ""scale"": ""untested"", ""turnover"": ""fail""}",dollar volume >10x ME (count too small: subsidiary/shell or mis-scaled)
2020-06-30,ONEW,0001772921,removed:shares_turnover_implausible,balance_sheet,CommonStockSharesOutstanding,1000,1,2.428e+04,64.2,"{""basis"": ""pass"", ""discontinuity"": ""untested"", ""scale"": ""untested"", ""turnover"": ""fail""}",dollar volume >10x ME (count too small: subsidiary/shell or mis-scaled)
2020-07-31,ONEW,0001772921,removed:shares_turnover_implausible,balance_sheet,CommonStockSharesOutstanding,1000,1,2.5e+04,59.4,"{""basis"": ""pass"", ""discontinuity"": ""untested"", ""scale"": ""untested"", ""turnover"": ""fail""}",dollar volume >10x ME (count too small: subsidiary/shell or mis-scaled)
2020-08-31,ONEW,0001772921,removed:shares_turnover_implausible,balance_sheet,CommonStockSharesOutstanding,1000,1,2.858e+04,43.1,"{""basis"": ""pass"", ""discontinuity"": ""untested"", ""scale"": ""untested"", ""turnover"": ""fail""}",dollar volume >10x ME (count too small: subsidiary/shell or mis-scaled)
2020-09-30,ONEW,0001772921,removed:shares_turnover_implausible,balance_sheet,CommonStockSharesOutstanding,1000,1,2.049e+04,78.1,"{""basis"": ""pass"", ""discontinuity"": ""untested"", ""scale"": ""untested"", ""turnover"": ""fail""}",dollar volume >10x ME (count too small: subsidiary/shell or mis-scaled)
2020-10-31,ONEW,0001772921,removed:shares_turnover_implausible,balance_sheet,CommonStockSharesOutstanding,1000,1,1.863e+04,99.2,"{""basis"": ""pass"", ""discontinuity"": ""untested"", ""scale"": ""untested"", ""turnover"": ""fail""}",dollar volume >10x ME (count too small: subsidiary/shell or mis-scaled)
2020-11-30,ONEW,0001772921,removed:shares_turnover_implausible,balance_sheet,CommonStockSharesOutstanding,1000,1,2.796e+04,76.3,"{""basis"": ""pass"", ""discontinuity"": ""untested"", ""scale"": ""untested"", ""turnover"": ""fail""}",dollar volume >10x ME (count too small: subsidiary/shell or mis-scaled)
2020-12-31,ONEW,0001772921,removed:shares_turnover_implausible,balance_sheet,CommonStockSharesOutstanding,1000,1,2.909e+04,86.7,"{""basis"": ""pass"", ""discontinuity"": ""untested"", ""scale"": ""untested"", ""turnover"": ""fail""}",dollar volume >10x ME (count too small: subsidiary/shell or mis-scaled)
2021-01-31,ONEW,0001772921,removed:shares_turnover_implausible,balance_sheet,CommonStockSharesOutstanding,1000,1,3.233e+04,84.4,"{""basis"": ""pass"", ""discontinuity"": ""untested"", ""scale"": ""untested"", ""turnover"": ""fail""}",dollar volume >10x ME (count too small: subsidiary/shell or mis-scaled)
2021-02-28,ONEW,0001772921,removed:shares_turnover_implausible,balance_sheet,CommonStockSharesOutstanding,1000,1,3.561e+04,85.2,"{""basis"": ""pass"", ""discontinuity"": ""untested"", ""scale"": ""untested"", ""turnover"": ""fail""}",dollar volume >10x ME (count too small: subsidiary/shell or mis-scaled)
2021-03-31,ONEW,0001772921,removed:shares_turnover_implausible,balance_sheet,CommonStockSharesOutstanding,1000,1,3.996e+04,77.8,"{""basis"": ""pass"", ""discontinuity"": ""untested"", ""scale"": ""untested"", ""turnover"": ""fail""}",dollar volume >10x ME (count too small: subsidiary/shell or mis-scaled)
2018-08-31,OSPN,0001044777,recovered,dqc_recovered:cover,EntityCommonStockSharesOutstanding,40225615,1,7.542e+08,0.00564,"{""basis"": ""pass"", ""discontinuity"": ""pass"", ""scale"": ""recovered"", ""turnover"": ""pass""}",DQC_0095 conflict resolved to the side within 100x of the verified reference
2018-09-30,OSPN,0001044777,recovered,dqc_recovered:cover,EntityCommonStockSharesOutstanding,40225615,1,7.663e+08,0.00581,"{""basis"": ""pass"", ""discontinuity"": ""pass"", ""scale"": ""recovered"", ""turnover"": ""pass""}",DQC_0095 conflict resolved to the side within 100x of the verified reference
2018-10-31,OSPN,0001044777,recovered,dqc_recovered:cover,EntityCommonStockSharesOutstanding,40225615,1,5.903e+08,0.00797,"{""basis"": ""pass"", ""discontinuity"": ""pass"", ""scale"": ""recovered"", ""turnover"": ""pass""}",DQC_0095 conflict resolved to the side within 100x of the verified reference
2018-11-30,OSPN,0001044777,recovered,dqc_recovered:cover,EntityCommonStockSharesOutstanding,40256380,1,6.832e+08,0.006,"{""basis"": ""pass"", ""discontinuity"": ""pass"", ""scale"": ""recovered"", ""turnover"": ""pass""}",DQC_0095 conflict resolved to the side within 100x of the verified reference
2018-12-31,OSPN,0001044777,recovered,dqc_recovered:cover,EntityCommonStockSharesOutstanding,40256380,1,5.213e+08,0.00727,"{""basis"": ""pass"", ""discontinuity"": ""pass"", ""scale"": ""recovered"", ""turnover"": ""pass""}",DQC_0095 conflict resolved to the side within 100x of the verified reference
2019-01-31,OSPN,0001044777,recovered,dqc_recovered:cover,EntityCommonStockSharesOutstanding,40256380,1,5.873e+08,0.00606,"{""basis"": ""pass"", ""discontinuity"": ""pass"", ""scale"": ""recovered"", ""turnover"": ""pass""}",DQC_0095 conflict resolved to the side within 100x of the verified reference
2019-02-28,OSPN,0001044777,recovered,dqc_recovered:cover,EntityCommonStockSharesOutstanding,40256380,1,8.575e+08,0.00476,"{""basis"": ""pass"", ""discontinuity"": ""pass"", ""scale"": ""recovered"", ""turnover"": ""pass""}",DQC_0095 conflict resolved to the side within 100x of the verified reference
2019-05-31,OSPN,0001044777,recovered,dqc_recovered:cover,EntityCommonStockSharesOutstanding,40214529,1,5.61e+08,0.00768,"{""basis"": ""pass"", ""discontinuity"": ""pass"", ""scale"": ""recovered"", ""turnover"": ""pass""}",DQC_0095 conflict resolved to the side within 100x of the verified reference
2019-06-30,OSPN,0001044777,recovered,dqc_recovered:cover,EntityCommonStockSharesOutstanding,40214529,1,5.698e+08,0.00763,"{""basis"": ""pass"", ""discontinuity"": ""pass"", ""scale"": ""recovered"", ""turnover"": ""pass""}",DQC_0095 conflict resolved to the side within 100x of the verified reference
2019-07-31,OSPN,0001044777,recovered,dqc_recovered:cover,EntityCommonStockSharesOutstanding,40214529,1,5.879e+08,0.00752,"{""basis"": ""pass"", ""discontinuity"": ""pass"", ""scale"": ""recovered"", ""turnover"": ""pass""}",DQC_0095 conflict resolved to the side within 100x of the verified reference
2019-08-31,OSPN,0001044777,recovered,dqc_recovered:cover,EntityCommonStockSharesOutstanding,40335271,1,5.445e+08,0.00661,"{""basis"": ""pass"", ""discontinuity"": ""pass"", ""scale"": ""recovered"", ""turnover"": ""pass""}",DQC_0095 conflict resolved to the side within 100x of the verified reference
2019-09-30,OSPN,0001044777,recovered,dqc_recovered:cover,EntityCommonStockSharesOutstanding,40335271,1,5.849e+08,0.00568,"{""basis"": ""pass"", ""discontinuity"": ""pass"", ""scale"": ""recovered"", ""turnover"": ""pass""}",DQC_0095 conflict resolved to the side within 100x of the verified reference
2019-10-31,OSPN,0001044777,recovered,dqc_recovered:cover,EntityCommonStockSharesOutstanding,40201365,1,7.522e+08,0.00434,"{""basis"": ""pass"", ""discontinuity"": ""pass"", ""scale"": ""recovered"", ""turnover"": ""pass""}",DQC_0095 conflict resolved to the side within 100x of the verified reference
2019-11-30,OSPN,0001044777,recovered,dqc_recovered:cover,EntityCommonStockSharesOutstanding,40201365,1,7.498e+08,0.00434,"{""basis"": ""pass"", ""discontinuity"": ""pass"", ""scale"": ""recovered"", ""turnover"": ""pass""}",DQC_0095 conflict resolved to the side within 100x of the verified reference
2019-12-31,OSPN,0001044777,recovered,dqc_recovered:cover,EntityCommonStockSharesOutstanding,40201365,1,6.882e+08,0.0048,"{""basis"": ""pass"", ""discontinuity"": ""pass"", ""scale"": ""recovered"", ""turnover"": ""pass""}",DQC_0095 conflict resolved to the side within 100x of the verified reference
2020-01-31,OSPN,0001044777,recovered,dqc_recovered:cover,EntityCommonStockSharesOutstanding,40201365,1,6.681e+08,0.00544,"{""basis"": ""pass"", ""discontinuity"": ""pass"", ""scale"": ""recovered"", ""turnover"": ""pass""}",DQC_0095 conflict resolved to the side within 100x of the verified reference
2020-02-29,OSPN,0001044777,recovered,dqc_recovered:cover,EntityCommonStockSharesOutstanding,40201365,1,6.637e+08,0.00572,"{""basis"": ""pass"", ""discontinuity"": ""pass"", ""scale"": ""recovered"", ""turnover"": ""pass""}",DQC_0095 conflict resolved to the side within 100x of the verified reference
2018-05-31,OTIV,0001021604,recovered,dqc_recovered:cover,EntityCommonStockSharesOutstanding,41174378,1,5.311e+07,0.0467,"{""basis"": ""pass"", ""discontinuity"": ""pass"", ""scale"": ""recovered"", ""turnover"": ""pass""}",DQC_0095 conflict resolved to the side within 100x of the verified reference
2018-06-30,OTIV,0001021604,recovered,dqc_recovered:cover,EntityCommonStockSharesOutstanding,41174378,1,4.817e+07,0.0103,"{""basis"": ""pass"", ""discontinuity"": ""pass"", ""scale"": ""recovered"", ""turnover"": ""pass""}",DQC_0095 conflict resolved to the side within 100x of the verified reference
2018-07-31,OTIV,0001021604,recovered,dqc_recovered:cover,EntityCommonStockSharesOutstanding,41174378,1,4.364e+07,0.00555,"{""basis"": ""pass"", ""discontinuity"": ""pass"", ""scale"": ""recovered"", ""turnover"": ""pass""}",DQC_0095 conflict resolved to the side within 100x of the verified reference
2015-05-31,OVLY,0001431567,recovered,dqc_recovered:cover,EntityCommonStockSharesOutstanding,8075355,1,7.768e+07,0.00126,"{""basis"": ""pass"", ""discontinuity"": ""pass"", ""scale"": ""recovered"", ""turnover"": ""pass""}",DQC_0095 conflict resolved to the side within 100x of the verified reference
2015-06-30,OVLY,0001431567,recovered,dqc_recovered:cover,EntityCommonStockSharesOutstanding,8075355,1,7.958e+07,0.00128,"{""basis"": ""pass"", ""discontinuity"": ""pass"", ""scale"": ""recovered"", ""turnover"": ""pass""}",DQC_0095 conflict resolved to the side within 100x of the verified reference
2015-07-31,OVLY,0001431567,recovered,dqc_recovered:cover,EntityCommonStockSharesOutstanding,8075355,1,8.291e+07,0.000845,"{""basis"": ""pass"", ""discontinuity"": ""pass"", ""scale"": ""recovered"", ""turnover"": ""pass""}",DQC_0095 conflict resolved to the side within 100x of the verified reference
2015-04-30,PCG,0001004980,recovered,dqc_recovered:cover,EntityCommonStockSharesOutstanding,479973603,1,2.54e+10,0.00712,"{""basis"": ""pass"", ""discontinuity"": ""pass"", ""scale"": ""recovered"", ""turnover"": ""pass""}",DQC_0095 conflict resolved to the side within 100x of the verified reference
2015-05-31,PCG,0001004980,recovered,dqc_recovered:cover,EntityCommonStockSharesOutstanding,479973603,1,2.566e+10,0.0065,"{""basis"": ""pass"", ""discontinuity"": ""pass"", ""scale"": ""recovered"", ""turnover"": ""pass""}",DQC_0095 conflict resolved to the side within 100x of the verified reference
2015-06-30,PCG,0001004980,recovered,dqc_recovered:cover,EntityCommonStockSharesOutstanding,479973603,1,2.357e+10,0.00697,"{""basis"": ""pass"", ""discontinuity"": ""pass"", ""scale"": ""recovered"", ""turnover"": ""pass""}",DQC_0095 conflict resolved to the side within 100x of the verified reference
2015-07-31,PCG,0001004980,recovered,dqc_recovered:cover,EntityCommonStockSharesOutstanding,482010056,1,2.531e+10,0.00614,"{""basis"": ""pass"", ""discontinuity"": ""pass"", ""scale"": ""recovered"", ""turnover"": ""pass""}",DQC_0095 conflict resolved to the side within 100x of the verified reference
2015-08-31,PCG,0001004980,recovered,dqc_recovered:cover,EntityCommonStockSharesOutstanding,482010056,1,2.39e+10,0.00641,"{""basis"": ""pass"", ""discontinuity"": ""pass"", ""scale"": ""recovered"", ""turnover"": ""pass""}",DQC_0095 conflict resolved to the side within 100x of the verified reference
2015-09-30,PCG,0001004980,recovered,dqc_recovered:cover,EntityCommonStockSharesOutstanding,482010056,1,2.545e+10,0.00638,"{""basis"": ""pass"", ""discontinuity"": ""pass"", ""scale"": ""recovered"", ""turnover"": ""pass""}",DQC_0095 conflict resolved to the side within 100x of the verified reference
2015-10-31,PCG,0001004980,recovered,dqc_recovered:cover,EntityCommonStockSharesOutstanding,490453856,1,2.619e+10,0.00615,"{""basis"": ""pass"", ""discontinuity"": ""pass"", ""scale"": ""recovered"", ""turnover"": ""pass""}",DQC_0095 conflict resolved to the side within 100x of the verified reference
2015-11-30,PCG,0001004980,recovered,dqc_recovered:cover,EntityCommonStockSharesOutstanding,490453856,1,2.586e+10,0.00628,"{""basis"": ""pass"", ""discontinuity"": ""pass"", ""scale"": ""recovered"", ""turnover"": ""pass""}",DQC_0095 conflict resolved to the side within 100x of the verified reference
2015-12-31,PCG,0001004980,recovered,dqc_recovered:cover,EntityCommonStockSharesOutstanding,490453856,1,2.609e+10,0.00605,"{""basis"": ""pass"", ""discontinuity"": ""pass"", ""scale"": ""recovered"", ""turnover"": ""pass""}",DQC_0095 conflict resolved to the side within 100x of the verified reference
2016-01-31,PCG,0001004980,recovered,dqc_recovered:cover,EntityCommonStockSharesOutstanding,490453856,1,2.693e+10,0.00607,"{""basis"": ""pass"", ""discontinuity"": ""pass"", ""scale"": ""recovered"", ""turnover"": ""pass""}",DQC_0095 conflict resolved to the side within 100x of the verified reference
2016-05-31,PCG,0001004980,recovered,dqc_recovered:cover,EntityCommonStockSharesOutstanding,496042305,1,2.98e+10,0.00518,"{""basis"": ""pass"", ""discontinuity"": ""pass"", ""scale"": ""recovered"", ""turnover"": ""pass""}",DQC_0095 conflict resolved to the side within 100x of the verified reference
2016-06-30,PCG,0001004980,recovered,dqc_recovered:cover,EntityCommonStockSharesOutstanding,496042305,1,3.171e+10,0.00512,"{""basis"": ""pass"", ""discontinuity"": ""pass"", ""scale"": ""recovered"", ""turnover"": ""pass""}",DQC_0095 conflict resolved to the side within 100x of the verified reference
2016-07-31,PCG,0001004980,recovered,dqc_recovered:cover,EntityCommonStockSharesOutstanding,498506353,1,3.187e+10,0.00515,"{""basis"": ""pass"", ""discontinuity"": ""pass"", ""scale"": ""recovered"", ""turnover"": ""pass""}",DQC_0095 conflict resolved to the side within 100x of the verified reference
2016-08-31,PCG,0001004980,recovered,dqc_recovered:cover,EntityCommonStockSharesOutstanding,498506353,1,3.088e+10,0.00524,"{""basis"": ""pass"", ""discontinuity"": ""pass"", ""scale"": ""recovered"", ""turnover"": ""pass""}",DQC_0095 conflict resolved to the side within 100x of the verified reference
2016-09-30,PCG,0001004980,recovered,dqc_recovered:cover,EntityCommonStockSharesOutstanding,498506353,1,3.049e+10,0.00533,"{""basis"": ""pass"", ""discontinuity"": ""pass"", ""scale"": ""recovered"", ""turnover"": ""pass""}",DQC_0095 conflict resolved to the side within 100x of the verified reference
2016-10-31,PCG,0001004980,recovered,dqc_recovered:cover,EntityCommonStockSharesOutstanding,498506353,1,3.097e+10,0.0053,"{""basis"": ""pass"", ""discontinuity"": ""pass"", ""scale"": ""recovered"", ""turnover"": ""pass""}",DQC_0095 conflict resolved to the side within 100x of the verified reference
2016-11-30,PCG,0001004980,recovered,dqc_recovered:cover,EntityCommonStockSharesOutstanding,505666694,1,2.973e+10,0.00565,"{""basis"": ""pass"", ""discontinuity"": ""pass"", ""scale"": ""recovered"", ""turnover"": ""pass""}",DQC_0095 conflict resolved to the side within 100x of the verified reference
2016-12-31,PCG,0001004980,recovered,dqc_recovered:cover,EntityCommonStockSharesOutstanding,505666694,1,3.073e+10,0.00518,"{""basis"": ""pass"", ""discontinuity"": ""pass"", ""scale"": ""recovered"", ""turnover"": ""pass""}",DQC_0095 conflict resolved to the side within 100x of the verified reference
2017-01-31,PCG,0001004980,recovered,dqc_recovered:cover,EntityCommonStockSharesOutstanding,505666694,1,3.13e+10,0.00482,"{""basis"": ""pass"", ""discontinuity"": ""pass"", ""scale"": ""recovered"", ""turnover"": ""pass""}",DQC_0095 conflict resolved to the side within 100x of the verified reference
2017-05-31,PCG,0001004980,recovered,dqc_recovered:cover,EntityCommonStockSharesOutstanding,511000943,1,3.494e+10,0.00419,"{""basis"": ""pass"", ""discontinuity"": ""pass"", ""scale"": ""recovered"", ""turnover"": ""pass""}",DQC_0095 conflict resolved to the side within 100x of the verified reference
2017-06-30,PCG,0001004980,recovered,dqc_recovered:cover,EntityCommonStockSharesOutstanding,511000943,1,3.392e+10,0.00451,"{""basis"": ""pass"", ""discontinuity"": ""pass"", ""scale"": ""recovered"", ""turnover"": ""pass""}",DQC_0095 conflict resolved to the side within 100x of the verified reference
2017-07-31,PCG,0001004980,recovered,dqc_recovered:cover,EntityCommonStockSharesOutstanding,512821658,1,3.471e+10,0.00449,"{""basis"": ""pass"", ""discontinuity"": ""pass"", ""scale"": ""recovered"", ""turnover"": ""pass""}",DQC_0095 conflict resolved to the side within 100x of the verified reference
2017-08-31,PCG,0001004980,recovered,dqc_recovered:cover,EntityCommonStockSharesOutstanding,512821658,1,3.609e+10,0.00422,"{""basis"": ""pass"", ""discontinuity"": ""pass"", ""scale"": ""recovered"", ""turnover"": ""pass""}",DQC_0095 conflict resolved to the side within 100x of the verified reference
2017-09-30,PCG,0001004980,recovered,dqc_recovered:cover,EntityCommonStockSharesOutstanding,512821658,1,3.492e+10,0.00439,"{""basis"": ""pass"", ""discontinuity"": ""pass"", ""scale"": ""recovered"", ""turnover"": ""pass""}",DQC_0095 conflict resolved to the side within 100x of the verified reference
2017-10-31,PCG,0001004980,recovered,dqc_recovered:cover,EntityCommonStockSharesOutstanding,512821658,1,2.963e+10,0.00732,"{""basis"": ""pass"", ""discontinuity"": ""pass"", ""scale"": ""recovered"", ""turnover"": ""pass""}",DQC_0095 conflict resolved to the side within 100x of the verified reference
2017-11-30,PCG,0001004980,recovered,dqc_recovered:cover,EntityCommonStockSharesOutstanding,514422806,1,2.79e+10,0.00846,"{""basis"": ""pass"", ""discontinuity"": ""pass"", ""scale"": ""recovered"", ""turnover"": ""pass""}",DQC_0095 conflict resolved to the side within 100x of the verified reference
2017-12-31,PCG,0001004980,recovered,dqc_recovered:cover,EntityCommonStockSharesOutstanding,514422806,1,2.306e+10,0.0116,"{""basis"": ""pass"", ""discontinuity"": ""pass"", ""scale"": ""recovered"", ""turnover"": ""pass""}",DQC_0095 conflict resolved to the side within 100x of the verified reference
2018-01-31,PCG,0001004980,recovered,dqc_recovered:cover,EntityCommonStockSharesOutstanding,514422806,1,2.183e+10,0.0131,"{""basis"": ""pass"", ""discontinuity"": ""pass"", ""scale"": ""recovered"", ""turnover"": ""pass""}",DQC_0095 conflict resolved to the side within 100x of the verified reference
2017-08-31,PDFS,0001120914,recovered,dqc_recovered:cover,EntityCommonStockSharesOutstanding,32333162,1,4.911e+08,0.0072,"{""basis"": ""pass"", ""discontinuity"": ""pass"", ""scale"": ""recovered"", ""turnover"": ""pass""}",DQC_0095 conflict resolved to the side within 100x of the verified reference
2017-09-30,PDFS,0001120914,recovered,dqc_recovered:cover,EntityCommonStockSharesOutstanding,32333162,1,5.008e+08,0.00717,"{""basis"": ""pass"", ""discontinuity"": ""pass"", ""scale"": ""recovered"", ""turnover"": ""pass""}",DQC_0095 conflict resolved to the side within 100x of the verified reference
2017-10-31,PDFS,0001120914,recovered,dqc_recovered:cover,EntityCommonStockSharesOutstanding,32333162,1,4.737e+08,0.00702,"{""basis"": ""pass"", ""discontinuity"": ""pass"", ""scale"": ""recovered"", ""turnover"": ""pass""}",DQC_0095 conflict resolved to the side within 100x of the verified reference
2019-05-31,PDFS,0001120914,recovered,dqc_recovered:cover,EntityCommonStockSharesOutstanding,32428712,1,3.94e+08,0.0047,"{""basis"": ""pass"", ""discontinuity"": ""pass"", ""scale"": ""recovered"", ""turnover"": ""pass""}",DQC_0095 conflict resolved to the side within 100x of the verified reference
2019-06-30,PDFS,0001120914,recovered,dqc_recovered:cover,EntityCommonStockSharesOutstanding,32428712,1,4.255e+08,0.00427,"{""basis"": ""pass"", ""discontinuity"": ""pass"", ""scale"": ""recovered"", ""turnover"": ""pass""}",DQC_0095 conflict resolved to the side within 100x of the verified reference
2019-07-31,PDFS,0001120914,recovered,dqc_recovered:cover,EntityCommonStockSharesOutstanding,32428712,1,4.329e+08,0.0041,"{""basis"": ""pass"", ""discontinuity"": ""pass"", ""scale"": ""recovered"", ""turnover"": ""pass""}",DQC_0095 conflict resolved to the side within 100x of the verified reference
2018-02-28,PEG,0000788784,recovered,dqc_recovered:cover,EntityCommonStockSharesOutstanding,504764707,1,2.445e+10,0.00663,"{""basis"": ""pass"", ""discontinuity"": ""pass"", ""scale"": ""recovered"", ""turnover"": ""pass""}",DQC_0095 conflict resolved to the side within 100x of the verified reference
2018-03-31,PEG,0000788784,recovered,dqc_recovered:cover,EntityCommonStockSharesOutstanding,504764707,1,2.536e+10,0.00668,"{""basis"": ""pass"", ""discontinuity"": ""pass"", ""scale"": ""recovered"", ""turnover"": ""pass""}",DQC_0095 conflict resolved to the side within 100x of the verified reference
2018-04-30,PEG,0000788784,recovered,dqc_recovered:cover,EntityCommonStockSharesOutstanding,504764707,1,2.632e+10,0.00638,"{""basis"": ""pass"", ""discontinuity"": ""pass"", ""scale"": ""recovered"", ""turnover"": ""pass""}",DQC_0095 conflict resolved to the side within 100x of the verified reference
2019-02-28,PEG,0000788784,removed:shares_scale_conflict,cover,EntityCommonStockSharesOutstanding,504999536,1,2.97e+10,0.00584,"{""basis"": ""pass"", ""discontinuity"": ""untested"", ""scale"": ""fail"", ""turnover"": ""pass""}","cover vs same-filing balance-sheet count differ >100x, no verified reference to choose"
2019-03-31,PEG,0000788784,removed:shares_scale_conflict,cover,EntityCommonStockSharesOutstanding,504999536,1,3e+10,0.00607,"{""basis"": ""pass"", ""discontinuity"": ""untested"", ""scale"": ""fail"", ""turnover"": ""pass""}","cover vs same-filing balance-sheet count differ >100x, no verified reference to choose"
2019-04-30,PEG,0000788784,removed:shares_scale_conflict,cover,EntityCommonStockSharesOutstanding,504999536,1,3.012e+10,0.00591,"{""basis"": ""pass"", ""discontinuity"": ""untested"", ""scale"": ""fail"", ""turnover"": ""pass""}","cover vs same-filing balance-sheet count differ >100x, no verified reference to choose"
2020-02-29,PEG,0000788784,removed:shares_scale_conflict,cover,EntityCommonStockSharesOutstanding,505127221,1,2.592e+10,0.00562,"{""basis"": ""pass"", ""discontinuity"": ""untested"", ""scale"": ""fail"", ""turnover"": ""pass""}","cover vs same-filing balance-sheet count differ >100x, no verified reference to choose"
2020-03-31,PEG,0000788784,removed:shares_scale_conflict,cover,EntityCommonStockSharesOutstanding,505127221,1,2.269e+10,0.00727,"{""basis"": ""pass"", ""discontinuity"": ""untested"", ""scale"": ""fail"", ""turnover"": ""pass""}","cover vs same-filing balance-sheet count differ >100x, no verified reference to choose"
2020-04-30,PEG,0000788784,removed:shares_scale_conflict,cover,EntityCommonStockSharesOutstanding,505127221,1,2.562e+10,0.00676,"{""basis"": ""pass"", ""discontinuity"": ""untested"", ""scale"": ""fail"", ""turnover"": ""pass""}","cover vs same-filing balance-sheet count differ >100x, no verified reference to choose"
2014-09-30,PEGI,0001561660,removed:shares_turnover_implausible,balance_sheet,CommonStockSharesOutstanding,100,1,3092,4.64e+03,"{""basis"": ""pass"", ""discontinuity"": ""untested"", ""scale"": ""untested"", ""turnover"": ""fail""}",dollar volume >10x ME (count too small: subsidiary/shell or mis-scaled)
2014-10-31,PEGI,0001561660,removed:shares_turnover_implausible,balance_sheet,CommonStockSharesOutstanding,100,1,2878,5.35e+03,"{""basis"": ""pass"", ""discontinuity"": ""untested"", ""scale"": ""untested"", ""turnover"": ""fail""}",dollar volume >10x ME (count too small: subsidiary/shell or mis-scaled)
2014-11-30,PEGI,0001561660,removed:shares_turnover_implausible,balance_sheet,CommonStockSharesOutstanding,100,1,2653,4.57e+03,"{""basis"": ""pass"", ""discontinuity"": ""untested"", ""scale"": ""untested"", ""turnover"": ""fail""}",dollar volume >10x ME (count too small: subsidiary/shell or mis-scaled)
2014-12-31,PEGI,0001561660,removed:shares_turnover_implausible,balance_sheet,CommonStockSharesOutstanding,100,1,2466,4.54e+03,"{""basis"": ""pass"", ""discontinuity"": ""untested"", ""scale"": ""untested"", ""turnover"": ""fail""}",dollar volume >10x ME (count too small: subsidiary/shell or mis-scaled)
2016-02-29,PEI,0000077281,recovered,dqc_recovered:cover,EntityCommonStockSharesOutstanding,69263083,1,1.327e+09,0.00764,"{""basis"": ""pass"", ""discontinuity"": ""pass"", ""scale"": ""recovered"", ""turnover"": ""pass""}",DQC_0095 conflict resolved to the side within 100x of the verified reference
2016-03-31,PEI,0000077281,recovered,dqc_recovered:cover,EntityCommonStockSharesOutstanding,69263083,1,1.513e+09,0.00713,"{""basis"": ""pass"", ""discontinuity"": ""pass"", ""scale"": ""recovered"", ""turnover"": ""pass""}",DQC_0095 conflict resolved to the side within 100x of the verified reference
2016-04-30,PEI,0000077281,recovered,dqc_recovered:cover,EntityCommonStockSharesOutstanding,69263083,1,1.589e+09,0.00742,"{""basis"": ""pass"", ""discontinuity"": ""pass"", ""scale"": ""recovered"", ""turnover"": ""pass""}",DQC_0095 conflict resolved to the side within 100x of the verified reference
2017-03-31,PEI,0000077281,recovered,dqc_recovered:cover,EntityCommonStockSharesOutstanding,69480553,1,1.052e+09,0.0127,"{""basis"": ""pass"", ""discontinuity"": ""pass"", ""scale"": ""recovered"", ""turnover"": ""pass""}",DQC_0095 conflict resolved to the side within 100x of the verified reference
2018-02-28,PEI,0000077281,recovered,dqc_recovered:cover,EntityCommonStockSharesOutstanding,70372236,1,7.347e+08,0.0209,"{""basis"": ""pass"", ""discontinuity"": ""pass"", ""scale"": ""recovered"", ""turnover"": ""pass""}",DQC_0095 conflict resolved to the side within 100x of the verified reference
2018-03-31,PEI,0000077281,recovered,dqc_recovered:cover,EntityCommonStockSharesOutstanding,70372236,1,6.791e+08,0.0221,"{""basis"": ""pass"", ""discontinuity"": ""pass"", ""scale"": ""recovered"", ""turnover"": ""pass""}",DQC_0095 conflict resolved to the side within 100x of the verified reference
2018-04-30,PEI,0000077281,recovered,dqc_recovered:cover,EntityCommonStockSharesOutstanding,70372236,1,6.812e+08,0.0208,"{""basis"": ""pass"", ""discontinuity"": ""pass"", ""scale"": ""recovered"", ""turnover"": ""pass""}",DQC_0095 conflict resolved to the side within 100x of the verified reference
2019-02-28,PEI,0000077281,recovered,dqc_recovered:cover,EntityCommonStockSharesOutstanding,71095084,1,4.372e+08,0.0218,"{""basis"": ""pass"", ""discontinuity"": ""pass"", ""scale"": ""recovered"", ""turnover"": ""pass""}",DQC_0095 conflict resolved to the side within 100x of the verified reference
2019-03-31,PEI,0000077281,recovered,dqc_recovered:cover,EntityCommonStockSharesOutstanding,71095084,1,4.472e+08,0.0205,"{""basis"": ""pass"", ""discontinuity"": ""pass"", ""scale"": ""recovered"", ""turnover"": ""pass""}",DQC_0095 conflict resolved to the side within 100x of the verified reference
2019-04-30,PEI,0000077281,recovered,dqc_recovered:cover,EntityCommonStockSharesOutstanding,71095084,1,4.28e+08,0.0215,"{""basis"": ""pass"", ""discontinuity"": ""pass"", ""scale"": ""recovered"", ""turnover"": ""pass""}",DQC_0095 conflict resolved to the side within 100x of the verified reference
2018-05-31,PEIX,0000778164,recovered,dqc_recovered:cover,EntityCommonStockSharesOutstanding,43810043,1,1.468e+08,0.0103,"{""basis"": ""pass"", ""discontinuity"": ""pass"", ""scale"": ""recovered"", ""turnover"": ""pass""}",DQC_0095 conflict resolved to the side within 100x of the verified reference
2018-06-30,PEIX,0000778164,recovered,dqc_recovered:cover,EntityCommonStockSharesOutstanding,43810043,1,1.139e+08,0.0149,"{""basis"": ""pass"", ""discontinuity"": ""pass"", ""scale"": ""recovered"", ""turnover"": ""pass""}",DQC_0095 conflict resolved to the side within 100x of the verified reference
2018-07-31,PEIX,0000778164,recovered,dqc_recovered:cover,EntityCommonStockSharesOutstanding,43810043,1,1.281e+08,0.0127,"{""basis"": ""pass"", ""discontinuity"": ""pass"", ""scale"": ""recovered"", ""turnover"": ""pass""}",DQC_0095 conflict resolved to the side within 100x of the verified reference
2018-08-31,PEIX,0000778164,recovered,dqc_recovered:cover,EntityCommonStockSharesOutstanding,44954392,1,8.317e+07,0.0184,"{""basis"": ""pass"", ""discontinuity"": ""pass"", ""scale"": ""recovered"", ""turnover"": ""pass""}",DQC_0095 conflict resolved to the side within 100x of the verified reference
2018-09-30,PEIX,0000778164,recovered,dqc_recovered:cover,EntityCommonStockSharesOutstanding,44954392,1,8.541e+07,0.0153,"{""basis"": ""pass"", ""discontinuity"": ""pass"", ""scale"": ""recovered"", ""turnover"": ""pass""}",DQC_0095 conflict resolved to the side within 100x of the verified reference
2018-10-31,PEIX,0000778164,recovered,dqc_recovered:cover,EntityCommonStockSharesOutstanding,44954392,1,7.373e+07,0.027,"{""basis"": ""pass"", ""discontinuity"": ""pass"", ""scale"": ""recovered"", ""turnover"": ""pass""}",DQC_0095 conflict resolved to the side within 100x of the verified reference
2018-11-30,PEIX,0000778164,recovered,dqc_recovered:cover,EntityCommonStockSharesOutstanding,45716235,1,6.857e+07,0.0269,"{""basis"": ""pass"", ""discontinuity"": ""pass"", ""scale"": ""recovered"", ""turnover"": ""pass""}",DQC_0095 conflict resolved to the side within 100x of the verified reference
2018-12-31,PEIX,0000778164,recovered,dqc_recovered:cover,EntityCommonStockSharesOutstanding,45716235,1,3.936e+07,0.0385,"{""basis"": ""pass"", ""discontinuity"": ""pass"", ""scale"": ""recovered"", ""turnover"": ""pass""}",DQC_0095 conflict resolved to the side within 100x of the verified reference
2019-01-31,PEIX,0000778164,recovered,dqc_recovered:cover,EntityCommonStockSharesOutstanding,45716235,1,5.852e+07,0.0246,"{""basis"": ""pass"", ""discontinuity"": ""pass"", ""scale"": ""recovered"", ""turnover"": ""pass""}",DQC_0095 conflict resolved to the side within 100x of the verified reference
2019-02-28,PEIX,0000778164,recovered,dqc_recovered:cover,EntityCommonStockSharesOutstanding,45716235,1,5.303e+07,0.0253,"{""basis"": ""pass"", ""discontinuity"": ""pass"", ""scale"": ""recovered"", ""turnover"": ""pass""}",DQC_0095 conflict resolved to the side within 100x of the verified reference
2019-05-31,PEIX,0000778164,recovered,dqc_recovered:cover,EntityCommonStockSharesOutstanding,49868433,1,4.836e+07,0.00985,"{""basis"": ""pass"", ""discontinuity"": ""pass"", ""scale"": ""recovered"", ""turnover"": ""pass""}",DQC_0095 conflict resolved to the side within 100x of the verified reference
2019-06-30,PEIX,0000778164,recovered,dqc_recovered:cover,EntityCommonStockSharesOutstanding,49868433,1,3.815e+07,0.0113,"{""basis"": ""pass"", ""discontinuity"": ""pass"", ""scale"": ""recovered"", ""turnover"": ""pass""}",DQC_0095 conflict resolved to the side within 100x of the verified reference
2019-07-31,PEIX,0000778164,recovered,dqc_recovered:cover,EntityCommonStockSharesOutstanding,49868433,1,2.699e+07,0.0138,"{""basis"": ""pass"", ""discontinuity"": ""pass"", ""scale"": ""recovered"", ""turnover"": ""pass""}",DQC_0095 conflict resolved to the side within 100x of the verified reference
2019-08-31,PEIX,0000778164,recovered,dqc_recovered:cover,EntityCommonStockSharesOutstanding,49771412,1,3.21e+07,0.0116,"{""basis"": ""pass"", ""discontinuity"": ""pass"", ""scale"": ""recovered"", ""turnover"": ""pass""}",DQC_0095 conflict resolved to the side within 100x of the verified reference
2019-09-30,PEIX,0000778164,recovered,dqc_recovered:cover,EntityCommonStockSharesOutstanding,49771412,1,2.804e+07,0.0117,"{""basis"": ""pass"", ""discontinuity"": ""pass"", ""scale"": ""recovered"", ""turnover"": ""pass""}",DQC_0095 conflict resolved to the side within 100x of the verified reference
2019-10-31,PEIX,0000778164,recovered,dqc_recovered:cover,EntityCommonStockSharesOutstanding,49771412,1,2.752e+07,0.0109,"{""basis"": ""pass"", ""discontinuity"": ""pass"", ""scale"": ""recovered"", ""turnover"": ""pass""}",DQC_0095 conflict resolved to the side within 100x of the verified reference
2019-11-30,PEIX,0000778164,recovered,dqc_recovered:cover,EntityCommonStockSharesOutstanding,49776465,1,2.409e+07,0.0108,"{""basis"": ""pass"", ""discontinuity"": ""pass"", ""scale"": ""recovered"", ""turnover"": ""pass""}",DQC_0095 conflict resolved to the side within 100x of the verified reference
2019-12-31,PEIX,0000778164,recovered,dqc_recovered:cover,EntityCommonStockSharesOutstanding,49776465,1,3.235e+07,0.00846,"{""basis"": ""pass"", ""discontinuity"": ""pass"", ""scale"": ""recovered"", ""turnover"": ""pass""}",DQC_0095 conflict resolved to the side within 100x of the verified reference
2020-01-31,PEIX,0000778164,recovered,dqc_recovered:cover,EntityCommonStockSharesOutstanding,49776465,1,3.229e+07,0.00843,"{""basis"": ""pass"", ""discontinuity"": ""pass"", ""scale"": ""recovered"", ""turnover"": ""pass""}",DQC_0095 conflict resolved to the side within 100x of the verified reference
2020-02-29,PEIX,0000778164,recovered,dqc_recovered:cover,EntityCommonStockSharesOutstanding,49776465,1,2.19e+07,0.0118,"{""basis"": ""pass"", ""discontinuity"": ""pass"", ""scale"": ""recovered"", ""turnover"": ""pass""}",DQC_0095 conflict resolved to the side within 100x of the verified reference
2020-05-31,PEIX,0000778164,recovered,dqc_recovered:cover,EntityCommonStockSharesOutstanding,55493235,1,3.701e+07,0.0123,"{""basis"": ""pass"", ""discontinuity"": ""pass"", ""scale"": ""recovered"", ""turnover"": ""pass""}",DQC_0095 conflict resolved to the side within 100x of the verified reference
2020-06-30,PEIX,0000778164,recovered,dqc_recovered:cover,EntityCommonStockSharesOutstanding,55493235,1,3.939e+07,0.0143,"{""basis"": ""pass"", ""discontinuity"": ""pass"", ""scale"": ""recovered"", ""turnover"": ""pass""}",DQC_0095 conflict resolved to the side within 100x of the verified reference
2020-07-31,PEIX,0000778164,recovered,dqc_recovered:cover,EntityCommonStockSharesOutstanding,55493235,1,1.304e+08,0.0106,"{""basis"": ""pass"", ""discontinuity"": ""pass"", ""scale"": ""recovered"", ""turnover"": ""pass""}",DQC_0095 conflict resolved to the side within 100x of the verified reference
2020-08-31,PEIX,0000778164,recovered,dqc_recovered:cover,EntityCommonStockSharesOutstanding,56985217,1,2.257e+08,0.03,"{""basis"": ""pass"", ""discontinuity"": ""pass"", ""scale"": ""recovered"", ""turnover"": ""pass""}",DQC_0095 conflict resolved to the side within 100x of the verified reference
2020-09-30,PEIX,0000778164,recovered,dqc_recovered:cover,EntityCommonStockSharesOutstanding,56985217,1,4.166e+08,0.0354,"{""basis"": ""pass"", ""discontinuity"": ""pass"", ""scale"": ""recovered"", ""turnover"": ""pass""}",DQC_0095 conflict resolved to the side within 100x of the verified reference
2020-10-31,PEIX,0000778164,recovered,dqc_recovered:cover,EntityCommonStockSharesOutstanding,56985217,1,3.47e+08,0.0716,"{""basis"": ""pass"", ""discontinuity"": ""pass"", ""scale"": ""recovered"", ""turnover"": ""pass""}",DQC_0095 conflict resolved to the side within 100x of the verified reference
2020-11-30,PEIX,0000778164,recovered,dqc_recovered:cover,EntityCommonStockSharesOutstanding,68494982,1,4.199e+08,0.0757,"{""basis"": ""pass"", ""discontinuity"": ""pass"", ""scale"": ""recovered"", ""turnover"": ""pass""}",DQC_0095 conflict resolved to the side within 100x of the verified reference
2020-12-31,PEIX,0000778164,recovered,dqc_recovered:cover,EntityCommonStockSharesOutstanding,68494982,1,3.719e+08,0.099,"{""basis"": ""pass"", ""discontinuity"": ""pass"", ""scale"": ""recovered"", ""turnover"": ""pass""}",DQC_0095 conflict resolved to the side within 100x of the verified reference
2021-01-31,PEIX,0000778164,recovered,dqc_recovered:cover,EntityCommonStockSharesOutstanding,68494982,1,4.644e+08,0.0898,"{""basis"": ""pass"", ""discontinuity"": ""pass"", ""scale"": ""recovered"", ""turnover"": ""pass""}",DQC_0095 conflict resolved to the side within 100x of the verified reference
2016-05-31,PETS,0001040130,recovered,dqc_recovered:cover,EntityCommonStockSharesOutstanding,20446942,1,3.85e+08,0.0105,"{""basis"": ""pass"", ""discontinuity"": ""pass"", ""scale"": ""recovered"", ""turnover"": ""pass""}",DQC_0095 conflict resolved to the side within 100x of the verified reference
2016-06-30,PETS,0001040130,recovered,dqc_recovered:cover,EntityCommonStockSharesOutstanding,20446942,1,3.836e+08,0.0107,"{""basis"": ""pass"", ""discontinuity"": ""pass"", ""scale"": ""recovered"", ""turnover"": ""pass""}",DQC_0095 conflict resolved to the side within 100x of the verified reference
2016-07-31,PETS,0001040130,recovered,dqc_recovered:cover,EntityCommonStockSharesOutstanding,20446942,1,4.239e+08,0.00891,"{""basis"": ""pass"", ""discontinuity"": ""pass"", ""scale"": ""recovered"", ""turnover"": ""pass""}",DQC_0095 conflict resolved to the side within 100x of the verified reference
2016-11-30,PETS,0001040130,recovered,dqc_recovered:cover,EntityCommonStockSharesOutstanding,20526525,1,4.481e+08,0.00811,"{""basis"": ""pass"", ""discontinuity"": ""pass"", ""scale"": ""recovered"", ""turnover"": ""pass""}",DQC_0095 conflict resolved to the side within 100x of the verified reference
2016-12-31,PETS,0001040130,recovered,dqc_recovered:cover,EntityCommonStockSharesOutstanding,20526525,1,4.735e+08,0.00797,"{""basis"": ""pass"", ""discontinuity"": ""pass"", ""scale"": ""recovered"", ""turnover"": ""pass""}",DQC_0095 conflict resolved to the side within 100x of the verified reference
2017-01-31,PETS,0001040130,recovered,dqc_recovered:cover,EntityCommonStockSharesOutstanding,20526525,1,4.35e+08,0.00886,"{""basis"": ""pass"", ""discontinuity"": ""pass"", ""scale"": ""recovered"", ""turnover"": ""pass""}",DQC_0095 conflict resolved to the side within 100x of the verified reference
2017-02-28,PETS,0001040130,recovered,dqc_recovered:cover,EntityCommonStockSharesOutstanding,20526108,1,4.323e+08,0.009,"{""basis"": ""pass"", ""discontinuity"": ""pass"", ""scale"": ""recovered"", ""turnover"": ""pass""}",DQC_0095 conflict resolved to the side within 100x of the verified reference
2017-03-31,PETS,0001040130,recovered,dqc_recovered:cover,EntityCommonStockSharesOutstanding,20526108,1,4.134e+08,0.00987,"{""basis"": ""pass"", ""discontinuity"": ""pass"", ""scale"": ""recovered"", ""turnover"": ""pass""}",DQC_0095 conflict resolved to the side within 100x of the verified reference
2017-04-30,PETS,0001040130,recovered,dqc_recovered:cover,EntityCommonStockSharesOutstanding,20526108,1,4.742e+08,0.00902,"{""basis"": ""pass"", ""discontinuity"": ""pass"", ""scale"": ""recovered"", ""turnover"": ""pass""}",DQC_0095 conflict resolved to the side within 100x of the verified reference
2020-01-31,PETS,0001040130,recovered,dqc_recovered:cover,EntityCommonStockSharesOutstanding,20166382,1,5.084e+08,0.0286,"{""basis"": ""pass"", ""discontinuity"": ""pass"", ""scale"": ""recovered"", ""turnover"": ""pass""}",DQC_0095 conflict resolved to the side within 100x of the verified reference
2020-02-29,PETS,0001040130,recovered,dqc_recovered:cover,EntityCommonStockSharesOutstanding,20166382,1,5.324e+08,0.028,"{""basis"": ""pass"", ""discontinuity"": ""pass"", ""scale"": ""recovered"", ""turnover"": ""pass""}",DQC_0095 conflict resolved to the side within 100x of the verified reference
2020-03-31,PETS,0001040130,recovered,dqc_recovered:cover,EntityCommonStockSharesOutstanding,20166382,1,5.804e+08,0.0278,"{""basis"": ""pass"", ""discontinuity"": ""pass"", ""scale"": ""recovered"", ""turnover"": ""pass""}",DQC_0095 conflict resolved to the side within 100x of the verified reference
2020-04-30,PETS,0001040130,recovered,dqc_recovered:cover,EntityCommonStockSharesOutstanding,20166382,1,7.98e+08,0.0187,"{""basis"": ""pass"", ""discontinuity"": ""pass"", ""scale"": ""recovered"", ""turnover"": ""pass""}",DQC_0095 conflict resolved to the side within 100x of the verified reference
2015-11-30,PGN,0001594590,recovered,dqc_recovered:balance_sheet,CommonStockSharesOutstanding,86026247,1,1.763e+10,5.9e-05,"{""basis"": ""pass"", ""discontinuity"": ""pass"", ""scale"": ""recovered"", ""turnover"": ""pass""}",DQC_0095 conflict resolved to the side within 100x of the verified reference
2020-03-31,PHIO,0001533040,removed:shares_scale_conflict,cover,EntityCommonStockSharesOutstanding,2867851,1,5.076e+06,0.109,"{""basis"": ""pass"", ""discontinuity"": ""pass"", ""scale"": ""fail"", ""turnover"": ""pass""}","cover vs same-filing balance-sheet count differ >100x, no verified reference to choose"
2020-04-30,PHIO,0001533040,removed:shares_scale_conflict,cover,EntityCommonStockSharesOutstanding,2867851,1,5.478e+06,0.111,"{""basis"": ""pass"", ""discontinuity"": ""pass"", ""scale"": ""fail"", ""turnover"": ""pass""}","cover vs same-filing balance-sheet count differ >100x, no verified reference to choose"
2019-03-31,PHUN,0001665300,recovered,dqc_recovered:cover,EntityCommonStockSharesOutstanding,35201259,1,4.819e+08,0.00173,"{""basis"": ""pass"", ""discontinuity"": ""pass"", ""scale"": ""recovered"", ""turnover"": ""pass""}",DQC_0095 conflict resolved to the side within 100x of the verified reference
2019-04-30,PHUN,0001665300,recovered,dqc_recovered:cover,EntityCommonStockSharesOutstanding,35201259,1,2.851e+08,0.00864,"{""basis"": ""pass"", ""discontinuity"": ""pass"", ""scale"": ""recovered"", ""turnover"": ""pass""}",DQC_0095 conflict resolved to the side within 100x of the verified reference
2015-08-31,PIH,0001591890,recovered,dqc_recovered:cover,EntityCommonStockSharesOutstanding,6265326,1,4.787e+07,0.0031,"{""basis"": ""pass"", ""discontinuity"": ""pass"", ""scale"": ""recovered"", ""turnover"": ""pass""}",DQC_0095 conflict resolved to the side within 100x of the verified reference
2015-09-30,PIH,0001591890,recovered,dqc_recovered:cover,EntityCommonStockSharesOutstanding,6265326,1,4.574e+07,0.00297,"{""basis"": ""pass"", ""discontinuity"": ""pass"", ""scale"": ""recovered"", ""turnover"": ""pass""}",DQC_0095 conflict resolved to the side within 100x of the verified reference
2015-10-31,PIH,0001591890,recovered,dqc_recovered:cover,EntityCommonStockSharesOutstanding,6265326,1,4.361e+07,0.00219,"{""basis"": ""pass"", ""discontinuity"": ""pass"", ""scale"": ""recovered"", ""turnover"": ""pass""}",DQC_0095 conflict resolved to the side within 100x of the verified reference
2015-11-30,PIH,0001591890,recovered,dqc_recovered:cover,EntityCommonStockSharesOutstanding,6183911,1,4.83e+07,0.00198,"{""basis"": ""pass"", ""discontinuity"": ""pass"", ""scale"": ""recovered"", ""turnover"": ""pass""}",DQC_0095 conflict resolved to the side within 100x of the verified reference
2015-12-31,PIH,0001591890,recovered,dqc_recovered:cover,EntityCommonStockSharesOutstanding,6183911,1,4.731e+07,0.002,"{""basis"": ""pass"", ""discontinuity"": ""pass"", ""scale"": ""recovered"", ""turnover"": ""pass""}",DQC_0095 conflict resolved to the side within 100x of the verified reference
2016-01-31,PIH,0001591890,recovered,dqc_recovered:cover,EntityCommonStockSharesOutstanding,6183911,1,4.007e+07,0.00193,"{""basis"": ""pass"", ""discontinuity"": ""pass"", ""scale"": ""recovered"", ""turnover"": ""pass""}",DQC_0095 conflict resolved to the side within 100x of the verified reference
2016-02-29,PIH,0001591890,recovered,dqc_recovered:cover,EntityCommonStockSharesOutstanding,6183911,1,3.649e+07,0.00205,"{""basis"": ""pass"", ""discontinuity"": ""pass"", ""scale"": ""recovered"", ""turnover"": ""pass""}",DQC_0095 conflict resolved to the side within 100x of the verified reference
2018-11-30,PLAG,0001117057,removed:shares_basis_ambiguous,cover,EntityCommonStockSharesOutstanding,3143141,0.04,5.343e+05,3.24,"{""basis"": ""fail"", ""discontinuity"": ""pass"", ""scale"": ""pass"", ""turnover"": ""pass""}",split stamp between cover date and filing
2018-12-31,PLAG,0001117057,removed:shares_basis_ambiguous,cover,EntityCommonStockSharesOutstanding,3143141,0.04,3.08e+05,5.68,"{""basis"": ""fail"", ""discontinuity"": ""pass"", ""scale"": ""pass"", ""turnover"": ""pass""}",split stamp between cover date and filing
2019-01-31,PLAG,0001117057,removed:shares_basis_ambiguous,cover,EntityCommonStockSharesOutstanding,3143141,0.04,3.533e+05,4.99,"{""basis"": ""fail"", ""discontinuity"": ""pass"", ""scale"": ""pass"", ""turnover"": ""pass""}",split stamp between cover date and filing
2019-02-28,PLAG,0001117057,removed:shares_basis_ambiguous,cover,EntityCommonStockSharesOutstanding,3143141,0.04,4.111e+05,4.5,"{""basis"": ""fail"", ""discontinuity"": ""pass"", ""scale"": ""pass"", ""turnover"": ""pass""}",split stamp between cover date and filing
2019-03-31,PLAG,0001117057,removed:shares_basis_ambiguous,cover,EntityCommonStockSharesOutstanding,3143141,0.04,5.469e+05,4.58,"{""basis"": ""fail"", ""discontinuity"": ""pass"", ""scale"": ""pass"", ""turnover"": ""pass""}",split stamp between cover date and filing
2015-11-30,PLNT,0001637207,removed:shares_turnover_implausible,balance_sheet,CommonStockSharesOutstanding,100,1,1581,6.38e+03,"{""basis"": ""pass"", ""discontinuity"": ""untested"", ""scale"": ""untested"", ""turnover"": ""fail""}",dollar volume >10x ME (count too small: subsidiary/shell or mis-scaled)
2015-12-31,PLNT,0001637207,removed:shares_turnover_implausible,balance_sheet,CommonStockSharesOutstanding,100,1,1563,5.61e+03,"{""basis"": ""pass"", ""discontinuity"": ""untested"", ""scale"": ""untested"", ""turnover"": ""fail""}",dollar volume >10x ME (count too small: subsidiary/shell or mis-scaled)
2016-01-31,PLNT,0001637207,removed:shares_turnover_implausible,balance_sheet,CommonStockSharesOutstanding,100,1,1429,5.71e+03,"{""basis"": ""pass"", ""discontinuity"": ""untested"", ""scale"": ""untested"", ""turnover"": ""fail""}",dollar volume >10x ME (count too small: subsidiary/shell or mis-scaled)
2016-02-29,PLNT,0001637207,removed:shares_turnover_implausible,balance_sheet,CommonStockSharesOutstanding,100,1,1433,3.69e+03,"{""basis"": ""pass"", ""discontinuity"": ""untested"", ""scale"": ""untested"", ""turnover"": ""fail""}",dollar volume >10x ME (count too small: subsidiary/shell or mis-scaled)
2016-03-31,PLNT,0001637207,removed:shares_turnover_implausible,balance_sheet,CommonStockSharesOutstanding,100,1,1624,3.16e+03,"{""basis"": ""pass"", ""discontinuity"": ""untested"", ""scale"": ""untested"", ""turnover"": ""fail""}",dollar volume >10x ME (count too small: subsidiary/shell or mis-scaled)
2016-04-30,PLNT,0001637207,removed:shares_turnover_implausible,balance_sheet,CommonStockSharesOutstanding,100,1,1536,3.17e+03,"{""basis"": ""pass"", ""discontinuity"": ""untested"", ""scale"": ""untested"", ""turnover"": ""fail""}",dollar volume >10x ME (count too small: subsidiary/shell or mis-scaled)
2016-05-31,PLNT,0001637207,removed:shares_turnover_implausible,balance_sheet,CommonStockSharesOutstanding,100,1,1786,2.8e+03,"{""basis"": ""pass"", ""discontinuity"": ""untested"", ""scale"": ""untested"", ""turnover"": ""fail""}",dollar volume >10x ME (count too small: subsidiary/shell or mis-scaled)
2016-06-30,PLNT,0001637207,removed:shares_turnover_implausible,balance_sheet,CommonStockSharesOutstanding,100,1,1888,3.64e+03,"{""basis"": ""pass"", ""discontinuity"": ""untested"", ""scale"": ""untested"", ""turnover"": ""fail""}",dollar volume >10x ME (count too small: subsidiary/shell or mis-scaled)
2016-07-31,PLNT,0001637207,removed:shares_turnover_implausible,balance_sheet,CommonStockSharesOutstanding,100,1,2050,3.69e+03,"{""basis"": ""pass"", ""discontinuity"": ""untested"", ""scale"": ""untested"", ""turnover"": ""fail""}",dollar volume >10x ME (count too small: subsidiary/shell or mis-scaled)
2016-08-31,PLNT,0001637207,removed:shares_turnover_implausible,balance_sheet,CommonStockSharesOutstanding,100,1,2165,3.95e+03,"{""basis"": ""pass"", ""discontinuity"": ""untested"", ""scale"": ""untested"", ""turnover"": ""fail""}",dollar volume >10x ME (count too small: subsidiary/shell or mis-scaled)
2016-09-30,PLNT,0001637207,removed:shares_turnover_implausible,balance_sheet,CommonStockSharesOutstanding,100,1,2007,4.72e+03,"{""basis"": ""pass"", ""discontinuity"": ""untested"", ""scale"": ""untested"", ""turnover"": ""fail""}",dollar volume >10x ME (count too small: subsidiary/shell or mis-scaled)
2016-05-31,PLX,0001006281,removed:shares_discontinuity,cover,EntityCommonStockSharesOutstanding,99808240000,1,7.985e+10,1.95e-06,"{""basis"": ""pass"", ""discontinuity"": ""fail"", ""scale"": ""untested"", ""turnover"": ""pass""}",>100x jump vs last verified count of the series
2016-06-30,PLX,0001006281,removed:shares_discontinuity,cover,EntityCommonStockSharesOutstanding,99808240000,1,6.388e+10,1.11e-06,"{""basis"": ""pass"", ""discontinuity"": ""fail"", ""scale"": ""untested"", ""turnover"": ""pass""}",>100x jump vs last verified count of the series
2016-07-31,PLX,0001006281,removed:shares_discontinuity,cover,EntityCommonStockSharesOutstanding,99808240000,1,6.448e+10,8.45e-07,"{""basis"": ""pass"", ""discontinuity"": ""fail"", ""scale"": ""untested"", ""turnover"": ""pass""}",>100x jump vs last verified count of the series
2015-04-30,PNBK,0001098146,removed:shares_basis_ambiguous,cover,EntityCommonStockSharesOutstanding,3948067,0.1,5.862e+06,0.00157,"{""basis"": ""fail"", ""discontinuity"": ""pass"", ""scale"": ""pass"", ""turnover"": ""pass""}",split stamp between cover date and filing
2019-08-31,PNM,0001108426,recovered,dqc_recovered:balance_sheet,CommonStockSharesOutstanding,79653624,1,4.063e+12,4.81e-06,"{""basis"": ""pass"", ""discontinuity"": ""pass"", ""scale"": ""recovered"", ""turnover"": ""pass""}",DQC_0095 conflict resolved to the side within 100x of the verified reference
2019-09-30,PNM,0001108426,recovered,dqc_recovered:balance_sheet,CommonStockSharesOutstanding,79653624,1,4.148e+12,4.47e-06,"{""basis"": ""pass"", ""discontinuity"": ""pass"", ""scale"": ""recovered"", ""turnover"": ""pass""}",DQC_0095 conflict resolved to the side within 100x of the verified reference
2019-10-31,PNM,0001108426,recovered,dqc_recovered:balance_sheet,CommonStockSharesOutstanding,79653624,1,4.154e+12,4.54e-06,"{""basis"": ""pass"", ""discontinuity"": ""pass"", ""scale"": ""recovered"", ""turnover"": ""pass""}",DQC_0095 conflict resolved to the side within 100x of the verified reference
2019-11-30,PNM,0001108426,recovered,dqc_recovered:balance_sheet,CommonStockSharesOutstanding,79653624,1,3.859e+12,4.88e-06,"{""basis"": ""pass"", ""discontinuity"": ""pass"", ""scale"": ""recovered"", ""turnover"": ""pass""}",DQC_0095 conflict resolved to the side within 100x of the verified reference
2019-12-31,PNM,0001108426,recovered,dqc_recovered:balance_sheet,CommonStockSharesOutstanding,79653624,1,4.039e+12,4.57e-06,"{""basis"": ""pass"", ""discontinuity"": ""pass"", ""scale"": ""recovered"", ""turnover"": ""pass""}",DQC_0095 conflict resolved to the side within 100x of the verified reference
2020-01-31,PNM,0001108426,recovered,dqc_recovered:balance_sheet,CommonStockSharesOutstanding,79653624,1,4.32e+12,5.16e-06,"{""basis"": ""pass"", ""discontinuity"": ""pass"", ""scale"": ""recovered"", ""turnover"": ""pass""}",DQC_0095 conflict resolved to the side within 100x of the verified reference
2020-02-29,PNM,0001108426,recovered,dqc_recovered:balance_sheet,CommonStockSharesOutstanding,79653624,1,3.75e+12,6.3e-06,"{""basis"": ""pass"", ""discontinuity"": ""pass"", ""scale"": ""recovered"", ""turnover"": ""pass""}",DQC_0095 conflict resolved to the side within 100x of the verified reference
2020-03-31,PNM,0001108426,recovered,dqc_recovered:balance_sheet,CommonStockSharesOutstanding,79653624,1,3.027e+12,8.91e-06,"{""basis"": ""pass"", ""discontinuity"": ""pass"", ""scale"": ""recovered"", ""turnover"": ""pass""}",DQC_0095 conflict resolved to the side within 100x of the verified reference
2020-04-30,PNM,0001108426,recovered,dqc_recovered:balance_sheet,CommonStockSharesOutstanding,79653624,1,3.225e+12,9.02e-06,"{""basis"": ""pass"", ""discontinuity"": ""pass"", ""scale"": ""recovered"", ""turnover"": ""pass""}",DQC_0095 conflict resolved to the side within 100x of the verified reference
2020-08-31,PPD,0001793294,recovered,dqc_recovered:balance_sheet,CommonStockSharesOutstanding,348586000,1,1.197e+07,2.27,"{""basis"": ""pass"", ""discontinuity"": ""pass"", ""scale"": ""recovered"", ""turnover"": ""pass""}",DQC_0095 conflict resolved to the side within 100x of the verified reference
2020-09-30,PPD,0001793294,recovered,dqc_recovered:balance_sheet,CommonStockSharesOutstanding,348586000,1,1.289e+07,2.58,"{""basis"": ""pass"", ""discontinuity"": ""pass"", ""scale"": ""recovered"", ""turnover"": ""pass""}",DQC_0095 conflict resolved to the side within 100x of the verified reference
2014-09-30,PRAA,0001185348,removed:shares_scale_conflict,cover,EntityCommonStockSharesOutstanding,50075049,1,2.615e+09,0.00834,"{""basis"": ""pass"", ""discontinuity"": ""untested"", ""scale"": ""fail"", ""turnover"": ""pass""}","cover vs same-filing balance-sheet count differ >100x, no verified reference to choose"
2014-10-31,PRAA,0001185348,removed:shares_scale_conflict,cover,EntityCommonStockSharesOutstanding,50075049,1,3.167e+09,0.00722,"{""basis"": ""pass"", ""discontinuity"": ""untested"", ""scale"": ""fail"", ""turnover"": ""pass""}","cover vs same-filing balance-sheet count differ >100x, no verified reference to choose"
2016-05-31,PSA,0001393311,recovered,dqc_recovered:balance_sheet,CommonStockSharesOutstanding,173078782,1,4.389e+04,4.64e+03,"{""basis"": ""pass"", ""discontinuity"": ""pass"", ""scale"": ""recovered"", ""turnover"": ""pass""}",DQC_0095 conflict resolved to the side within 100x of the verified reference
2016-06-30,PSA,0001393311,recovered,dqc_recovered:balance_sheet,CommonStockSharesOutstanding,173078782,1,4.422e+04,4.75e+03,"{""basis"": ""pass"", ""discontinuity"": ""pass"", ""scale"": ""recovered"", ""turnover"": ""pass""}",DQC_0095 conflict resolved to the side within 100x of the verified reference
2016-07-31,PSA,0001393311,recovered,dqc_recovered:balance_sheet,CommonStockSharesOutstanding,173078782,1,4.133e+04,4.99e+03,"{""basis"": ""pass"", ""discontinuity"": ""pass"", ""scale"": ""recovered"", ""turnover"": ""pass""}",DQC_0095 conflict resolved to the side within 100x of the verified reference
2015-03-31,PSTB,0001507277,recovered,dqc_recovered:cover,EntityCommonStockSharesOutstanding,44739799,1,3.177e+08,0.0019,"{""basis"": ""pass"", ""discontinuity"": ""pass"", ""scale"": ""recovered"", ""turnover"": ""pass""}",DQC_0095 conflict resolved to the side within 100x of the verified reference
2015-04-30,PSTB,0001507277,recovered,dqc_recovered:cover,EntityCommonStockSharesOutstanding,44739799,1,2.998e+08,0.00173,"{""basis"": ""pass"", ""discontinuity"": ""pass"", ""scale"": ""recovered"", ""turnover"": ""pass""}",DQC_0095 conflict resolved to the side within 100x of the verified reference
2015-02-28,PTP,0001171500,removed:shares_discontinuity,cover,EntityCommonStockSharesOutstanding,24845418,1,1.897e+09,0.00873,"{""basis"": ""pass"", ""discontinuity"": ""fail"", ""scale"": ""pass"", ""turnover"": ""pass""}",>100x jump vs last verified count of the series
2014-11-30,PTX,0001024126,recovered,dqc_recovered:cover,EntityCommonStockSharesOutstanding,38291749,1,3.971e+08,0.0118,"{""basis"": ""pass"", ""discontinuity"": ""pass"", ""scale"": ""recovered"", ""turnover"": ""pass""}",DQC_0095 conflict resolved to the side within 100x of the verified reference
2014-12-31,PTX,0001024126,recovered,dqc_recovered:cover,EntityCommonStockSharesOutstanding,38291749,1,3.596e+08,0.0126,"{""basis"": ""pass"", ""discontinuity"": ""pass"", ""scale"": ""recovered"", ""turnover"": ""pass""}",DQC_0095 conflict resolved to the side within 100x of the verified reference
2015-01-31,PTX,0001024126,recovered,dqc_recovered:cover,EntityCommonStockSharesOutstanding,38291749,1,3.182e+08,0.0148,"{""basis"": ""pass"", ""discontinuity"": ""pass"", ""scale"": ""recovered"", ""turnover"": ""pass""}",DQC_0095 conflict resolved to the side within 100x of the verified reference
2015-02-28,PTX,0001024126,recovered,dqc_recovered:cover,EntityCommonStockSharesOutstanding,38291749,1,4.109e+08,0.0118,"{""basis"": ""pass"", ""discontinuity"": ""pass"", ""scale"": ""recovered"", ""turnover"": ""pass""}",DQC_0095 conflict resolved to the side within 100x of the verified reference
2015-03-31,PTX,0001024126,recovered,dqc_recovered:cover,EntityCommonStockSharesOutstanding,38386381,1,4.104e+08,0.0144,"{""basis"": ""pass"", ""discontinuity"": ""pass"", ""scale"": ""recovered"", ""turnover"": ""pass""}",DQC_0095 conflict resolved to the side within 100x of the verified reference
2015-04-30,PTX,0001024126,recovered,dqc_recovered:cover,EntityCommonStockSharesOutstanding,38386381,1,2.449e+08,0.0289,"{""basis"": ""pass"", ""discontinuity"": ""pass"", ""scale"": ""recovered"", ""turnover"": ""pass""}",DQC_0095 conflict resolved to the side within 100x of the verified reference
2015-05-31,PTX,0001024126,recovered,dqc_recovered:cover,EntityCommonStockSharesOutstanding,43540098,1,2.774e+08,0.0267,"{""basis"": ""pass"", ""discontinuity"": ""pass"", ""scale"": ""recovered"", ""turnover"": ""pass""}",DQC_0095 conflict resolved to the side within 100x of the verified reference
2015-06-30,PTX,0001024126,recovered,dqc_recovered:cover,EntityCommonStockSharesOutstanding,43540098,1,2.578e+08,0.0304,"{""basis"": ""pass"", ""discontinuity"": ""pass"", ""scale"": ""recovered"", ""turnover"": ""pass""}",DQC_0095 conflict resolved to the side within 100x of the verified reference
2015-07-31,PTX,0001024126,recovered,dqc_recovered:cover,EntityCommonStockSharesOutstanding,43540098,1,2.168e+08,0.0369,"{""basis"": ""pass"", ""discontinuity"": ""pass"", ""scale"": ""recovered"", ""turnover"": ""pass""}",DQC_0095 conflict resolved to the side within 100x of the verified reference
2015-05-31,PZG,0001629210,removed:shares_scale_conflict,cover,EntityCommonStockSharesOutstanding,8518791,1,1.363e+07,0.0716,"{""basis"": ""pass"", ""discontinuity"": ""untested"", ""scale"": ""fail"", ""turnover"": ""pass""}","cover vs same-filing balance-sheet count differ >100x, no verified reference to choose"
2015-06-30,PZG,0001629210,removed:shares_scale_conflict,cover,EntityCommonStockSharesOutstanding,8518791,1,1.303e+07,0.0521,"{""basis"": ""pass"", ""discontinuity"": ""untested"", ""scale"": ""fail"", ""turnover"": ""pass""}","cover vs same-filing balance-sheet count differ >100x, no verified reference to choose"
2015-07-31,PZG,0001629210,removed:shares_scale_conflict,cover,EntityCommonStockSharesOutstanding,8518791,1,1.269e+07,0.0387,"{""basis"": ""pass"", ""discontinuity"": ""untested"", ""scale"": ""fail"", ""turnover"": ""pass""}","cover vs same-filing balance-sheet count differ >100x, no verified reference to choose"
2015-08-31,PZG,0001629210,removed:shares_scale_conflict,cover,EntityCommonStockSharesOutstanding,8518791,1,1.116e+07,0.0313,"{""basis"": ""pass"", ""discontinuity"": ""untested"", ""scale"": ""fail"", ""turnover"": ""pass""}","cover vs same-filing balance-sheet count differ >100x, no verified reference to choose"
2019-08-31,QMCO,0000709283,recovered,dqc_recovered:cover,EntityCommonStockSharesOutstanding,36176823,1,5.861e+07,,"{""basis"": ""pass"", ""discontinuity"": ""pass"", ""scale"": ""recovered"", ""turnover"": ""pass""}",DQC_0095 conflict resolved to the side within 100x of the verified reference
2019-09-30,QMCO,0000709283,recovered,dqc_recovered:cover,EntityCommonStockSharesOutstanding,36176823,1,5.861e+07,,"{""basis"": ""pass"", ""discontinuity"": ""pass"", ""scale"": ""recovered"", ""turnover"": ""pass""}",DQC_0095 conflict resolved to the side within 100x of the verified reference
2019-10-31,QMCO,0000709283,recovered,dqc_recovered:cover,EntityCommonStockSharesOutstanding,36176823,1,5.861e+07,,"{""basis"": ""pass"", ""discontinuity"": ""pass"", ""scale"": ""recovered"", ""turnover"": ""pass""}",DQC_0095 conflict resolved to the side within 100x of the verified reference
2020-06-30,QMCO,0000709283,recovered,dqc_recovered:cover,EntityCommonStockSharesOutstanding,39905090,1,1.54e+08,0.00779,"{""basis"": ""pass"", ""discontinuity"": ""pass"", ""scale"": ""recovered"", ""turnover"": ""pass""}",DQC_0095 conflict resolved to the side within 100x of the verified reference
2020-07-31,QMCO,0000709283,recovered,dqc_recovered:cover,EntityCommonStockSharesOutstanding,39905090,1,1.736e+08,0.0078,"{""basis"": ""pass"", ""discontinuity"": ""pass"", ""scale"": ""recovered"", ""turnover"": ""pass""}",DQC_0095 conflict resolved to the side within 100x of the verified reference
2019-04-30,RAD,0000084129,removed_after_recovery:shares_basis_ambiguous,dqc_recovered:cover,EntityCommonStockSharesOutstanding,53901162,0.05,2.469e+07,0.514,"{""basis"": ""fail"", ""discontinuity"": ""pass"", ""scale"": ""recovered"", ""turnover"": ""pass""}",split stamp between cover date and filing
2019-05-31,RAD,0000084129,removed_after_recovery:shares_basis_ambiguous,dqc_recovered:cover,EntityCommonStockSharesOutstanding,53901162,0.05,2.064e+07,0.647,"{""basis"": ""fail"", ""discontinuity"": ""pass"", ""scale"": ""recovered"", ""turnover"": ""pass""}",split stamp between cover date and filing
2019-06-30,RAD,0000084129,removed_after_recovery:shares_basis_ambiguous,dqc_recovered:cover,EntityCommonStockSharesOutstanding,53901162,0.05,2.159e+07,0.697,"{""basis"": ""fail"", ""discontinuity"": ""pass"", ""scale"": ""recovered"", ""turnover"": ""pass""}",split stamp between cover date and filing
2015-02-28,RAVE,0000718332,removed:shares_scale_conflict,cover,EntityCommonStockSharesOutstanding,10000849,1,1.302e+08,0.00548,"{""basis"": ""pass"", ""discontinuity"": ""untested"", ""scale"": ""fail"", ""turnover"": ""pass""}","cover vs same-filing balance-sheet count differ >100x, no verified reference to choose"
2015-03-31,RAVE,0000718332,removed:shares_scale_conflict,cover,EntityCommonStockSharesOutstanding,10000849,1,1.396e+08,0.00611,"{""basis"": ""pass"", ""discontinuity"": ""untested"", ""scale"": ""fail"", ""turnover"": ""pass""}","cover vs same-filing balance-sheet count differ >100x, no verified reference to choose"
2015-04-30,RAVE,0000718332,removed:shares_scale_conflict,cover,EntityCommonStockSharesOutstanding,10000849,1,1.398e+08,0.0069,"{""basis"": ""pass"", ""discontinuity"": ""untested"", ""scale"": ""fail"", ""turnover"": ""pass""}","cover vs same-filing balance-sheet count differ >100x, no verified reference to choose"
2016-05-31,RAVE,0000718332,recovered,dqc_recovered:cover,EntityCommonStockSharesOutstanding,10345631,1,4.273e+07,0.00894,"{""basis"": ""pass"", ""discontinuity"": ""pass"", ""scale"": ""recovered"", ""turnover"": ""pass""}",DQC_0095 conflict resolved to the side within 100x of the verified reference
2016-06-30,RAVE,0000718332,recovered,dqc_recovered:cover,EntityCommonStockSharesOutstanding,10345631,1,4.138e+07,0.009,"{""basis"": ""pass"", ""discontinuity"": ""pass"", ""scale"": ""recovered"", ""turnover"": ""pass""}",DQC_0095 conflict resolved to the side within 100x of the verified reference
2016-07-31,RAVE,0000718332,recovered,dqc_recovered:cover,EntityCommonStockSharesOutstanding,10345631,1,3.673e+07,0.00724,"{""basis"": ""pass"", ""discontinuity"": ""pass"", ""scale"": ""recovered"", ""turnover"": ""pass""}",DQC_0095 conflict resolved to the side within 100x of the verified reference
2016-08-31,RAVE,0000718332,recovered,dqc_recovered:cover,EntityCommonStockSharesOutstanding,10345631,1,3.973e+07,0.00599,"{""basis"": ""pass"", ""discontinuity"": ""pass"", ""scale"": ""recovered"", ""turnover"": ""pass""}",DQC_0095 conflict resolved to the side within 100x of the verified reference
2016-09-30,RAVE,0000718332,recovered,dqc_recovered:cover,EntityCommonStockSharesOutstanding,10656551,1,3.25e+07,0.00708,"{""basis"": ""pass"", ""discontinuity"": ""pass"", ""scale"": ""recovered"", ""turnover"": ""pass""}",DQC_0095 conflict resolved to the side within 100x of the verified reference
2016-10-31,RAVE,0000718332,recovered,dqc_recovered:cover,EntityCommonStockSharesOutstanding,10656551,1,2.963e+07,0.00725,"{""basis"": ""pass"", ""discontinuity"": ""pass"", ""scale"": ""recovered"", ""turnover"": ""pass""}",DQC_0095 conflict resolved to the side within 100x of the verified reference
2016-11-30,RAVE,0000718332,recovered,dqc_recovered:cover,EntityCommonStockSharesOutstanding,10656551,1,2.277e+07,0.00799,"{""basis"": ""pass"", ""discontinuity"": ""pass"", ""scale"": ""recovered"", ""turnover"": ""pass""}",DQC_0095 conflict resolved to the side within 100x of the verified reference
2016-12-31,RAVE,0000718332,recovered,dqc_recovered:cover,EntityCommonStockSharesOutstanding,10656551,1,2.003e+07,0.00777,"{""basis"": ""pass"", ""discontinuity"": ""pass"", ""scale"": ""recovered"", ""turnover"": ""pass""}",DQC_0095 conflict resolved to the side within 100x of the verified reference
2017-01-31,RAVE,0000718332,recovered,dqc_recovered:cover,EntityCommonStockSharesOutstanding,10656551,1,2.92e+07,0.00614,"{""basis"": ""pass"", ""discontinuity"": ""pass"", ""scale"": ""recovered"", ""turnover"": ""pass""}",DQC_0095 conflict resolved to the side within 100x of the verified reference
2018-01-31,RBBN,0001708055,removed:shares_turnover_implausible,cover,EntityCommonStockSharesOutstanding,1000,1,6980,336,"{""basis"": ""pass"", ""discontinuity"": ""untested"", ""scale"": ""pass"", ""turnover"": ""fail""}",dollar volume >10x ME (count too small: subsidiary/shell or mis-scaled)
2018-02-28,RBBN,0001708055,removed:shares_turnover_implausible,cover,EntityCommonStockSharesOutstanding,1000,1,6480,386,"{""basis"": ""pass"", ""discontinuity"": ""untested"", ""scale"": ""pass"", ""turnover"": ""fail""}",dollar volume >10x ME (count too small: subsidiary/shell or mis-scaled)
2019-04-30,RBKB,0001751783,removed:shares_scale_conflict,cover,EntityCommonStockSharesOutstanding,11133290,1,1.303e+08,0.00362,"{""basis"": ""pass"", ""discontinuity"": ""untested"", ""scale"": ""fail"", ""turnover"": ""pass""}","cover vs same-filing balance-sheet count differ >100x, no verified reference to choose"
2021-03-31,REPX,0001001614,removed:shares_basis_ambiguous,cover,EntityCommonStockSharesOutstanding,890420,0.083333336,1.929e+06,2.88,"{""basis"": ""fail"", ""discontinuity"": ""untested"", ""scale"": ""pass"", ""turnover"": ""pass""}",split stamp between cover date and filing
2021-04-30,REPX,0001001614,removed:shares_basis_ambiguous,cover,EntityCommonStockSharesOutstanding,890420,0.083333336,2.438e+06,2.1,"{""basis"": ""fail"", ""discontinuity"": ""untested"", ""scale"": ""pass"", ""turnover"": ""pass""}",split stamp between cover date and filing
2018-06-30,RFL,0001713863,removed:shares_turnover_implausible,cover,EntityCommonStockSharesOutstanding,100,1,919,981,"{""basis"": ""pass"", ""discontinuity"": ""untested"", ""scale"": ""untested"", ""turnover"": ""fail""}",dollar volume >10x ME (count too small: subsidiary/shell or mis-scaled)
2018-07-31,RFL,0001713863,removed:shares_turnover_implausible,cover,EntityCommonStockSharesOutstanding,100,1,910,844,"{""basis"": ""pass"", ""discontinuity"": ""untested"", ""scale"": ""untested"", ""turnover"": ""fail""}",dollar volume >10x ME (count too small: subsidiary/shell or mis-scaled)
2018-08-31,RFL,0001713863,removed:shares_turnover_implausible,cover,EntityCommonStockSharesOutstanding,100,1,942,704,"{""basis"": ""pass"", ""discontinuity"": ""untested"", ""scale"": ""untested"", ""turnover"": ""fail""}",dollar volume >10x ME (count too small: subsidiary/shell or mis-scaled)
2018-09-30,RFL,0001713863,removed:shares_turnover_implausible,cover,EntityCommonStockSharesOutstanding,100,1,840,622,"{""basis"": ""pass"", ""discontinuity"": ""untested"", ""scale"": ""untested"", ""turnover"": ""fail""}",dollar volume >10x ME (count too small: subsidiary/shell or mis-scaled)
2018-10-31,RFL,0001713863,removed:shares_turnover_implausible,cover,EntityCommonStockSharesOutstanding,100,1,814,492,"{""basis"": ""pass"", ""discontinuity"": ""untested"", ""scale"": ""untested"", ""turnover"": ""fail""}",dollar volume >10x ME (count too small: subsidiary/shell or mis-scaled)
2018-11-30,RFL,0001713863,removed:shares_turnover_implausible,cover,EntityCommonStockSharesOutstanding,100,1,830,379,"{""basis"": ""pass"", ""discontinuity"": ""untested"", ""scale"": ""untested"", ""turnover"": ""fail""}",dollar volume >10x ME (count too small: subsidiary/shell or mis-scaled)
2018-12-31,RFL,0001713863,removed:shares_turnover_implausible,cover,EntityCommonStockSharesOutstanding,100,1,793,240,"{""basis"": ""pass"", ""discontinuity"": ""untested"", ""scale"": ""untested"", ""turnover"": ""fail""}",dollar volume >10x ME (count too small: subsidiary/shell or mis-scaled)
2019-01-31,RFL,0001713863,removed:shares_turnover_implausible,cover,EntityCommonStockSharesOutstanding,100,1,1542,187,"{""basis"": ""pass"", ""discontinuity"": ""untested"", ""scale"": ""untested"", ""turnover"": ""fail""}",dollar volume >10x ME (count too small: subsidiary/shell or mis-scaled)
2019-02-28,RFL,0001713863,removed:shares_turnover_implausible,cover,EntityCommonStockSharesOutstanding,100,1,1580,192,"{""basis"": ""pass"", ""discontinuity"": ""untested"", ""scale"": ""untested"", ""turnover"": ""fail""}",dollar volume >10x ME (count too small: subsidiary/shell or mis-scaled)
2019-03-31,RFL,0001713863,removed:shares_turnover_implausible,cover,EntityCommonStockSharesOutstanding,100,1,1265,277,"{""basis"": ""pass"", ""discontinuity"": ""untested"", ""scale"": ""untested"", ""turnover"": ""fail""}",dollar volume >10x ME (count too small: subsidiary/shell or mis-scaled)
2019-04-30,RFL,0001713863,removed:shares_turnover_implausible,cover,EntityCommonStockSharesOutstanding,100,1,1620,225,"{""basis"": ""pass"", ""discontinuity"": ""untested"", ""scale"": ""untested"", ""turnover"": ""fail""}",dollar volume >10x ME (count too small: subsidiary/shell or mis-scaled)
2019-05-31,RFL,0001713863,removed:shares_turnover_implausible,cover,EntityCommonStockSharesOutstanding,100,1,1625,260,"{""basis"": ""pass"", ""discontinuity"": ""untested"", ""scale"": ""untested"", ""turnover"": ""fail""}",dollar volume >10x ME (count too small: subsidiary/shell or mis-scaled)
2016-08-31,RICK,0000935419,recovered,dqc_recovered:cover,EntityCommonStockSharesOutstanding,9833216,1,1.081e+08,0.00258,"{""basis"": ""pass"", ""discontinuity"": ""pass"", ""scale"": ""recovered"", ""turnover"": ""pass""}",DQC_0095 conflict resolved to the side within 100x of the verified reference
2016-09-30,RICK,0000935419,recovered,dqc_recovered:cover,EntityCommonStockSharesOutstanding,9833216,1,1.134e+08,0.00281,"{""basis"": ""pass"", ""discontinuity"": ""pass"", ""scale"": ""recovered"", ""turnover"": ""pass""}",DQC_0095 conflict resolved to the side within 100x of the verified reference
2016-10-31,RICK,0000935419,recovered,dqc_recovered:cover,EntityCommonStockSharesOutstanding,9833216,1,1.142e+08,0.00306,"{""basis"": ""pass"", ""discontinuity"": ""pass"", ""scale"": ""recovered"", ""turnover"": ""pass""}",DQC_0095 conflict resolved to the side within 100x of the verified reference
2016-11-30,RICK,0000935419,recovered,dqc_recovered:cover,EntityCommonStockSharesOutstanding,9833216,1,1.198e+08,0.00328,"{""basis"": ""pass"", ""discontinuity"": ""pass"", ""scale"": ""recovered"", ""turnover"": ""pass""}",DQC_0095 conflict resolved to the side within 100x of the verified reference
2015-08-31,RLOC,0001297336,recovered,dqc_recovered:cover,EntityCommonStockSharesOutstanding,29363120,1,7.194e+07,0.00269,"{""basis"": ""pass"", ""discontinuity"": ""pass"", ""scale"": ""recovered"", ""turnover"": ""pass""}",DQC_0095 conflict resolved to the side within 100x of the verified reference
2015-09-30,RLOC,0001297336,recovered,dqc_recovered:cover,EntityCommonStockSharesOutstanding,29363120,1,6.196e+07,0.00279,"{""basis"": ""pass"", ""discontinuity"": ""pass"", ""scale"": ""recovered"", ""turnover"": ""pass""}",DQC_0095 conflict resolved to the side within 100x of the verified reference
2015-10-31,RLOC,0001297336,recovered,dqc_recovered:cover,EntityCommonStockSharesOutstanding,29363120,1,4.228e+07,0.00339,"{""basis"": ""pass"", ""discontinuity"": ""pass"", ""scale"": ""recovered"", ""turnover"": ""pass""}",DQC_0095 conflict resolved to the side within 100x of the verified reference
2015-11-30,RLOC,0001297336,recovered,dqc_recovered:cover,EntityCommonStockSharesOutstanding,29421308,1,3.001e+07,0.00453,"{""basis"": ""pass"", ""discontinuity"": ""pass"", ""scale"": ""recovered"", ""turnover"": ""pass""}",DQC_0095 conflict resolved to the side within 100x of the verified reference
2015-12-31,RLOC,0001297336,recovered,dqc_recovered:cover,EntityCommonStockSharesOutstanding,29421308,1,4.855e+07,0.00241,"{""basis"": ""pass"", ""discontinuity"": ""pass"", ""scale"": ""recovered"", ""turnover"": ""pass""}",DQC_0095 conflict resolved to the side within 100x of the verified reference
2016-01-31,RLOC,0001297336,recovered,dqc_recovered:cover,EntityCommonStockSharesOutstanding,29421308,1,4.913e+07,0.00231,"{""basis"": ""pass"", ""discontinuity"": ""pass"", ""scale"": ""recovered"", ""turnover"": ""pass""}",DQC_0095 conflict resolved to the side within 100x of the verified reference
2016-02-29,RLOC,0001297336,recovered,dqc_recovered:cover,EntityCommonStockSharesOutstanding,29421308,1,5.737e+07,0.0018,"{""basis"": ""pass"", ""discontinuity"": ""pass"", ""scale"": ""recovered"", ""turnover"": ""pass""}",DQC_0095 conflict resolved to the side within 100x of the verified reference
2020-05-31,RM,0001519401,recovered,dqc_recovered:cover,EntityCommonStockSharesOutstanding,11179003,1,1.773e+08,0.0095,"{""basis"": ""pass"", ""discontinuity"": ""pass"", ""scale"": ""recovered"", ""turnover"": ""pass""}",DQC_0095 conflict resolved to the side within 100x of the verified reference
2020-06-30,RM,0001519401,recovered,dqc_recovered:cover,EntityCommonStockSharesOutstanding,11179003,1,1.98e+08,0.00876,"{""basis"": ""pass"", ""discontinuity"": ""pass"", ""scale"": ""recovered"", ""turnover"": ""pass""}",DQC_0095 conflict resolved to the side within 100x of the verified reference
2020-07-31,RM,0001519401,recovered,dqc_recovered:cover,EntityCommonStockSharesOutstanding,11179003,1,1.698e+08,0.0099,"{""basis"": ""pass"", ""discontinuity"": ""pass"", ""scale"": ""recovered"", ""turnover"": ""pass""}",DQC_0095 conflict resolved to the side within 100x of the verified reference
2020-08-31,RM,0001519401,recovered,dqc_recovered:cover,EntityCommonStockSharesOutstanding,11337070,1,2.074e+08,0.00782,"{""basis"": ""pass"", ""discontinuity"": ""pass"", ""scale"": ""recovered"", ""turnover"": ""pass""}",DQC_0095 conflict resolved to the side within 100x of the verified reference
2020-09-30,RM,0001519401,recovered,dqc_recovered:cover,EntityCommonStockSharesOutstanding,11337070,1,1.889e+08,0.00792,"{""basis"": ""pass"", ""discontinuity"": ""pass"", ""scale"": ""recovered"", ""turnover"": ""pass""}",DQC_0095 conflict resolved to the side within 100x of the verified reference
2020-10-31,RM,0001519401,recovered,dqc_recovered:cover,EntityCommonStockSharesOutstanding,11337070,1,2.304e+08,0.00568,"{""basis"": ""pass"", ""discontinuity"": ""pass"", ""scale"": ""recovered"", ""turnover"": ""pass""}",DQC_0095 conflict resolved to the side within 100x of the verified reference
2019-08-31,RMBI,0001767837,removed:shares_scale_conflict,cover,EntityCommonStockSharesOutstanding,13526625,1,1.783e+08,,"{""basis"": ""pass"", ""discontinuity"": ""untested"", ""scale"": ""fail"", ""turnover"": ""untested""}","cover vs same-filing balance-sheet count differ >100x, no verified reference to choose"
2019-09-30,RMBI,0001767837,removed:shares_scale_conflict,cover,EntityCommonStockSharesOutstanding,13526625,1,1.892e+08,0.014,"{""basis"": ""pass"", ""discontinuity"": ""untested"", ""scale"": ""fail"", ""turnover"": ""pass""}","cover vs same-filing balance-sheet count differ >100x, no verified reference to choose"
2019-10-31,RMBI,0001767837,removed:shares_scale_conflict,cover,EntityCommonStockSharesOutstanding,13526625,1,1.887e+08,0.0113,"{""basis"": ""pass"", ""discontinuity"": ""untested"", ""scale"": ""fail"", ""turnover"": ""pass""}","cover vs same-filing balance-sheet count differ >100x, no verified reference to choose"
2015-02-28,ROP,0000882835,removed:shares_scale_conflict,cover,EntityCommonStockSharesOutstanding,100356523,1,1.682e+10,0.00359,"{""basis"": ""pass"", ""discontinuity"": ""untested"", ""scale"": ""fail"", ""turnover"": ""pass""}","cover vs same-filing balance-sheet count differ >100x, no verified reference to choose"
2015-03-31,ROP,0000882835,removed:shares_scale_conflict,cover,EntityCommonStockSharesOutstanding,100356523,1,1.726e+10,0.00371,"{""basis"": ""pass"", ""discontinuity"": ""untested"", ""scale"": ""fail"", ""turnover"": ""pass""}","cover vs same-filing balance-sheet count differ >100x, no verified reference to choose"
2015-04-30,ROP,0000882835,removed:shares_scale_conflict,cover,EntityCommonStockSharesOutstanding,100356523,1,1.688e+10,0.00394,"{""basis"": ""pass"", ""discontinuity"": ""untested"", ""scale"": ""fail"", ""turnover"": ""pass""}","cover vs same-filing balance-sheet count differ >100x, no verified reference to choose"
2016-02-29,ROP,0000882835,removed:shares_scale_conflict,cover,EntityCommonStockSharesOutstanding,101064624,1,1.697e+10,0.00505,"{""basis"": ""pass"", ""discontinuity"": ""untested"", ""scale"": ""fail"", ""turnover"": ""pass""}","cover vs same-filing balance-sheet count differ >100x, no verified reference to choose"
2016-03-31,ROP,0000882835,removed:shares_scale_conflict,cover,EntityCommonStockSharesOutstanding,101064624,1,1.847e+10,0.00465,"{""basis"": ""pass"", ""discontinuity"": ""untested"", ""scale"": ""fail"", ""turnover"": ""pass""}","cover vs same-filing balance-sheet count differ >100x, no verified reference to choose"
2016-04-30,ROP,0000882835,removed:shares_scale_conflict,cover,EntityCommonStockSharesOutstanding,101064624,1,1.78e+10,0.0047,"{""basis"": ""pass"", ""discontinuity"": ""untested"", ""scale"": ""fail"", ""turnover"": ""pass""}","cover vs same-filing balance-sheet count differ >100x, no verified reference to choose"
2017-02-28,ROP,0000882835,removed:shares_scale_conflict,cover,EntityCommonStockSharesOutstanding,101434201,1,2.122e+10,0.00501,"{""basis"": ""pass"", ""discontinuity"": ""untested"", ""scale"": ""fail"", ""turnover"": ""pass""}","cover vs same-filing balance-sheet count differ >100x, no verified reference to choose"
2017-03-31,ROP,0000882835,removed:shares_scale_conflict,cover,EntityCommonStockSharesOutstanding,101434201,1,2.095e+10,0.00531,"{""basis"": ""pass"", ""discontinuity"": ""untested"", ""scale"": ""fail"", ""turnover"": ""pass""}","cover vs same-filing balance-sheet count differ >100x, no verified reference to choose"
2017-04-30,ROP,0000882835,removed:shares_scale_conflict,cover,EntityCommonStockSharesOutstanding,101434201,1,2.218e+10,0.00521,"{""basis"": ""pass"", ""discontinuity"": ""untested"", ""scale"": ""fail"", ""turnover"": ""pass""}","cover vs same-filing balance-sheet count differ >100x, no verified reference to choose"
2015-02-28,RVBD,0001357326,recovered,dqc_recovered:cover,EntityCommonStockSharesOutstanding,157781493,1,3.304e+09,0.0154,"{""basis"": ""pass"", ""discontinuity"": ""pass"", ""scale"": ""recovered"", ""turnover"": ""pass""}",DQC_0095 conflict resolved to the side within 100x of the verified reference
2015-03-31,RVBD,0001357326,recovered,dqc_recovered:cover,EntityCommonStockSharesOutstanding,157781493,1,3.299e+09,0.0172,"{""basis"": ""pass"", ""discontinuity"": ""pass"", ""scale"": ""recovered"", ""turnover"": ""pass""}",DQC_0095 conflict resolved to the side within 100x of the verified reference
2019-09-30,SAIC,0001571123,recovered,dqc_recovered:cover,EntityCommonStockSharesOutstanding,57701393,1,5.04e+09,0.00714,"{""basis"": ""pass"", ""discontinuity"": ""pass"", ""scale"": ""recovered"", ""turnover"": ""pass""}",DQC_0095 conflict resolved to the side within 100x of the verified reference
2019-10-31,SAIC,0001571123,recovered,dqc_recovered:cover,EntityCommonStockSharesOutstanding,57701393,1,4.767e+09,0.00702,"{""basis"": ""pass"", ""discontinuity"": ""pass"", ""scale"": ""recovered"", ""turnover"": ""pass""}",DQC_0095 conflict resolved to the side within 100x of the verified reference
2019-11-30,SAIC,0001571123,recovered,dqc_recovered:cover,EntityCommonStockSharesOutstanding,57701393,1,4.925e+09,0.00659,"{""basis"": ""pass"", ""discontinuity"": ""pass"", ""scale"": ""recovered"", ""turnover"": ""pass""}",DQC_0095 conflict resolved to the side within 100x of the verified reference
2015-11-30,SAJA,0001118037,recovered,dqc_recovered:cover,EntityCommonStockSharesOutstanding,4782743,1,1.926e+07,0.00101,"{""basis"": ""pass"", ""discontinuity"": ""pass"", ""scale"": ""recovered"", ""turnover"": ""pass""}",DQC_0095 conflict resolved to the side within 100x of the verified reference
2015-12-31,SAJA,0001118037,recovered,dqc_recovered:cover,EntityCommonStockSharesOutstanding,4782743,1,1.794e+07,0.00104,"{""basis"": ""pass"", ""discontinuity"": ""pass"", ""scale"": ""recovered"", ""turnover"": ""pass""}",DQC_0095 conflict resolved to the side within 100x of the verified reference
2016-01-31,SAJA,0001118037,recovered,dqc_recovered:cover,EntityCommonStockSharesOutstanding,4782743,1,1.646e+07,0.00111,"{""basis"": ""pass"", ""discontinuity"": ""pass"", ""scale"": ""recovered"", ""turnover"": ""pass""}",DQC_0095 conflict resolved to the side within 100x of the verified reference
2016-02-29,SAJA,0001118037,recovered,dqc_recovered:cover,EntityCommonStockSharesOutstanding,4782743,1,1.553e+07,0.00116,"{""basis"": ""pass"", ""discontinuity"": ""pass"", ""scale"": ""recovered"", ""turnover"": ""pass""}",DQC_0095 conflict resolved to the side within 100x of the verified reference
2016-03-31,SAJA,0001118037,recovered,dqc_recovered:cover,EntityCommonStockSharesOutstanding,4782743,1,1.865e+07,0.000544,"{""basis"": ""pass"", ""discontinuity"": ""pass"", ""scale"": ""recovered"", ""turnover"": ""pass""}",DQC_0095 conflict resolved to the side within 100x of the verified reference
2016-04-30,SAJA,0001118037,recovered,dqc_recovered:cover,EntityCommonStockSharesOutstanding,4782743,1,2.53e+07,0.00053,"{""basis"": ""pass"", ""discontinuity"": ""pass"", ""scale"": ""recovered"", ""turnover"": ""pass""}",DQC_0095 conflict resolved to the side within 100x of the verified reference
2017-03-31,SAJA,0001118037,recovered,dqc_recovered:cover,EntityCommonStockSharesOutstanding,4796383,1,1.775e+07,0.000805,"{""basis"": ""pass"", ""discontinuity"": ""pass"", ""scale"": ""recovered"", ""turnover"": ""pass""}",DQC_0095 conflict resolved to the side within 100x of the verified reference
2017-04-30,SAJA,0001118037,recovered,dqc_recovered:cover,EntityCommonStockSharesOutstanding,4796383,1,2.743e+07,0.00301,"{""basis"": ""pass"", ""discontinuity"": ""pass"", ""scale"": ""recovered"", ""turnover"": ""pass""}",DQC_0095 conflict resolved to the side within 100x of the verified reference
2017-05-31,SAJA,0001118037,recovered,dqc_recovered:cover,EntityCommonStockSharesOutstanding,4796383,1,2.763e+07,0.00476,"{""basis"": ""pass"", ""discontinuity"": ""pass"", ""scale"": ""recovered"", ""turnover"": ""pass""}",DQC_0095 conflict resolved to the side within 100x of the verified reference
2017-06-30,SAJA,0001118037,recovered,dqc_recovered:cover,EntityCommonStockSharesOutstanding,4796383,1,2.791e+07,0.00543,"{""basis"": ""pass"", ""discontinuity"": ""pass"", ""scale"": ""recovered"", ""turnover"": ""pass""}",DQC_0095 conflict resolved to the side within 100x of the verified reference
2020-11-30,SAL,0001060219,recovered,dqc_recovered:cover,EntityCommonStockSharesOutstanding,2843292,1,1.11e+08,0.00258,"{""basis"": ""pass"", ""discontinuity"": ""pass"", ""scale"": ""recovered"", ""turnover"": ""pass""}",DQC_0095 conflict resolved to the side within 100x of the verified reference
2020-12-31,SAL,0001060219,recovered,dqc_recovered:cover,EntityCommonStockSharesOutstanding,2843292,1,1.06e+08,0.00152,"{""basis"": ""pass"", ""discontinuity"": ""pass"", ""scale"": ""recovered"", ""turnover"": ""pass""}",DQC_0095 conflict resolved to the side within 100x of the verified reference
2021-01-31,SAL,0001060219,recovered,dqc_recovered:cover,EntityCommonStockSharesOutstanding,2843292,1,1.043e+08,0.00184,"{""basis"": ""pass"", ""discontinuity"": ""pass"", ""scale"": ""recovered"", ""turnover"": ""pass""}",DQC_0095 conflict resolved to the side within 100x of the verified reference
2021-02-28,SAL,0001060219,recovered,dqc_recovered:cover,EntityCommonStockSharesOutstanding,2843292,1,1.16e+08,0.00223,"{""basis"": ""pass"", ""discontinuity"": ""pass"", ""scale"": ""recovered"", ""turnover"": ""pass""}",DQC_0095 conflict resolved to the side within 100x of the verified reference
2019-06-30,SCPL,0001760717,removed:shares_scale_conflict,cover,EntityCommonStockSharesOutstanding,22000000,1,3.016e+08,,"{""basis"": ""pass"", ""discontinuity"": ""untested"", ""scale"": ""fail"", ""turnover"": ""untested""}","cover vs same-filing balance-sheet count differ >100x, no verified reference to choose"
2019-07-31,SCPL,0001760717,removed:shares_scale_conflict,cover,EntityCommonStockSharesOutstanding,22000000,1,2.295e+08,,"{""basis"": ""pass"", ""discontinuity"": ""untested"", ""scale"": ""fail"", ""turnover"": ""untested""}","cover vs same-filing balance-sheet count differ >100x, no verified reference to choose"
2019-08-31,SCPL,0001760717,removed:shares_scale_conflict,cover,EntityCommonStockSharesOutstanding,22000000,1,2.092e+08,0.0503,"{""basis"": ""pass"", ""discontinuity"": ""untested"", ""scale"": ""fail"", ""turnover"": ""pass""}","cover vs same-filing balance-sheet count differ >100x, no verified reference to choose"
2019-09-30,SCPL,0001760717,removed:shares_scale_conflict,cover,EntityCommonStockSharesOutstanding,22000000,1,2.354e+08,0.0389,"{""basis"": ""pass"", ""discontinuity"": ""untested"", ""scale"": ""fail"", ""turnover"": ""pass""}","cover vs same-filing balance-sheet count differ >100x, no verified reference to choose"
2019-10-31,SCPL,0001760717,removed:shares_scale_conflict,cover,EntityCommonStockSharesOutstanding,22000000,1,2.127e+08,0.0285,"{""basis"": ""pass"", ""discontinuity"": ""untested"", ""scale"": ""fail"", ""turnover"": ""pass""}","cover vs same-filing balance-sheet count differ >100x, no verified reference to choose"
2019-11-30,SCPL,0001760717,removed:shares_scale_conflict,cover,EntityCommonStockSharesOutstanding,22000000,1,2.592e+08,0.0173,"{""basis"": ""pass"", ""discontinuity"": ""untested"", ""scale"": ""fail"", ""turnover"": ""pass""}","cover vs same-filing balance-sheet count differ >100x, no verified reference to choose"
2019-12-31,SCPL,0001760717,removed:shares_scale_conflict,cover,EntityCommonStockSharesOutstanding,22000000,1,2.704e+08,0.0145,"{""basis"": ""pass"", ""discontinuity"": ""untested"", ""scale"": ""fail"", ""turnover"": ""pass""}","cover vs same-filing balance-sheet count differ >100x, no verified reference to choose"
2020-01-31,SCPL,0001760717,removed:shares_scale_conflict,cover,EntityCommonStockSharesOutstanding,22000000,1,2.332e+08,0.015,"{""basis"": ""pass"", ""discontinuity"": ""untested"", ""scale"": ""fail"", ""turnover"": ""pass""}","cover vs same-filing balance-sheet count differ >100x, no verified reference to choose"
2020-02-29,SCPL,0001760717,removed:shares_scale_conflict,cover,EntityCommonStockSharesOutstanding,22000000,1,1.989e+08,0.0152,"{""basis"": ""pass"", ""discontinuity"": ""untested"", ""scale"": ""fail"", ""turnover"": ""pass""}","cover vs same-filing balance-sheet count differ >100x, no verified reference to choose"
2020-03-31,SCPL,0001760717,removed:shares_scale_conflict,cover,EntityCommonStockSharesOutstanding,22000000,1,2.096e+08,0.0131,"{""basis"": ""pass"", ""discontinuity"": ""untested"", ""scale"": ""fail"", ""turnover"": ""pass""}","cover vs same-filing balance-sheet count differ >100x, no verified reference to choose"
2020-04-30,SCPL,0001760717,removed:shares_scale_conflict,cover,EntityCommonStockSharesOutstanding,22000000,1,2.321e+08,0.013,"{""basis"": ""pass"", ""discontinuity"": ""untested"", ""scale"": ""fail"", ""turnover"": ""pass""}","cover vs same-filing balance-sheet count differ >100x, no verified reference to choose"
2020-05-31,SCPL,0001760717,removed:shares_scale_conflict,cover,EntityCommonStockSharesOutstanding,22000000,1,3.084e+08,0.0111,"{""basis"": ""pass"", ""discontinuity"": ""untested"", ""scale"": ""fail"", ""turnover"": ""pass""}","cover vs same-filing balance-sheet count differ >100x, no verified reference to choose"
2020-06-30,SCPL,0001760717,removed:shares_scale_conflict,cover,EntityCommonStockSharesOutstanding,22000000,1,3.263e+08,0.0131,"{""basis"": ""pass"", ""discontinuity"": ""untested"", ""scale"": ""fail"", ""turnover"": ""pass""}","cover vs same-filing balance-sheet count differ >100x, no verified reference to choose"
2020-07-31,SCPL,0001760717,removed:shares_scale_conflict,cover,EntityCommonStockSharesOutstanding,22000000,1,3.216e+08,0.0178,"{""basis"": ""pass"", ""discontinuity"": ""untested"", ""scale"": ""fail"", ""turnover"": ""pass""}","cover vs same-filing balance-sheet count differ >100x, no verified reference to choose"
2014-09-30,SCTY,0001408356,removed:shares_scale_conflict,cover,EntityCommonStockSharesOutstanding,92691651,1,5.524e+09,0.0537,"{""basis"": ""pass"", ""discontinuity"": ""untested"", ""scale"": ""fail"", ""turnover"": ""pass""}","cover vs same-filing balance-sheet count differ >100x, no verified reference to choose"
2014-10-31,SCTY,0001408356,removed:shares_scale_conflict,cover,EntityCommonStockSharesOutstanding,92691651,1,5.485e+09,0.0539,"{""basis"": ""pass"", ""discontinuity"": ""untested"", ""scale"": ""fail"", ""turnover"": ""pass""}","cover vs same-filing balance-sheet count differ >100x, no verified reference to choose"
2014-11-30,SCTY,0001408356,removed:shares_scale_conflict,cover,EntityCommonStockSharesOutstanding,96000871,1,5.28e+09,0.0535,"{""basis"": ""pass"", ""discontinuity"": ""untested"", ""scale"": ""fail"", ""turnover"": ""pass""}","cover vs same-filing balance-sheet count differ >100x, no verified reference to choose"
2014-12-31,SCTY,0001408356,removed:shares_scale_conflict,cover,EntityCommonStockSharesOutstanding,96000871,1,5.134e+09,0.0444,"{""basis"": ""pass"", ""discontinuity"": ""untested"", ""scale"": ""fail"", ""turnover"": ""pass""}","cover vs same-filing balance-sheet count differ >100x, no verified reference to choose"
2015-01-31,SCTY,0001408356,removed:shares_scale_conflict,cover,EntityCommonStockSharesOutstanding,96000871,1,4.667e+09,0.0441,"{""basis"": ""pass"", ""discontinuity"": ""untested"", ""scale"": ""fail"", ""turnover"": ""pass""}","cover vs same-filing balance-sheet count differ >100x, no verified reference to choose"
2015-11-30,SCTY,0001408356,recovered,dqc_recovered:cover,EntityCommonStockSharesOutstanding,97588595,1,2.807e+09,0.0469,"{""basis"": ""pass"", ""discontinuity"": ""pass"", ""scale"": ""recovered"", ""turnover"": ""pass""}",DQC_0095 conflict resolved to the side within 100x of the verified reference
2015-12-31,SCTY,0001408356,recovered,dqc_recovered:cover,EntityCommonStockSharesOutstanding,97588595,1,4.979e+09,0.0307,"{""basis"": ""pass"", ""discontinuity"": ""pass"", ""scale"": ""recovered"", ""turnover"": ""pass""}",DQC_0095 conflict resolved to the side within 100x of the verified reference
2016-01-31,SCTY,0001408356,recovered,dqc_recovered:cover,EntityCommonStockSharesOutstanding,97588595,1,3.479e+09,0.045,"{""basis"": ""pass"", ""discontinuity"": ""pass"", ""scale"": ""recovered"", ""turnover"": ""pass""}",DQC_0095 conflict resolved to the side within 100x of the verified reference
2021-04-30,SHW,0000089800,removed:shares_basis_ambiguous,cover,EntityCommonStockSharesOutstanding,265949600,3,2.185e+11,0.00161,"{""basis"": ""fail"", ""discontinuity"": ""pass"", ""scale"": ""pass"", ""turnover"": ""pass""}",split stamp between cover date and filing
2015-05-31,SJI,0000091928,removed:shares_basis_ambiguous,cover,EntityCommonStockSharesOutstanding,34228382,2,1.807e+09,0.00484,"{""basis"": ""fail"", ""discontinuity"": ""pass"", ""scale"": ""pass"", ""turnover"": ""pass""}",split stamp between cover date and filing
2015-06-30,SJI,0000091928,removed:shares_basis_ambiguous,cover,EntityCommonStockSharesOutstanding,34228382,2,1.693e+09,0.00493,"{""basis"": ""fail"", ""discontinuity"": ""pass"", ""scale"": ""pass"", ""turnover"": ""pass""}",split stamp between cover date and filing
2015-07-31,SJI,0000091928,removed:shares_basis_ambiguous,cover,EntityCommonStockSharesOutstanding,34228382,2,1.659e+09,0.00501,"{""basis"": ""fail"", ""discontinuity"": ""pass"", ""scale"": ""pass"", ""turnover"": ""pass""}",split stamp between cover date and filing
2018-06-30,SMTA,0001722992,removed:shares_scale_conflict,cover,EntityCommonStockSharesOutstanding,42851010,1,4.414e+08,,"{""basis"": ""pass"", ""discontinuity"": ""untested"", ""scale"": ""fail"", ""turnover"": ""untested""}","cover vs same-filing balance-sheet count differ >100x, no verified reference to choose"
2018-07-31,SMTA,0001722992,removed:shares_scale_conflict,cover,EntityCommonStockSharesOutstanding,42851010,1,4.281e+08,,"{""basis"": ""pass"", ""discontinuity"": ""untested"", ""scale"": ""fail"", ""turnover"": ""untested""}","cover vs same-filing balance-sheet count differ >100x, no verified reference to choose"
2018-05-31,SNV,0000018349,recovered,dqc_recovered:balance_sheet,CommonStockSharesOutstanding,118702497,1,6.42e+12,6.43e-06,"{""basis"": ""pass"", ""discontinuity"": ""pass"", ""scale"": ""recovered"", ""turnover"": ""pass""}",DQC_0095 conflict resolved to the side within 100x of the verified reference
2018-06-30,SNV,0000018349,recovered,dqc_recovered:balance_sheet,CommonStockSharesOutstanding,118702497,1,6.268e+12,7.17e-06,"{""basis"": ""pass"", ""discontinuity"": ""pass"", ""scale"": ""recovered"", ""turnover"": ""pass""}",DQC_0095 conflict resolved to the side within 100x of the verified reference
2018-07-31,SNV,0000018349,recovered,dqc_recovered:balance_sheet,CommonStockSharesOutstanding,118702497,1,5.863e+12,8.54e-06,"{""basis"": ""pass"", ""discontinuity"": ""pass"", ""scale"": ""recovered"", ""turnover"": ""pass""}",DQC_0095 conflict resolved to the side within 100x of the verified reference
2020-05-31,SONN,0001106838,removed:shares_scale_conflict,cover,EntityCommonStockSharesOutstanding,9200176,1,3.8e+07,0.0829,"{""basis"": ""pass"", ""discontinuity"": ""pass"", ""scale"": ""fail"", ""turnover"": ""pass""}","cover vs same-filing balance-sheet count differ >100x, no verified reference to choose"
2020-06-30,SONN,0001106838,removed:shares_scale_conflict,cover,EntityCommonStockSharesOutstanding,9200176,1,3.349e+07,0.106,"{""basis"": ""pass"", ""discontinuity"": ""pass"", ""scale"": ""fail"", ""turnover"": ""pass""}","cover vs same-filing balance-sheet count differ >100x, no verified reference to choose"
2020-07-31,SONN,0001106838,removed:shares_scale_conflict,cover,EntityCommonStockSharesOutstanding,9200176,1,3.781e+07,0.214,"{""basis"": ""pass"", ""discontinuity"": ""pass"", ""scale"": ""fail"", ""turnover"": ""pass""}","cover vs same-filing balance-sheet count differ >100x, no verified reference to choose"
2017-03-31,SPAR,0000743238,recovered,dqc_recovered:cover,EntityCommonStockSharesOutstanding,34385986,1,2.751e+08,0.00602,"{""basis"": ""pass"", ""discontinuity"": ""pass"", ""scale"": ""recovered"", ""turnover"": ""pass""}",DQC_0095 conflict resolved to the side within 100x of the verified reference
2017-04-30,SPAR,0000743238,recovered,dqc_recovered:cover,EntityCommonStockSharesOutstanding,34385986,1,2.837e+08,0.00592,"{""basis"": ""pass"", ""discontinuity"": ""pass"", ""scale"": ""recovered"", ""turnover"": ""pass""}",DQC_0095 conflict resolved to the side within 100x of the verified reference
2018-03-31,SPAR,0000743238,recovered,dqc_recovered:cover,EntityCommonStockSharesOutstanding,35089684,1,6.035e+08,0.00775,"{""basis"": ""pass"", ""discontinuity"": ""pass"", ""scale"": ""recovered"", ""turnover"": ""pass""}",DQC_0095 conflict resolved to the side within 100x of the verified reference
2018-04-30,SPAR,0000743238,recovered,dqc_recovered:cover,EntityCommonStockSharesOutstanding,35089684,1,6.264e+08,0.00699,"{""basis"": ""pass"", ""discontinuity"": ""pass"", ""scale"": ""recovered"", ""turnover"": ""pass""}",DQC_0095 conflict resolved to the side within 100x of the verified reference
2019-03-31,SPAR,0000743238,recovered,dqc_recovered:cover,EntityCommonStockSharesOutstanding,35228841,1,3.111e+08,0.00687,"{""basis"": ""pass"", ""discontinuity"": ""pass"", ""scale"": ""recovered"", ""turnover"": ""pass""}",DQC_0095 conflict resolved to the side within 100x of the verified reference
2019-04-30,SPAR,0000743238,recovered,dqc_recovered:cover,EntityCommonStockSharesOutstanding,35228841,1,3.276e+08,0.0056,"{""basis"": ""pass"", ""discontinuity"": ""pass"", ""scale"": ""recovered"", ""turnover"": ""pass""}",DQC_0095 conflict resolved to the side within 100x of the verified reference
2019-05-31,SPAR,0000743238,recovered,dqc_recovered:cover,EntityCommonStockSharesOutstanding,35350834,1,3.051e+08,0.00452,"{""basis"": ""pass"", ""discontinuity"": ""pass"", ""scale"": ""recovered"", ""turnover"": ""pass""}",DQC_0095 conflict resolved to the side within 100x of the verified reference
2019-06-30,SPAR,0000743238,recovered,dqc_recovered:cover,EntityCommonStockSharesOutstanding,35350834,1,3.874e+08,0.00372,"{""basis"": ""pass"", ""discontinuity"": ""pass"", ""scale"": ""recovered"", ""turnover"": ""pass""}",DQC_0095 conflict resolved to the side within 100x of the verified reference
2019-07-31,SPAR,0000743238,recovered,dqc_recovered:cover,EntityCommonStockSharesOutstanding,35350834,1,4.249e+08,0.0037,"{""basis"": ""pass"", ""discontinuity"": ""pass"", ""scale"": ""recovered"", ""turnover"": ""pass""}",DQC_0095 conflict resolved to the side within 100x of the verified reference
2020-11-30,SPRT,0001104855,recovered,dqc_recovered:cover,EntityCommonStockSharesOutstanding,19378453,1,3.837e+07,0.00689,"{""basis"": ""pass"", ""discontinuity"": ""pass"", ""scale"": ""recovered"", ""turnover"": ""pass""}",DQC_0095 conflict resolved to the side within 100x of the verified reference
2020-12-31,SPRT,0001104855,recovered,dqc_recovered:cover,EntityCommonStockSharesOutstanding,19378453,1,4.263e+07,0.00637,"{""basis"": ""pass"", ""discontinuity"": ""pass"", ""scale"": ""recovered"", ""turnover"": ""pass""}",DQC_0095 conflict resolved to the side within 100x of the verified reference
2021-01-31,SPRT,0001104855,recovered,dqc_recovered:cover,EntityCommonStockSharesOutstanding,19378453,1,4.089e+07,0.00744,"{""basis"": ""pass"", ""discontinuity"": ""pass"", ""scale"": ""recovered"", ""turnover"": ""pass""}",DQC_0095 conflict resolved to the side within 100x of the verified reference
2021-02-28,SPRT,0001104855,recovered,dqc_recovered:cover,EntityCommonStockSharesOutstanding,19378453,1,4.147e+07,0.00788,"{""basis"": ""pass"", ""discontinuity"": ""pass"", ""scale"": ""recovered"", ""turnover"": ""pass""}",DQC_0095 conflict resolved to the side within 100x of the verified reference
2021-03-31,SPRT,0001104855,recovered,dqc_recovered:cover,EntityCommonStockSharesOutstanding,19656591,1,9.022e+07,0.194,"{""basis"": ""pass"", ""discontinuity"": ""pass"", ""scale"": ""recovered"", ""turnover"": ""pass""}",DQC_0095 conflict resolved to the side within 100x of the verified reference
2021-04-30,SPRT,0001104855,recovered,dqc_recovered:cover,EntityCommonStockSharesOutstanding,19656591,1,7.47e+07,0.244,"{""basis"": ""pass"", ""discontinuity"": ""pass"", ""scale"": ""recovered"", ""turnover"": ""pass""}",DQC_0095 conflict resolved to the side within 100x of the verified reference
2015-10-31,SRG,0001628063,removed:shares_turnover_implausible,balance_sheet,CommonStockSharesOutstanding,100,1,4213,2.25e+03,"{""basis"": ""pass"", ""discontinuity"": ""untested"", ""scale"": ""untested"", ""turnover"": ""fail""}",dollar volume >10x ME (count too small: subsidiary/shell or mis-scaled)
2015-11-30,SRG,0001628063,removed:shares_turnover_implausible,balance_sheet,CommonStockSharesOutstanding,100,1,3650,2.67e+03,"{""basis"": ""pass"", ""discontinuity"": ""untested"", ""scale"": ""untested"", ""turnover"": ""fail""}",dollar volume >10x ME (count too small: subsidiary/shell or mis-scaled)
2015-12-31,SRG,0001628063,removed:shares_turnover_implausible,balance_sheet,CommonStockSharesOutstanding,100,1,4022,2.65e+03,"{""basis"": ""pass"", ""discontinuity"": ""untested"", ""scale"": ""untested"", ""turnover"": ""fail""}",dollar volume >10x ME (count too small: subsidiary/shell or mis-scaled)
2016-01-31,SRG,0001628063,removed:shares_turnover_implausible,balance_sheet,CommonStockSharesOutstanding,100,1,3899,2.63e+03,"{""basis"": ""pass"", ""discontinuity"": ""untested"", ""scale"": ""untested"", ""turnover"": ""fail""}",dollar volume >10x ME (count too small: subsidiary/shell or mis-scaled)
2016-02-29,SRG,0001628063,removed:shares_turnover_implausible,balance_sheet,CommonStockSharesOutstanding,100,1,4136,2.55e+03,"{""basis"": ""pass"", ""discontinuity"": ""untested"", ""scale"": ""untested"", ""turnover"": ""fail""}",dollar volume >10x ME (count too small: subsidiary/shell or mis-scaled)
2016-03-31,SRG,0001628063,removed:shares_turnover_implausible,balance_sheet,CommonStockSharesOutstanding,100,1,4997,2.07e+03,"{""basis"": ""pass"", ""discontinuity"": ""untested"", ""scale"": ""untested"", ""turnover"": ""fail""}",dollar volume >10x ME (count too small: subsidiary/shell or mis-scaled)
2016-04-30,SRG,0001628063,removed:shares_turnover_implausible,balance_sheet,CommonStockSharesOutstanding,100,1,5337,2.21e+03,"{""basis"": ""pass"", ""discontinuity"": ""untested"", ""scale"": ""untested"", ""turnover"": ""fail""}",dollar volume >10x ME (count too small: subsidiary/shell or mis-scaled)
2016-05-31,SRG,0001628063,removed:shares_turnover_implausible,balance_sheet,CommonStockSharesOutstanding,100,1,4621,2.94e+03,"{""basis"": ""pass"", ""discontinuity"": ""untested"", ""scale"": ""untested"", ""turnover"": ""fail""}",dollar volume >10x ME (count too small: subsidiary/shell or mis-scaled)
2016-06-30,SRG,0001628063,removed:shares_turnover_implausible,balance_sheet,CommonStockSharesOutstanding,100,1,4984,2.97e+03,"{""basis"": ""pass"", ""discontinuity"": ""untested"", ""scale"": ""untested"", ""turnover"": ""fail""}",dollar volume >10x ME (count too small: subsidiary/shell or mis-scaled)
2016-07-31,SRG,0001628063,removed:shares_turnover_implausible,balance_sheet,CommonStockSharesOutstanding,100,1,5006,3.04e+03,"{""basis"": ""pass"", ""discontinuity"": ""untested"", ""scale"": ""untested"", ""turnover"": ""fail""}",dollar volume >10x ME (count too small: subsidiary/shell or mis-scaled)
2016-08-31,SRG,0001628063,removed:shares_turnover_implausible,balance_sheet,CommonStockSharesOutstanding,100,1,4450,3.36e+03,"{""basis"": ""pass"", ""discontinuity"": ""untested"", ""scale"": ""untested"", ""turnover"": ""fail""}",dollar volume >10x ME (count too small: subsidiary/shell or mis-scaled)
2016-09-30,SRG,0001628063,removed:shares_turnover_implausible,balance_sheet,CommonStockSharesOutstanding,100,1,5068,3.02e+03,"{""basis"": ""pass"", ""discontinuity"": ""untested"", ""scale"": ""untested"", ""turnover"": ""fail""}",dollar volume >10x ME (count too small: subsidiary/shell or mis-scaled)
2020-03-31,SRRA,0001290149,removed:shares_scale_conflict,cover,EntityCommonStockSharesOutstanding,10395732,1,1.021e+08,0.00681,"{""basis"": ""pass"", ""discontinuity"": ""pass"", ""scale"": ""fail"", ""turnover"": ""pass""}","cover vs same-filing balance-sheet count differ >100x, no verified reference to choose"
2020-04-30,SRRA,0001290149,removed:shares_scale_conflict,cover,EntityCommonStockSharesOutstanding,10395732,1,1.28e+08,0.00541,"{""basis"": ""pass"", ""discontinuity"": ""pass"", ""scale"": ""fail"", ""turnover"": ""pass""}","cover vs same-filing balance-sheet count differ >100x, no verified reference to choose"
2015-03-31,STAA,0000718937,recovered,dqc_recovered:cover,EntityCommonStockSharesOutstanding,38797569,1,2.883e+08,0.008,"{""basis"": ""pass"", ""discontinuity"": ""pass"", ""scale"": ""recovered"", ""turnover"": ""pass""}",DQC_0095 conflict resolved to the side within 100x of the verified reference
2015-04-30,STAA,0000718937,recovered,dqc_recovered:cover,EntityCommonStockSharesOutstanding,38797569,1,3.434e+08,0.00658,"{""basis"": ""pass"", ""discontinuity"": ""pass"", ""scale"": ""recovered"", ""turnover"": ""pass""}",DQC_0095 conflict resolved to the side within 100x of the verified reference
2016-03-31,STAA,0000718937,recovered,dqc_recovered:cover,EntityCommonStockSharesOutstanding,40159827,1,2.968e+08,0.00307,"{""basis"": ""pass"", ""discontinuity"": ""pass"", ""scale"": ""recovered"", ""turnover"": ""pass""}",DQC_0095 conflict resolved to the side within 100x of the verified reference
2016-04-30,STAA,0000718937,recovered,dqc_recovered:cover,EntityCommonStockSharesOutstanding,40159827,1,3.096e+08,0.00285,"{""basis"": ""pass"", ""discontinuity"": ""pass"", ""scale"": ""recovered"", ""turnover"": ""pass""}",DQC_0095 conflict resolved to the side within 100x of the verified reference
2017-03-31,STAA,0000718937,recovered,dqc_recovered:cover,EntityCommonStockSharesOutstanding,40747541,1,3.993e+08,0.0021,"{""basis"": ""pass"", ""discontinuity"": ""pass"", ""scale"": ""recovered"", ""turnover"": ""pass""}",DQC_0095 conflict resolved to the side within 100x of the verified reference
2017-04-30,STAA,0000718937,recovered,dqc_recovered:cover,EntityCommonStockSharesOutstanding,40747541,1,4.238e+08,0.00185,"{""basis"": ""pass"", ""discontinuity"": ""pass"", ""scale"": ""recovered"", ""turnover"": ""pass""}",DQC_0095 conflict resolved to the side within 100x of the verified reference
2018-03-31,STAA,0000718937,recovered,dqc_recovered:cover,EntityCommonStockSharesOutstanding,41417937,1,6.13e+08,0.00309,"{""basis"": ""pass"", ""discontinuity"": ""pass"", ""scale"": ""recovered"", ""turnover"": ""pass""}",DQC_0095 conflict resolved to the side within 100x of the verified reference
2018-04-30,STAA,0000718937,recovered,dqc_recovered:cover,EntityCommonStockSharesOutstanding,41417937,1,6.73e+08,0.003,"{""basis"": ""pass"", ""discontinuity"": ""pass"", ""scale"": ""recovered"", ""turnover"": ""pass""}",DQC_0095 conflict resolved to the side within 100x of the verified reference
2018-05-31,STAA,0000718937,recovered,dqc_recovered:cover,EntityCommonStockSharesOutstanding,41620416,1,1.238e+09,0.00354,"{""basis"": ""pass"", ""discontinuity"": ""pass"", ""scale"": ""recovered"", ""turnover"": ""pass""}",DQC_0095 conflict resolved to the side within 100x of the verified reference
2018-06-30,STAA,0000718937,recovered,dqc_recovered:cover,EntityCommonStockSharesOutstanding,41620416,1,1.29e+09,0.00479,"{""basis"": ""pass"", ""discontinuity"": ""pass"", ""scale"": ""recovered"", ""turnover"": ""pass""}",DQC_0095 conflict resolved to the side within 100x of the verified reference
2018-07-31,STAA,0000718937,recovered,dqc_recovered:cover,EntityCommonStockSharesOutstanding,41620416,1,1.284e+09,0.00572,"{""basis"": ""pass"", ""discontinuity"": ""pass"", ""scale"": ""recovered"", ""turnover"": ""pass""}",DQC_0095 conflict resolved to the side within 100x of the verified reference
2019-05-31,STAA,0000718937,recovered,dqc_recovered:balance_sheet,CommonStockSharesOutstanding,44447000,1,1.03e+12,1.35e-05,"{""basis"": ""pass"", ""discontinuity"": ""pass"", ""scale"": ""recovered"", ""turnover"": ""pass""}",DQC_0095 conflict resolved to the side within 100x of the verified reference
2019-06-30,STAA,0000718937,recovered,dqc_recovered:balance_sheet,CommonStockSharesOutstanding,44447000,1,1.307e+12,1.06e-05,"{""basis"": ""pass"", ""discontinuity"": ""pass"", ""scale"": ""recovered"", ""turnover"": ""pass""}",DQC_0095 conflict resolved to the side within 100x of the verified reference
2019-07-31,STAA,0000718937,recovered,dqc_recovered:balance_sheet,CommonStockSharesOutstanding,44447000,1,1.303e+12,1.04e-05,"{""basis"": ""pass"", ""discontinuity"": ""pass"", ""scale"": ""recovered"", ""turnover"": ""pass""}",DQC_0095 conflict resolved to the side within 100x of the verified reference
2015-05-31,STX,0001137789,recovered,dqc_recovered:balance_sheet,CommonStockSharesOutstanding,318076549,1,1.766e+16,1.08e-08,"{""basis"": ""pass"", ""discontinuity"": ""pass"", ""scale"": ""recovered"", ""turnover"": ""pass""}",DQC_0095 conflict resolved to the side within 100x of the verified reference
2015-06-30,STX,0001137789,recovered,dqc_recovered:balance_sheet,CommonStockSharesOutstanding,318076549,1,1.508e+16,1.31e-08,"{""basis"": ""pass"", ""discontinuity"": ""pass"", ""scale"": ""recovered"", ""turnover"": ""pass""}",DQC_0095 conflict resolved to the side within 100x of the verified reference
2015-07-31,STX,0001137789,recovered,dqc_recovered:balance_sheet,CommonStockSharesOutstanding,318076549,1,1.606e+16,1.28e-08,"{""basis"": ""pass"", ""discontinuity"": ""pass"", ""scale"": ""recovered"", ""turnover"": ""pass""}",DQC_0095 conflict resolved to the side within 100x of the verified reference
2016-02-29,SUI,0000912593,recovered,dqc_recovered:cover,EntityCommonStockSharesOutstanding,58391880,1,3.943e+09,0.00558,"{""basis"": ""pass"", ""discontinuity"": ""pass"", ""scale"": ""recovered"", ""turnover"": ""pass""}",DQC_0095 conflict resolved to the side within 100x of the verified reference
2016-03-31,SUI,0000912593,recovered,dqc_recovered:cover,EntityCommonStockSharesOutstanding,58391880,1,4.181e+09,0.00631,"{""basis"": ""pass"", ""discontinuity"": ""pass"", ""scale"": ""recovered"", ""turnover"": ""pass""}",DQC_0095 conflict resolved to the side within 100x of the verified reference
2017-02-28,SUI,0000912593,recovered,dqc_recovered:cover,EntityCommonStockSharesOutstanding,73507706,1,6.089e+09,0.00472,"{""basis"": ""pass"", ""discontinuity"": ""pass"", ""scale"": ""recovered"", ""turnover"": ""pass""}",DQC_0095 conflict resolved to the side within 100x of the verified reference
2017-03-31,SUI,0000912593,recovered,dqc_recovered:cover,EntityCommonStockSharesOutstanding,73507706,1,5.905e+09,0.00406,"{""basis"": ""pass"", ""discontinuity"": ""pass"", ""scale"": ""recovered"", ""turnover"": ""pass""}",DQC_0095 conflict resolved to the side within 100x of the verified reference
2018-01-31,SWCH,0001710583,removed:shares_turnover_implausible,balance_sheet,CommonStockSharesOutstanding,1,1,16.22,2.07e+06,"{""basis"": ""pass"", ""discontinuity"": ""untested"", ""scale"": ""untested"", ""turnover"": ""fail""}",dollar volume >10x ME (count too small: subsidiary/shell or mis-scaled)
2018-02-28,SWCH,0001710583,removed:shares_turnover_implausible,balance_sheet,CommonStockSharesOutstanding,1,1,13.81,2.13e+06,"{""basis"": ""pass"", ""discontinuity"": ""untested"", ""scale"": ""untested"", ""turnover"": ""fail""}",dollar volume >10x ME (count too small: subsidiary/shell or mis-scaled)
2018-03-31,SWCH,0001710583,removed:shares_turnover_implausible,balance_sheet,CommonStockSharesOutstanding,1,1,15.91,1.65e+06,"{""basis"": ""pass"", ""discontinuity"": ""untested"", ""scale"": ""untested"", ""turnover"": ""fail""}",dollar volume >10x ME (count too small: subsidiary/shell or mis-scaled)
2018-04-30,SWCH,0001710583,removed:shares_turnover_implausible,balance_sheet,CommonStockSharesOutstanding,1,1,14.25,1.08e+06,"{""basis"": ""pass"", ""discontinuity"": ""untested"", ""scale"": ""untested"", ""turnover"": ""fail""}",dollar volume >10x ME (count too small: subsidiary/shell or mis-scaled)
2018-05-31,SWCH,0001710583,removed:shares_turnover_implausible,balance_sheet,CommonStockSharesOutstanding,1,1,12.48,1.2e+06,"{""basis"": ""pass"", ""discontinuity"": ""untested"", ""scale"": ""untested"", ""turnover"": ""fail""}",dollar volume >10x ME (count too small: subsidiary/shell or mis-scaled)
2018-06-30,SWCH,0001710583,removed:shares_turnover_implausible,balance_sheet,CommonStockSharesOutstanding,1,1,12.17,1.11e+06,"{""basis"": ""pass"", ""discontinuity"": ""untested"", ""scale"": ""untested"", ""turnover"": ""fail""}",dollar volume >10x ME (count too small: subsidiary/shell or mis-scaled)
2018-07-31,SWCH,0001710583,removed:shares_turnover_implausible,balance_sheet,CommonStockSharesOutstanding,1,1,13.02,9.77e+05,"{""basis"": ""pass"", ""discontinuity"": ""untested"", ""scale"": ""untested"", ""turnover"": ""fail""}",dollar volume >10x ME (count too small: subsidiary/shell or mis-scaled)
2018-08-31,SWCH,0001710583,removed:shares_turnover_implausible,balance_sheet,CommonStockSharesOutstanding,1,1,11.56,1.27e+06,"{""basis"": ""pass"", ""discontinuity"": ""untested"", ""scale"": ""untested"", ""turnover"": ""fail""}",dollar volume >10x ME (count too small: subsidiary/shell or mis-scaled)
2018-09-30,SWCH,0001710583,removed:shares_turnover_implausible,balance_sheet,CommonStockSharesOutstanding,1,1,10.8,1.33e+06,"{""basis"": ""pass"", ""discontinuity"": ""untested"", ""scale"": ""untested"", ""turnover"": ""fail""}",dollar volume >10x ME (count too small: subsidiary/shell or mis-scaled)
2018-10-31,SWCH,0001710583,removed:shares_turnover_implausible,balance_sheet,CommonStockSharesOutstanding,1,1,8.87,1.54e+06,"{""basis"": ""pass"", ""discontinuity"": ""untested"", ""scale"": ""untested"", ""turnover"": ""fail""}",dollar volume >10x ME (count too small: subsidiary/shell or mis-scaled)
2018-11-30,SWCH,0001710583,removed:shares_turnover_implausible,balance_sheet,CommonStockSharesOutstanding,1,1,7.77,1.67e+06,"{""basis"": ""pass"", ""discontinuity"": ""untested"", ""scale"": ""untested"", ""turnover"": ""fail""}",dollar volume >10x ME (count too small: subsidiary/shell or mis-scaled)
2018-12-31,SWCH,0001710583,removed:shares_turnover_implausible,balance_sheet,CommonStockSharesOutstanding,1,1,7,1.82e+06,"{""basis"": ""pass"", ""discontinuity"": ""untested"", ""scale"": ""untested"", ""turnover"": ""fail""}",dollar volume >10x ME (count too small: subsidiary/shell or mis-scaled)
2016-02-29,SXI,0000310354,recovered,dqc_recovered:cover,EntityCommonStockSharesOutstanding,12832860,1,9.038e+08,0.00642,"{""basis"": ""pass"", ""discontinuity"": ""pass"", ""scale"": ""recovered"", ""turnover"": ""pass""}",DQC_0095 conflict resolved to the side within 100x of the verified reference
2016-03-31,SXI,0000310354,recovered,dqc_recovered:cover,EntityCommonStockSharesOutstanding,12832860,1,9.985e+08,0.00577,"{""basis"": ""pass"", ""discontinuity"": ""pass"", ""scale"": ""recovered"", ""turnover"": ""pass""}",DQC_0095 conflict resolved to the side within 100x of the verified reference
2016-04-30,SXI,0000310354,recovered,dqc_recovered:cover,EntityCommonStockSharesOutstanding,12832860,1,9.842e+08,0.0058,"{""basis"": ""pass"", ""discontinuity"": ""pass"", ""scale"": ""recovered"", ""turnover"": ""pass""}",DQC_0095 conflict resolved to the side within 100x of the verified reference
2016-05-31,SXI,0000310354,recovered,dqc_recovered:cover,EntityCommonStockSharesOutstanding,12806118,1,1.11e+09,0.00505,"{""basis"": ""pass"", ""discontinuity"": ""pass"", ""scale"": ""recovered"", ""turnover"": ""pass""}",DQC_0095 conflict resolved to the side within 100x of the verified reference
2016-06-30,SXI,0000310354,recovered,dqc_recovered:cover,EntityCommonStockSharesOutstanding,12806118,1,1.058e+09,0.00517,"{""basis"": ""pass"", ""discontinuity"": ""pass"", ""scale"": ""recovered"", ""turnover"": ""pass""}",DQC_0095 conflict resolved to the side within 100x of the verified reference
2016-07-31,SXI,0000310354,recovered,dqc_recovered:cover,EntityCommonStockSharesOutstanding,12806118,1,1.137e+09,0.00449,"{""basis"": ""pass"", ""discontinuity"": ""pass"", ""scale"": ""recovered"", ""turnover"": ""pass""}",DQC_0095 conflict resolved to the side within 100x of the verified reference
2016-10-31,SXI,0000310354,recovered,dqc_recovered:cover,EntityCommonStockSharesOutstanding,12743263,1,9.736e+08,0.00574,"{""basis"": ""pass"", ""discontinuity"": ""pass"", ""scale"": ""recovered"", ""turnover"": ""pass""}",DQC_0095 conflict resolved to the side within 100x of the verified reference
2016-11-30,SXI,0000310354,recovered,dqc_recovered:cover,EntityCommonStockSharesOutstanding,12743263,1,1.123e+09,0.00481,"{""basis"": ""pass"", ""discontinuity"": ""pass"", ""scale"": ""recovered"", ""turnover"": ""pass""}",DQC_0095 conflict resolved to the side within 100x of the verified reference
2016-12-31,SXI,0000310354,recovered,dqc_recovered:cover,EntityCommonStockSharesOutstanding,12743263,1,1.119e+09,0.00478,"{""basis"": ""pass"", ""discontinuity"": ""pass"", ""scale"": ""recovered"", ""turnover"": ""pass""}",DQC_0095 conflict resolved to the side within 100x of the verified reference
2017-01-31,SXI,0000310354,recovered,dqc_recovered:cover,EntityCommonStockSharesOutstanding,12743263,1,1.111e+09,0.00477,"{""basis"": ""pass"", ""discontinuity"": ""pass"", ""scale"": ""recovered"", ""turnover"": ""pass""}",DQC_0095 conflict resolved to the side within 100x of the verified reference
2017-11-30,SXI,0000310354,recovered,dqc_recovered:cover,EntityCommonStockSharesOutstanding,12788078,1,1.368e+09,0.00248,"{""basis"": ""pass"", ""discontinuity"": ""pass"", ""scale"": ""recovered"", ""turnover"": ""pass""}",DQC_0095 conflict resolved to the side within 100x of the verified reference
2017-12-31,SXI,0000310354,recovered,dqc_recovered:cover,EntityCommonStockSharesOutstanding,12788078,1,1.302e+09,0.00284,"{""basis"": ""pass"", ""discontinuity"": ""pass"", ""scale"": ""recovered"", ""turnover"": ""pass""}",DQC_0095 conflict resolved to the side within 100x of the verified reference
2018-01-31,SXI,0000310354,recovered,dqc_recovered:cover,EntityCommonStockSharesOutstanding,12829489,1,1.346e+09,0.00293,"{""basis"": ""pass"", ""discontinuity"": ""pass"", ""scale"": ""recovered"", ""turnover"": ""pass""}",DQC_0095 conflict resolved to the side within 100x of the verified reference
2018-02-28,SXI,0000310354,recovered,dqc_recovered:cover,EntityCommonStockSharesOutstanding,12829489,1,1.233e+09,0.00346,"{""basis"": ""pass"", ""discontinuity"": ""pass"", ""scale"": ""recovered"", ""turnover"": ""pass""}",DQC_0095 conflict resolved to the side within 100x of the verified reference
2018-03-31,SXI,0000310354,recovered,dqc_recovered:cover,EntityCommonStockSharesOutstanding,12829489,1,1.223e+09,0.00353,"{""basis"": ""pass"", ""discontinuity"": ""pass"", ""scale"": ""recovered"", ""turnover"": ""pass""}",DQC_0095 conflict resolved to the side within 100x of the verified reference
2018-04-30,SXI,0000310354,recovered,dqc_recovered:cover,EntityCommonStockSharesOutstanding,12829489,1,1.244e+09,0.00344,"{""basis"": ""pass"", ""discontinuity"": ""pass"", ""scale"": ""recovered"", ""turnover"": ""pass""}",DQC_0095 conflict resolved to the side within 100x of the verified reference
2018-05-31,SXI,0000310354,recovered,dqc_recovered:cover,EntityCommonStockSharesOutstanding,12831505,1,1.28e+09,0.00336,"{""basis"": ""pass"", ""discontinuity"": ""pass"", ""scale"": ""recovered"", ""turnover"": ""pass""}",DQC_0095 conflict resolved to the side within 100x of the verified reference
2018-06-30,SXI,0000310354,recovered,dqc_recovered:cover,EntityCommonStockSharesOutstanding,12831505,1,1.311e+09,0.00324,"{""basis"": ""pass"", ""discontinuity"": ""pass"", ""scale"": ""recovered"", ""turnover"": ""pass""}",DQC_0095 conflict resolved to the side within 100x of the verified reference
2018-07-31,SXI,0000310354,recovered,dqc_recovered:cover,EntityCommonStockSharesOutstanding,12831505,1,1.33e+09,0.00307,"{""basis"": ""pass"", ""discontinuity"": ""pass"", ""scale"": ""recovered"", ""turnover"": ""pass""}",DQC_0095 conflict resolved to the side within 100x of the verified reference
2014-09-30,SYK,0000310764,removed:shares_scale_conflict,cover,EntityCommonStockSharesOutstanding,378582992,1,3.057e+10,0.0038,"{""basis"": ""pass"", ""discontinuity"": ""untested"", ""scale"": ""fail"", ""turnover"": ""pass""}","cover vs same-filing balance-sheet count differ >100x, no verified reference to choose"
2014-10-31,SYK,0000310764,removed:shares_scale_conflict,cover,EntityCommonStockSharesOutstanding,378320513,1,3.311e+10,0.00347,"{""basis"": ""pass"", ""discontinuity"": ""untested"", ""scale"": ""fail"", ""turnover"": ""pass""}","cover vs same-filing balance-sheet count differ >100x, no verified reference to choose"
2014-11-30,SYK,0000310764,removed:shares_scale_conflict,cover,EntityCommonStockSharesOutstanding,378320513,1,3.515e+10,0.00314,"{""basis"": ""pass"", ""discontinuity"": ""untested"", ""scale"": ""fail"", ""turnover"": ""pass""}","cover vs same-filing balance-sheet count differ >100x, no verified reference to choose"
2014-12-31,SYK,0000310764,removed:shares_scale_conflict,cover,EntityCommonStockSharesOutstanding,378320513,1,3.569e+10,0.00314,"{""basis"": ""pass"", ""discontinuity"": ""untested"", ""scale"": ""fail"", ""turnover"": ""pass""}","cover vs same-filing balance-sheet count differ >100x, no verified reference to choose"
2015-01-31,SYK,0000310764,removed:shares_scale_conflict,cover,EntityCommonStockSharesOutstanding,378320513,1,3.445e+10,0.00329,"{""basis"": ""pass"", ""discontinuity"": ""untested"", ""scale"": ""fail"", ""turnover"": ""pass""}","cover vs same-filing balance-sheet count differ >100x, no verified reference to choose"
2015-02-28,SYK,0000310764,removed:shares_scale_conflict,cover,EntityCommonStockSharesOutstanding,378749951,1,3.589e+10,0.00317,"{""basis"": ""pass"", ""discontinuity"": ""untested"", ""scale"": ""fail"", ""turnover"": ""pass""}","cover vs same-filing balance-sheet count differ >100x, no verified reference to choose"
2015-03-31,SYK,0000310764,removed:shares_scale_conflict,cover,EntityCommonStockSharesOutstanding,378749951,1,3.494e+10,0.0034,"{""basis"": ""pass"", ""discontinuity"": ""untested"", ""scale"": ""fail"", ""turnover"": ""pass""}","cover vs same-filing balance-sheet count differ >100x, no verified reference to choose"
2015-04-30,SYK,0000310764,removed:shares_scale_conflict,cover,EntityCommonStockSharesOutstanding,378749951,1,3.494e+10,0.00339,"{""basis"": ""pass"", ""discontinuity"": ""untested"", ""scale"": ""fail"", ""turnover"": ""pass""}","cover vs same-filing balance-sheet count differ >100x, no verified reference to choose"
2015-05-31,SYK,0000310764,removed:shares_scale_conflict,cover,EntityCommonStockSharesOutstanding,378409144,1,3.638e+10,0.00323,"{""basis"": ""pass"", ""discontinuity"": ""untested"", ""scale"": ""fail"", ""turnover"": ""pass""}","cover vs same-filing balance-sheet count differ >100x, no verified reference to choose"
2015-06-30,SYK,0000310764,removed:shares_scale_conflict,cover,EntityCommonStockSharesOutstanding,378409144,1,3.616e+10,0.0031,"{""basis"": ""pass"", ""discontinuity"": ""untested"", ""scale"": ""fail"", ""turnover"": ""pass""}","cover vs same-filing balance-sheet count differ >100x, no verified reference to choose"
2017-05-31,SYMC,0000849399,recovered,dqc_recovered:cover,EntityCommonStockSharesOutstanding,608240301,1,1.844e+10,0.0105,"{""basis"": ""pass"", ""discontinuity"": ""pass"", ""scale"": ""recovered"", ""turnover"": ""pass""}",DQC_0095 conflict resolved to the side within 100x of the verified reference
2017-06-30,SYMC,0000849399,recovered,dqc_recovered:cover,EntityCommonStockSharesOutstanding,608240301,1,1.718e+10,0.012,"{""basis"": ""pass"", ""discontinuity"": ""pass"", ""scale"": ""recovered"", ""turnover"": ""pass""}",DQC_0095 conflict resolved to the side within 100x of the verified reference
2017-07-31,SYMC,0000849399,recovered,dqc_recovered:cover,EntityCommonStockSharesOutstanding,608240301,1,1.885e+10,0.0111,"{""basis"": ""pass"", ""discontinuity"": ""pass"", ""scale"": ""recovered"", ""turnover"": ""pass""}",DQC_0095 conflict resolved to the side within 100x of the verified reference
2017-11-30,SYMC,0000849399,recovered,dqc_recovered:cover,EntityCommonStockSharesOutstanding,619982061,1,1.796e+10,0.0111,"{""basis"": ""pass"", ""discontinuity"": ""pass"", ""scale"": ""recovered"", ""turnover"": ""pass""}",DQC_0095 conflict resolved to the side within 100x of the verified reference
2017-12-31,SYMC,0000849399,recovered,dqc_recovered:cover,EntityCommonStockSharesOutstanding,619982061,1,1.74e+10,0.0107,"{""basis"": ""pass"", ""discontinuity"": ""pass"", ""scale"": ""recovered"", ""turnover"": ""pass""}",DQC_0095 conflict resolved to the side within 100x of the verified reference
2018-01-31,SYMC,0000849399,recovered,dqc_recovered:cover,EntityCommonStockSharesOutstanding,619982061,1,1.688e+10,0.0112,"{""basis"": ""pass"", ""discontinuity"": ""pass"", ""scale"": ""recovered"", ""turnover"": ""pass""}",DQC_0095 conflict resolved to the side within 100x of the verified reference
2014-11-30,SYNT,0001040426,removed:shares_basis_ambiguous,cover,EntityCommonStockSharesOutstanding,83734868,2,7.452e+09,0.00102,"{""basis"": ""fail"", ""discontinuity"": ""untested"", ""scale"": ""untested"", ""turnover"": ""pass""}",split stamp between cover date and filing
2014-12-31,SYNT,0001040426,removed:shares_basis_ambiguous,cover,EntityCommonStockSharesOutstanding,83734868,2,7.533e+09,0.001,"{""basis"": ""fail"", ""discontinuity"": ""untested"", ""scale"": ""untested"", ""turnover"": ""pass""}",split stamp between cover date and filing
2015-01-31,SYNT,0001040426,removed:shares_basis_ambiguous,cover,EntityCommonStockSharesOutstanding,83734868,2,7.243e+09,0.00107,"{""basis"": ""fail"", ""discontinuity"": ""untested"", ""scale"": ""untested"", ""turnover"": ""pass""}",split stamp between cover date and filing
2015-02-28,SYNT,0001040426,removed:shares_basis_ambiguous,cover,EntityCommonStockSharesOutstanding,83734868,2,8.273e+09,0.000936,"{""basis"": ""fail"", ""discontinuity"": ""untested"", ""scale"": ""untested"", ""turnover"": ""pass""}",split stamp between cover date and filing
2020-03-31,TARA,0001359931,removed:shares_scale_conflict,cover,EntityCommonStockSharesOutstanding,5843203,1,1.344e+08,0.00217,"{""basis"": ""pass"", ""discontinuity"": ""pass"", ""scale"": ""fail"", ""turnover"": ""pass""}","cover vs same-filing balance-sheet count differ >100x, no verified reference to choose"
2020-04-30,TARA,0001359931,removed:shares_scale_conflict,cover,EntityCommonStockSharesOutstanding,5843203,1,1.432e+08,0.00209,"{""basis"": ""pass"", ""discontinuity"": ""pass"", ""scale"": ""fail"", ""turnover"": ""pass""}","cover vs same-filing balance-sheet count differ >100x, no verified reference to choose"
2017-08-31,TDW,0000098222,removed:shares_basis_ambiguous,cover,EntityCommonStockSharesOutstanding,47121418,0.031,3.455e+07,0.0438,"{""basis"": ""fail"", ""discontinuity"": ""untested"", ""scale"": ""untested"", ""turnover"": ""pass""}",split stamp between cover date and filing
2017-09-30,TDW,0000098222,removed:shares_basis_ambiguous,cover,EntityCommonStockSharesOutstanding,47121418,0.031,4.248e+07,0.066,"{""basis"": ""fail"", ""discontinuity"": ""untested"", ""scale"": ""untested"", ""turnover"": ""pass""}",split stamp between cover date and filing
2017-10-31,TDW,0000098222,removed:shares_basis_ambiguous,cover,EntityCommonStockSharesOutstanding,47121418,0.031,3.981e+07,0.0748,"{""basis"": ""fail"", ""discontinuity"": ""untested"", ""scale"": ""untested"", ""turnover"": ""pass""}",split stamp between cover date and filing
2020-08-31,TER,0000097210,recovered,dqc_recovered:cover,EntityCommonStockSharesOutstanding,166032335,1,1.411e+10,0.0108,"{""basis"": ""pass"", ""discontinuity"": ""pass"", ""scale"": ""recovered"", ""turnover"": ""pass""}",DQC_0095 conflict resolved to the side within 100x of the verified reference
2020-09-30,TER,0000097210,recovered,dqc_recovered:cover,EntityCommonStockSharesOutstanding,166032335,1,1.319e+10,0.0133,"{""basis"": ""pass"", ""discontinuity"": ""pass"", ""scale"": ""recovered"", ""turnover"": ""pass""}",DQC_0095 conflict resolved to the side within 100x of the verified reference
2020-10-31,TER,0000097210,recovered,dqc_recovered:cover,EntityCommonStockSharesOutstanding,166032335,1,1.459e+10,0.0118,"{""basis"": ""pass"", ""discontinuity"": ""pass"", ""scale"": ""recovered"", ""turnover"": ""pass""}",DQC_0095 conflict resolved to the side within 100x of the verified reference
2018-12-31,TJX,0000109198,removed:shares_basis_ambiguous,cover,EntityCommonStockSharesOutstanding,1233145248,2,1.103e+11,0.00345,"{""basis"": ""fail"", ""discontinuity"": ""pass"", ""scale"": ""pass"", ""turnover"": ""pass""}",split stamp between cover date and filing
2019-01-31,TJX,0000109198,removed:shares_basis_ambiguous,cover,EntityCommonStockSharesOutstanding,1233145248,2,1.226e+11,0.00318,"{""basis"": ""fail"", ""discontinuity"": ""pass"", ""scale"": ""pass"", ""turnover"": ""pass""}",split stamp between cover date and filing
2019-02-28,TJX,0000109198,removed:shares_basis_ambiguous,cover,EntityCommonStockSharesOutstanding,1233145248,2,1.265e+11,0.00303,"{""basis"": ""fail"", ""discontinuity"": ""pass"", ""scale"": ""pass"", ""turnover"": ""pass""}",split stamp between cover date and filing
2019-03-31,TJX,0000109198,removed:shares_basis_ambiguous,cover,EntityCommonStockSharesOutstanding,1233145248,2,1.312e+11,0.00282,"{""basis"": ""fail"", ""discontinuity"": ""pass"", ""scale"": ""pass"", ""turnover"": ""pass""}",split stamp between cover date and filing
2019-03-31,TLND,0001668105,removed:shares_scale_conflict,cover,EntityCommonStockSharesOutstanding,30305390,1,1.533e+09,0.0137,"{""basis"": ""pass"", ""discontinuity"": ""untested"", ""scale"": ""fail"", ""turnover"": ""pass""}","cover vs same-filing balance-sheet count differ >100x, no verified reference to choose"
2019-04-30,TLND,0001668105,removed:shares_scale_conflict,cover,EntityCommonStockSharesOutstanding,30305390,1,1.503e+09,0.0135,"{""basis"": ""pass"", ""discontinuity"": ""untested"", ""scale"": ""fail"", ""turnover"": ""pass""}","cover vs same-filing balance-sheet count differ >100x, no verified reference to choose"
2015-03-31,TORM,0000842295,recovered,dqc_recovered:cover,EntityCommonStockSharesOutstanding,3014022,1,1.855e+07,0.000719,"{""basis"": ""pass"", ""discontinuity"": ""pass"", ""scale"": ""recovered"", ""turnover"": ""pass""}",DQC_0095 conflict resolved to the side within 100x of the verified reference
2015-04-30,TORM,0000842295,recovered,dqc_recovered:cover,EntityCommonStockSharesOutstanding,3014022,1,1.944e+07,0.000966,"{""basis"": ""pass"", ""discontinuity"": ""pass"", ""scale"": ""recovered"", ""turnover"": ""pass""}",DQC_0095 conflict resolved to the side within 100x of the verified reference
2015-05-31,TORM,0000842295,recovered,dqc_recovered:cover,EntityCommonStockSharesOutstanding,3014022,1,1.992e+07,0.000981,"{""basis"": ""pass"", ""discontinuity"": ""pass"", ""scale"": ""recovered"", ""turnover"": ""pass""}",DQC_0095 conflict resolved to the side within 100x of the verified reference
2015-06-30,TORM,0000842295,recovered,dqc_recovered:cover,EntityCommonStockSharesOutstanding,3014022,1,1.884e+07,0.00102,"{""basis"": ""pass"", ""discontinuity"": ""pass"", ""scale"": ""recovered"", ""turnover"": ""pass""}",DQC_0095 conflict resolved to the side within 100x of the verified reference
2015-07-31,TORM,0000842295,recovered,dqc_recovered:cover,EntityCommonStockSharesOutstanding,3014022,1,1.748e+07,0.00112,"{""basis"": ""pass"", ""discontinuity"": ""pass"", ""scale"": ""recovered"", ""turnover"": ""pass""}",DQC_0095 conflict resolved to the side within 100x of the verified reference
2015-08-31,TORM,0000842295,recovered,dqc_recovered:cover,EntityCommonStockSharesOutstanding,3014022,1,1.658e+07,0.00107,"{""basis"": ""pass"", ""discontinuity"": ""pass"", ""scale"": ""recovered"", ""turnover"": ""pass""}",DQC_0095 conflict resolved to the side within 100x of the verified reference
2015-09-30,TORM,0000842295,recovered,dqc_recovered:cover,EntityCommonStockSharesOutstanding,3014022,1,1.532e+07,0.00107,"{""basis"": ""pass"", ""discontinuity"": ""pass"", ""scale"": ""recovered"", ""turnover"": ""pass""}",DQC_0095 conflict resolved to the side within 100x of the verified reference
2015-10-31,TORM,0000842295,recovered,dqc_recovered:cover,EntityCommonStockSharesOutstanding,3014022,1,1.462e+07,0.000695,"{""basis"": ""pass"", ""discontinuity"": ""pass"", ""scale"": ""recovered"", ""turnover"": ""pass""}",DQC_0095 conflict resolved to the side within 100x of the verified reference
2015-11-30,TORM,0000842295,recovered,dqc_recovered:cover,EntityCommonStockSharesOutstanding,3014022,1,1.456e+07,0.000577,"{""basis"": ""pass"", ""discontinuity"": ""pass"", ""scale"": ""recovered"", ""turnover"": ""pass""}",DQC_0095 conflict resolved to the side within 100x of the verified reference
2015-12-31,TORM,0000842295,recovered,dqc_recovered:cover,EntityCommonStockSharesOutstanding,3014022,1,1.359e+07,0.000559,"{""basis"": ""pass"", ""discontinuity"": ""pass"", ""scale"": ""recovered"", ""turnover"": ""pass""}",DQC_0095 conflict resolved to the side within 100x of the verified reference
2016-01-31,TORM,0000842295,recovered,dqc_recovered:cover,EntityCommonStockSharesOutstanding,3014022,1,1.272e+07,0.000562,"{""basis"": ""pass"", ""discontinuity"": ""pass"", ""scale"": ""recovered"", ""turnover"": ""pass""}",DQC_0095 conflict resolved to the side within 100x of the verified reference
2016-02-29,TORM,0000842295,recovered,dqc_recovered:cover,EntityCommonStockSharesOutstanding,3014022,1,1.103e+07,0.000472,"{""basis"": ""pass"", ""discontinuity"": ""pass"", ""scale"": ""recovered"", ""turnover"": ""pass""}",DQC_0095 conflict resolved to the side within 100x of the verified reference
2016-03-31,TORM,0000842295,recovered,dqc_recovered:cover,EntityCommonStockSharesOutstanding,3014022,1,1.094e+07,0.00063,"{""basis"": ""pass"", ""discontinuity"": ""pass"", ""scale"": ""recovered"", ""turnover"": ""pass""}",DQC_0095 conflict resolved to the side within 100x of the verified reference
2016-04-30,TORM,0000842295,recovered,dqc_recovered:cover,EntityCommonStockSharesOutstanding,3014022,1,1.377e+07,0.000568,"{""basis"": ""pass"", ""discontinuity"": ""pass"", ""scale"": ""recovered"", ""turnover"": ""pass""}",DQC_0095 conflict resolved to the side within 100x of the verified reference
2016-05-31,TORM,0000842295,removed:shares_scale_conflict,cover,EntityCommonStockSharesOutstanding,3596325,1,1.638e+07,0.000568,"{""basis"": ""pass"", ""discontinuity"": ""untested"", ""scale"": ""fail"", ""turnover"": ""pass""}","cover vs same-filing balance-sheet count differ >100x, no verified reference to choose"
2016-06-30,TORM,0000842295,removed:shares_scale_conflict,cover,EntityCommonStockSharesOutstanding,3596325,1,1.654e+07,0.000592,"{""basis"": ""pass"", ""discontinuity"": ""untested"", ""scale"": ""fail"", ""turnover"": ""pass""}","cover vs same-filing balance-sheet count differ >100x, no verified reference to choose"
2016-07-31,TORM,0000842295,removed:shares_scale_conflict,cover,EntityCommonStockSharesOutstanding,3596325,1,1.956e+07,0.000549,"{""basis"": ""pass"", ""discontinuity"": ""untested"", ""scale"": ""fail"", ""turnover"": ""pass""}","cover vs same-filing balance-sheet count differ >100x, no verified reference to choose"
2016-08-31,TORM,0000842295,removed:shares_scale_conflict,cover,EntityCommonStockSharesOutstanding,3541703,1,2.107e+07,0.000677,"{""basis"": ""pass"", ""discontinuity"": ""untested"", ""scale"": ""fail"", ""turnover"": ""pass""}","cover vs same-filing balance-sheet count differ >100x, no verified reference to choose"
2016-09-30,TORM,0000842295,removed:shares_scale_conflict,cover,EntityCommonStockSharesOutstanding,3541703,1,2.085e+07,0.000654,"{""basis"": ""pass"", ""discontinuity"": ""untested"", ""scale"": ""fail"", ""turnover"": ""pass""}","cover vs same-filing balance-sheet count differ >100x, no verified reference to choose"
2016-10-31,TORM,0000842295,removed:shares_scale_conflict,cover,EntityCommonStockSharesOutstanding,3541703,1,1.837e+07,0.000815,"{""basis"": ""pass"", ""discontinuity"": ""untested"", ""scale"": ""fail"", ""turnover"": ""pass""}","cover vs same-filing balance-sheet count differ >100x, no verified reference to choose"
2015-05-31,TRIV,0001432732,recovered,dqc_recovered:cover,EntityCommonStockSharesOutstanding,20502564,1,1.117e+08,0.00313,"{""basis"": ""pass"", ""discontinuity"": ""pass"", ""scale"": ""recovered"", ""turnover"": ""pass""}",DQC_0095 conflict resolved to the side within 100x of the verified reference
2015-06-30,TRIV,0001432732,recovered,dqc_recovered:cover,EntityCommonStockSharesOutstanding,20502564,1,1.097e+08,0.00379,"{""basis"": ""pass"", ""discontinuity"": ""pass"", ""scale"": ""recovered"", ""turnover"": ""pass""}",DQC_0095 conflict resolved to the side within 100x of the verified reference
2015-07-31,TRIV,0001432732,recovered,dqc_recovered:cover,EntityCommonStockSharesOutstanding,20502564,1,1.304e+08,0.00305,"{""basis"": ""pass"", ""discontinuity"": ""pass"", ""scale"": ""recovered"", ""turnover"": ""pass""}",DQC_0095 conflict resolved to the side within 100x of the verified reference
2015-08-31,TRIV,0001432732,recovered,dqc_recovered:cover,EntityCommonStockSharesOutstanding,20519621,1,1.09e+08,0.00366,"{""basis"": ""pass"", ""discontinuity"": ""pass"", ""scale"": ""recovered"", ""turnover"": ""pass""}",DQC_0095 conflict resolved to the side within 100x of the verified reference
2015-09-30,TRIV,0001432732,recovered,dqc_recovered:cover,EntityCommonStockSharesOutstanding,20519621,1,1.026e+08,0.00363,"{""basis"": ""pass"", ""discontinuity"": ""pass"", ""scale"": ""recovered"", ""turnover"": ""pass""}",DQC_0095 conflict resolved to the side within 100x of the verified reference
2015-10-31,TRIV,0001432732,recovered,dqc_recovered:cover,EntityCommonStockSharesOutstanding,20519621,1,1.387e+08,0.00196,"{""basis"": ""pass"", ""discontinuity"": ""pass"", ""scale"": ""recovered"", ""turnover"": ""pass""}",DQC_0095 conflict resolved to the side within 100x of the verified reference
2015-11-30,TRIV,0001432732,recovered,dqc_recovered:cover,EntityCommonStockSharesOutstanding,20571028,1,1.343e+08,0.00198,"{""basis"": ""pass"", ""discontinuity"": ""pass"", ""scale"": ""recovered"", ""turnover"": ""pass""}",DQC_0095 conflict resolved to the side within 100x of the verified reference
2015-12-31,TRIV,0001432732,recovered,dqc_recovered:cover,EntityCommonStockSharesOutstanding,20571028,1,1.368e+08,0.00123,"{""basis"": ""pass"", ""discontinuity"": ""pass"", ""scale"": ""recovered"", ""turnover"": ""pass""}",DQC_0095 conflict resolved to the side within 100x of the verified reference
2016-01-31,TRIV,0001432732,recovered,dqc_recovered:cover,EntityCommonStockSharesOutstanding,20571028,1,1.154e+08,0.00138,"{""basis"": ""pass"", ""discontinuity"": ""pass"", ""scale"": ""recovered"", ""turnover"": ""pass""}",DQC_0095 conflict resolved to the side within 100x of the verified reference
2019-03-31,TROV,0001213037,removed:shares_basis_ambiguous,cover,EntityCommonStockSharesOutstanding,4021507,0.166667,2.513e+06,0.918,"{""basis"": ""fail"", ""discontinuity"": ""pass"", ""scale"": ""pass"", ""turnover"": ""pass""}",split stamp between cover date and filing
2019-04-30,TROV,0001213037,removed:shares_basis_ambiguous,cover,EntityCommonStockSharesOutstanding,4021507,0.166667,2.339e+06,1.15,"{""basis"": ""fail"", ""discontinuity"": ""pass"", ""scale"": ""pass"", ""turnover"": ""pass""}",split stamp between cover date and filing
2016-07-31,TRTN,0001660734,removed:shares_turnover_implausible,cover,EntityCommonStockSharesOutstanding,100,1,1679,2.87e+03,"{""basis"": ""pass"", ""discontinuity"": ""untested"", ""scale"": ""untested"", ""turnover"": ""fail""}",dollar volume >10x ME (count too small: subsidiary/shell or mis-scaled)
2019-07-31,TW,0001758730,removed:shares_turnover_implausible,balance_sheet,CommonStockSharesOutstanding,100,1,4736,1.03e+04,"{""basis"": ""pass"", ""discontinuity"": ""untested"", ""scale"": ""untested"", ""turnover"": ""fail""}",dollar volume >10x ME (count too small: subsidiary/shell or mis-scaled)
2019-08-31,TW,0001758730,removed:shares_turnover_implausible,balance_sheet,CommonStockSharesOutstanding,100,1,4259,9.9e+03,"{""basis"": ""pass"", ""discontinuity"": ""untested"", ""scale"": ""untested"", ""turnover"": ""fail""}",dollar volume >10x ME (count too small: subsidiary/shell or mis-scaled)
2019-09-30,TW,0001758730,removed:shares_turnover_implausible,balance_sheet,CommonStockSharesOutstanding,100,1,3698,1.1e+04,"{""basis"": ""pass"", ""discontinuity"": ""untested"", ""scale"": ""untested"", ""turnover"": ""fail""}",dollar volume >10x ME (count too small: subsidiary/shell or mis-scaled)
2019-10-31,TW,0001758730,removed:shares_turnover_implausible,balance_sheet,CommonStockSharesOutstanding,100,1,4175,7.43e+03,"{""basis"": ""pass"", ""discontinuity"": ""untested"", ""scale"": ""untested"", ""turnover"": ""fail""}",dollar volume >10x ME (count too small: subsidiary/shell or mis-scaled)
2014-09-30,UCP,0001572684,removed:shares_turnover_implausible,balance_sheet,CommonStockSharesOutstanding,100,1,1195,419,"{""basis"": ""pass"", ""discontinuity"": ""untested"", ""scale"": ""untested"", ""turnover"": ""fail""}",dollar volume >10x ME (count too small: subsidiary/shell or mis-scaled)
2020-03-31,UCTT,0001275014,recovered,dqc_recovered:cover,EntityCommonStockSharesOutstanding,39888762,1,5.505e+08,0.0202,"{""basis"": ""pass"", ""discontinuity"": ""pass"", ""scale"": ""recovered"", ""turnover"": ""pass""}",DQC_0095 conflict resolved to the side within 100x of the verified reference
2020-04-30,UCTT,0001275014,recovered,dqc_recovered:cover,EntityCommonStockSharesOutstanding,39888762,1,7.336e+08,0.016,"{""basis"": ""pass"", ""discontinuity"": ""pass"", ""scale"": ""recovered"", ""turnover"": ""pass""}",DQC_0095 conflict resolved to the side within 100x of the verified reference
2020-05-31,UCTT,0001275014,recovered,dqc_recovered:cover,EntityCommonStockSharesOutstanding,39900000,1,8.271e+08,0.0135,"{""basis"": ""pass"", ""discontinuity"": ""pass"", ""scale"": ""recovered"", ""turnover"": ""pass""}",DQC_0095 conflict resolved to the side within 100x of the verified reference
2020-06-30,UCTT,0001275014,recovered,dqc_recovered:cover,EntityCommonStockSharesOutstanding,39900000,1,9.029e+08,0.0124,"{""basis"": ""pass"", ""discontinuity"": ""pass"", ""scale"": ""recovered"", ""turnover"": ""pass""}",DQC_0095 conflict resolved to the side within 100x of the verified reference
2020-07-31,UCTT,0001275014,recovered,dqc_recovered:cover,EntityCommonStockSharesOutstanding,39900000,1,1.201e+09,0.00929,"{""basis"": ""pass"", ""discontinuity"": ""pass"", ""scale"": ""recovered"", ""turnover"": ""pass""}",DQC_0095 conflict resolved to the side within 100x of the verified reference
2020-08-31,UCTT,0001275014,recovered,dqc_recovered:cover,EntityCommonStockSharesOutstanding,40400000,1,9.906e+08,0.0116,"{""basis"": ""pass"", ""discontinuity"": ""pass"", ""scale"": ""recovered"", ""turnover"": ""pass""}",DQC_0095 conflict resolved to the side within 100x of the verified reference
2020-09-30,UCTT,0001275014,recovered,dqc_recovered:cover,EntityCommonStockSharesOutstanding,40400000,1,8.67e+08,0.014,"{""basis"": ""pass"", ""discontinuity"": ""pass"", ""scale"": ""recovered"", ""turnover"": ""pass""}",DQC_0095 conflict resolved to the side within 100x of the verified reference
2020-10-31,UCTT,0001275014,recovered,dqc_recovered:cover,EntityCommonStockSharesOutstanding,40400000,1,8.601e+08,0.0136,"{""basis"": ""pass"", ""discontinuity"": ""pass"", ""scale"": ""recovered"", ""turnover"": ""pass""}",DQC_0095 conflict resolved to the side within 100x of the verified reference
2020-05-31,UPWK,0001627475,recovered,dqc_recovered:cover,EntityCommonStockSharesOutstanding,115142604,1,1.432e+09,0.0133,"{""basis"": ""pass"", ""discontinuity"": ""pass"", ""scale"": ""recovered"", ""turnover"": ""pass""}",DQC_0095 conflict resolved to the side within 100x of the verified reference
2020-06-30,UPWK,0001627475,recovered,dqc_recovered:cover,EntityCommonStockSharesOutstanding,115142604,1,1.663e+09,0.0145,"{""basis"": ""pass"", ""discontinuity"": ""pass"", ""scale"": ""recovered"", ""turnover"": ""pass""}",DQC_0095 conflict resolved to the side within 100x of the verified reference
2020-07-31,UPWK,0001627475,recovered,dqc_recovered:cover,EntityCommonStockSharesOutstanding,115142604,1,1.729e+09,0.0157,"{""basis"": ""pass"", ""discontinuity"": ""pass"", ""scale"": ""recovered"", ""turnover"": ""pass""}",DQC_0095 conflict resolved to the side within 100x of the verified reference
2020-08-31,UPWK,0001627475,recovered,dqc_recovered:cover,EntityCommonStockSharesOutstanding,120276173,1,1.832e+09,0.0174,"{""basis"": ""pass"", ""discontinuity"": ""pass"", ""scale"": ""recovered"", ""turnover"": ""pass""}",DQC_0095 conflict resolved to the side within 100x of the verified reference
2020-09-30,UPWK,0001627475,recovered,dqc_recovered:cover,EntityCommonStockSharesOutstanding,120276173,1,2.098e+09,0.0165,"{""basis"": ""pass"", ""discontinuity"": ""pass"", ""scale"": ""recovered"", ""turnover"": ""pass""}",DQC_0095 conflict resolved to the side within 100x of the verified reference
2020-10-31,UPWK,0001627475,recovered,dqc_recovered:cover,EntityCommonStockSharesOutstanding,120276173,1,2.219e+09,0.0177,"{""basis"": ""pass"", ""discontinuity"": ""pass"", ""scale"": ""recovered"", ""turnover"": ""pass""}",DQC_0095 conflict resolved to the side within 100x of the verified reference
2020-11-30,UPWK,0001627475,recovered,dqc_recovered:cover,EntityCommonStockSharesOutstanding,122073553,1,3.994e+09,0.0126,"{""basis"": ""pass"", ""discontinuity"": ""pass"", ""scale"": ""recovered"", ""turnover"": ""pass""}",DQC_0095 conflict resolved to the side within 100x of the verified reference
2020-12-31,UPWK,0001627475,recovered,dqc_recovered:cover,EntityCommonStockSharesOutstanding,122073553,1,4.214e+09,0.013,"{""basis"": ""pass"", ""discontinuity"": ""pass"", ""scale"": ""recovered"", ""turnover"": ""pass""}",DQC_0095 conflict resolved to the side within 100x of the verified reference
2021-01-31,UPWK,0001627475,recovered,dqc_recovered:cover,EntityCommonStockSharesOutstanding,122073553,1,5.06e+09,0.0122,"{""basis"": ""pass"", ""discontinuity"": ""pass"", ""scale"": ""recovered"", ""turnover"": ""pass""}",DQC_0095 conflict resolved to the side within 100x of the verified reference
2018-11-30,UTMD,0000706698,recovered,dqc_recovered:cover,EntityCommonStockSharesOutstanding,3734200,1,3.543e+08,0.00418,"{""basis"": ""pass"", ""discontinuity"": ""pass"", ""scale"": ""recovered"", ""turnover"": ""pass""}",DQC_0095 conflict resolved to the side within 100x of the verified reference
2018-12-31,UTMD,0000706698,recovered,dqc_recovered:cover,EntityCommonStockSharesOutstanding,3734200,1,3.102e+08,0.00427,"{""basis"": ""pass"", ""discontinuity"": ""pass"", ""scale"": ""recovered"", ""turnover"": ""pass""}",DQC_0095 conflict resolved to the side within 100x of the verified reference
2019-01-31,UTMD,0000706698,recovered,dqc_recovered:cover,EntityCommonStockSharesOutstanding,3734200,1,3.508e+08,0.00326,"{""basis"": ""pass"", ""discontinuity"": ""pass"", ""scale"": ""recovered"", ""turnover"": ""pass""}",DQC_0095 conflict resolved to the side within 100x of the verified reference
2019-02-28,UTMD,0000706698,recovered,dqc_recovered:cover,EntityCommonStockSharesOutstanding,3734200,1,3.17e+08,0.00336,"{""basis"": ""pass"", ""discontinuity"": ""pass"", ""scale"": ""recovered"", ""turnover"": ""pass""}",DQC_0095 conflict resolved to the side within 100x of the verified reference
2019-03-31,UTMD,0000706698,recovered,dqc_recovered:cover,EntityCommonStockSharesOutstanding,3722610,1,3.285e+08,0.00297,"{""basis"": ""pass"", ""discontinuity"": ""pass"", ""scale"": ""recovered"", ""turnover"": ""pass""}",DQC_0095 conflict resolved to the side within 100x of the verified reference
2019-04-30,UTMD,0000706698,recovered,dqc_recovered:cover,EntityCommonStockSharesOutstanding,3722610,1,3.142e+08,0.00323,"{""basis"": ""pass"", ""discontinuity"": ""pass"", ""scale"": ""recovered"", ""turnover"": ""pass""}",DQC_0095 conflict resolved to the side within 100x of the verified reference
2019-05-31,UTMD,0000706698,recovered,dqc_recovered:cover,EntityCommonStockSharesOutstanding,3722706,1,2.969e+08,0.00415,"{""basis"": ""pass"", ""discontinuity"": ""pass"", ""scale"": ""recovered"", ""turnover"": ""pass""}",DQC_0095 conflict resolved to the side within 100x of the verified reference
2019-06-30,UTMD,0000706698,recovered,dqc_recovered:cover,EntityCommonStockSharesOutstanding,3722706,1,3.563e+08,0.00388,"{""basis"": ""pass"", ""discontinuity"": ""pass"", ""scale"": ""recovered"", ""turnover"": ""pass""}",DQC_0095 conflict resolved to the side within 100x of the verified reference
2019-07-31,UTMD,0000706698,recovered,dqc_recovered:cover,EntityCommonStockSharesOutstanding,3722706,1,3.387e+08,0.00428,"{""basis"": ""pass"", ""discontinuity"": ""pass"", ""scale"": ""recovered"", ""turnover"": ""pass""}",DQC_0095 conflict resolved to the side within 100x of the verified reference
2019-08-31,UTMD,0000706698,recovered,dqc_recovered:cover,EntityCommonStockSharesOutstanding,3719600,1,3.657e+08,0.004,"{""basis"": ""pass"", ""discontinuity"": ""pass"", ""scale"": ""recovered"", ""turnover"": ""pass""}",DQC_0095 conflict resolved to the side within 100x of the verified reference
2019-09-30,UTMD,0000706698,recovered,dqc_recovered:cover,EntityCommonStockSharesOutstanding,3719600,1,3.565e+08,0.00449,"{""basis"": ""pass"", ""discontinuity"": ""pass"", ""scale"": ""recovered"", ""turnover"": ""pass""}",DQC_0095 conflict resolved to the side within 100x of the verified reference
2019-10-31,UTMD,0000706698,recovered,dqc_recovered:cover,EntityCommonStockSharesOutstanding,3719600,1,3.811e+08,0.00401,"{""basis"": ""pass"", ""discontinuity"": ""pass"", ""scale"": ""recovered"", ""turnover"": ""pass""}",DQC_0095 conflict resolved to the side within 100x of the verified reference
2019-11-30,UTMD,0000706698,recovered,dqc_recovered:cover,EntityCommonStockSharesOutstanding,3721125,1,3.975e+08,0.00322,"{""basis"": ""pass"", ""discontinuity"": ""pass"", ""scale"": ""recovered"", ""turnover"": ""pass""}",DQC_0095 conflict resolved to the side within 100x of the verified reference
2019-12-31,UTMD,0000706698,recovered,dqc_recovered:cover,EntityCommonStockSharesOutstanding,3721125,1,4.015e+08,0.00294,"{""basis"": ""pass"", ""discontinuity"": ""pass"", ""scale"": ""recovered"", ""turnover"": ""pass""}",DQC_0095 conflict resolved to the side within 100x of the verified reference
2020-01-31,UTMD,0000706698,recovered,dqc_recovered:cover,EntityCommonStockSharesOutstanding,3721125,1,3.426e+08,0.00334,"{""basis"": ""pass"", ""discontinuity"": ""pass"", ""scale"": ""recovered"", ""turnover"": ""pass""}",DQC_0095 conflict resolved to the side within 100x of the verified reference
2020-02-29,UTMD,0000706698,removed:shares_scale_conflict,cover,EntityCommonStockSharesOutstanding,3721125,1,3.252e+08,0.00343,"{""basis"": ""pass"", ""discontinuity"": ""untested"", ""scale"": ""fail"", ""turnover"": ""pass""}","cover vs same-filing balance-sheet count differ >100x, no verified reference to choose"
2020-03-31,UTMD,0000706698,removed:shares_scale_conflict,cover,EntityCommonStockSharesOutstanding,3697431,1,3.477e+08,0.00334,"{""basis"": ""pass"", ""discontinuity"": ""untested"", ""scale"": ""fail"", ""turnover"": ""pass""}","cover vs same-filing balance-sheet count differ >100x, no verified reference to choose"
2020-04-30,UTMD,0000706698,removed:shares_scale_conflict,cover,EntityCommonStockSharesOutstanding,3697431,1,3.069e+08,0.00394,"{""basis"": ""pass"", ""discontinuity"": ""untested"", ""scale"": ""fail"", ""turnover"": ""pass""}","cover vs same-filing balance-sheet count differ >100x, no verified reference to choose"
2020-05-31,UTMD,0000706698,removed:shares_scale_conflict,cover,EntityCommonStockSharesOutstanding,3642431,1,3.623e+08,0.00334,"{""basis"": ""pass"", ""discontinuity"": ""untested"", ""scale"": ""fail"", ""turnover"": ""pass""}","cover vs same-filing balance-sheet count differ >100x, no verified reference to choose"
2020-06-30,UTMD,0000706698,removed:shares_scale_conflict,cover,EntityCommonStockSharesOutstanding,3642431,1,3.228e+08,0.00436,"{""basis"": ""pass"", ""discontinuity"": ""untested"", ""scale"": ""fail"", ""turnover"": ""pass""}","cover vs same-filing balance-sheet count differ >100x, no verified reference to choose"
2020-07-31,UTMD,0000706698,removed:shares_scale_conflict,cover,EntityCommonStockSharesOutstanding,3642431,1,2.969e+08,0.00477,"{""basis"": ""pass"", ""discontinuity"": ""untested"", ""scale"": ""fail"", ""turnover"": ""pass""}","cover vs same-filing balance-sheet count differ >100x, no verified reference to choose"
2019-08-31,VCEL,0000887359,recovered,dqc_recovered:balance_sheet,CommonStockSharesOutstanding,44066000,1,7.3e+11,1.3e-05,"{""basis"": ""pass"", ""discontinuity"": ""pass"", ""scale"": ""recovered"", ""turnover"": ""pass""}",DQC_0095 conflict resolved to the side within 100x of the verified reference
2019-09-30,VCEL,0000887359,recovered,dqc_recovered:balance_sheet,CommonStockSharesOutstanding,44066000,1,6.682e+11,1.33e-05,"{""basis"": ""pass"", ""discontinuity"": ""pass"", ""scale"": ""recovered"", ""turnover"": ""pass""}",DQC_0095 conflict resolved to the side within 100x of the verified reference
2019-10-31,VCEL,0000887359,recovered,dqc_recovered:balance_sheet,CommonStockSharesOutstanding,44066000,1,7.005e+11,1.18e-05,"{""basis"": ""pass"", ""discontinuity"": ""pass"", ""scale"": ""recovered"", ""turnover"": ""pass""}",DQC_0095 conflict resolved to the side within 100x of the verified reference
2019-11-30,VCEL,0000887359,recovered,dqc_recovered:balance_sheet,CommonStockSharesOutstanding,44520000,1,8.34e+11,9.71e-06,"{""basis"": ""pass"", ""discontinuity"": ""pass"", ""scale"": ""recovered"", ""turnover"": ""pass""}",DQC_0095 conflict resolved to the side within 100x of the verified reference
2019-12-31,VCEL,0000887359,recovered,dqc_recovered:balance_sheet,CommonStockSharesOutstanding,44520000,1,7.777e+11,1.02e-05,"{""basis"": ""pass"", ""discontinuity"": ""pass"", ""scale"": ""recovered"", ""turnover"": ""pass""}",DQC_0095 conflict resolved to the side within 100x of the verified reference
2020-01-31,VCEL,0000887359,recovered,dqc_recovered:balance_sheet,CommonStockSharesOutstanding,44520000,1,7.33e+11,1.18e-05,"{""basis"": ""pass"", ""discontinuity"": ""pass"", ""scale"": ""recovered"", ""turnover"": ""pass""}",DQC_0095 conflict resolved to the side within 100x of the verified reference
2019-11-30,VERO,0001409269,removed:shares_basis_ambiguous,cover,EntityCommonStockSharesOutstanding,29667622,0.06666667,6.329e+06,0.0307,"{""basis"": ""fail"", ""discontinuity"": ""untested"", ""scale"": ""pass"", ""turnover"": ""pass""}",split stamp between cover date and filing
2019-12-31,VERO,0001409269,removed:shares_basis_ambiguous,cover,EntityCommonStockSharesOutstanding,29667622,0.06666667,9.296e+06,0.0304,"{""basis"": ""fail"", ""discontinuity"": ""untested"", ""scale"": ""pass"", ""turnover"": ""pass""}",split stamp between cover date and filing
2020-01-31,VERO,0001409269,removed:shares_basis_ambiguous,cover,EntityCommonStockSharesOutstanding,29667622,0.06666667,1.384e+07,0.0198,"{""basis"": ""fail"", ""discontinuity"": ""untested"", ""scale"": ""pass"", ""turnover"": ""pass""}",split stamp between cover date and filing
2020-02-29,VERO,0001409269,removed:shares_basis_ambiguous,cover,EntityCommonStockSharesOutstanding,29667622,0.06666667,1.26e+07,0.0236,"{""basis"": ""fail"", ""discontinuity"": ""untested"", ""scale"": ""pass"", ""turnover"": ""pass""}",split stamp between cover date and filing
2018-02-28,VICI,0001705696,removed:shares_scale_conflict,cover,EntityCommonStockSharesOutstanding,246224886,1,4.814e+09,,"{""basis"": ""pass"", ""discontinuity"": ""untested"", ""scale"": ""fail"", ""turnover"": ""untested""}","cover vs same-filing balance-sheet count differ >100x, no verified reference to choose"
2020-11-30,VNT,0001786842,removed:shares_scale_conflict,cover,EntityCommonStockSharesOutstanding,168378725,1,5.585e+09,,"{""basis"": ""pass"", ""discontinuity"": ""untested"", ""scale"": ""fail"", ""turnover"": ""untested""}","cover vs same-filing balance-sheet count differ >100x, no verified reference to choose"
2020-12-31,VNT,0001786842,removed:shares_scale_conflict,cover,EntityCommonStockSharesOutstanding,168378725,1,5.624e+09,,"{""basis"": ""pass"", ""discontinuity"": ""untested"", ""scale"": ""fail"", ""turnover"": ""untested""}","cover vs same-filing balance-sheet count differ >100x, no verified reference to choose"
2021-01-31,VNT,0001786842,removed:shares_scale_conflict,cover,EntityCommonStockSharesOutstanding,168378725,1,5.461e+09,0.0197,"{""basis"": ""pass"", ""discontinuity"": ""untested"", ""scale"": ""fail"", ""turnover"": ""pass""}","cover vs same-filing balance-sheet count differ >100x, no verified reference to choose"
2020-08-31,VSLR,0001607716,recovered,dqc_recovered:balance_sheet,CommonStockSharesOutstanding,125411000,1,3.873e+12,8.65e-06,"{""basis"": ""pass"", ""discontinuity"": ""pass"", ""scale"": ""recovered"", ""turnover"": ""pass""}",DQC_0095 conflict resolved to the side within 100x of the verified reference
2020-09-30,VSLR,0001607716,recovered,dqc_recovered:balance_sheet,CommonStockSharesOutstanding,125411000,1,5.311e+12,8.82e-06,"{""basis"": ""pass"", ""discontinuity"": ""pass"", ""scale"": ""recovered"", ""turnover"": ""pass""}",DQC_0095 conflict resolved to the side within 100x of the verified reference
2015-08-31,VSTM,0001526119,recovered,dqc_recovered:cover,EntityCommonStockSharesOutstanding,36897405,1,2.247e+08,0.016,"{""basis"": ""pass"", ""discontinuity"": ""pass"", ""scale"": ""recovered"", ""turnover"": ""pass""}",DQC_0095 conflict resolved to the side within 100x of the verified reference
2015-09-30,VSTM,0001526119,recovered,dqc_recovered:cover,EntityCommonStockSharesOutstanding,36897405,1,6.605e+07,0.046,"{""basis"": ""pass"", ""discontinuity"": ""pass"", ""scale"": ""recovered"", ""turnover"": ""pass""}",DQC_0095 conflict resolved to the side within 100x of the verified reference
2015-10-31,VSTM,0001526119,recovered,dqc_recovered:cover,EntityCommonStockSharesOutstanding,36897405,1,6.789e+07,0.0417,"{""basis"": ""pass"", ""discontinuity"": ""pass"", ""scale"": ""recovered"", ""turnover"": ""pass""}",DQC_0095 conflict resolved to the side within 100x of the verified reference
2016-05-31,VSTM,0001526119,recovered,dqc_recovered:cover,EntityCommonStockSharesOutstanding,36992418,1,5.512e+07,0.0124,"{""basis"": ""pass"", ""discontinuity"": ""pass"", ""scale"": ""recovered"", ""turnover"": ""pass""}",DQC_0095 conflict resolved to the side within 100x of the verified reference
2016-06-30,VSTM,0001526119,recovered,dqc_recovered:cover,EntityCommonStockSharesOutstanding,36992418,1,4.809e+07,0.0131,"{""basis"": ""pass"", ""discontinuity"": ""pass"", ""scale"": ""recovered"", ""turnover"": ""pass""}",DQC_0095 conflict resolved to the side within 100x of the verified reference
2016-07-31,VSTM,0001526119,recovered,dqc_recovered:cover,EntityCommonStockSharesOutstanding,36992418,1,5.179e+07,0.0119,"{""basis"": ""pass"", ""discontinuity"": ""pass"", ""scale"": ""recovered"", ""turnover"": ""pass""}",DQC_0095 conflict resolved to the side within 100x of the verified reference
2020-08-31,VTRS,0001792044,removed:shares_turnover_implausible,cover,EntityCommonStockSharesOutstanding,100,1,1638,6.35e+04,"{""basis"": ""pass"", ""discontinuity"": ""untested"", ""scale"": ""pass"", ""turnover"": ""fail""}",dollar volume >10x ME (count too small: subsidiary/shell or mis-scaled)
2020-09-30,VTRS,0001792044,removed:shares_turnover_implausible,cover,EntityCommonStockSharesOutstanding,100,1,1483,6.29e+04,"{""basis"": ""pass"", ""discontinuity"": ""untested"", ""scale"": ""pass"", ""turnover"": ""fail""}",dollar volume >10x ME (count too small: subsidiary/shell or mis-scaled)
2020-10-31,VTRS,0001792044,removed:shares_turnover_implausible,cover,EntityCommonStockSharesOutstanding,100,1,1454,6.08e+04,"{""basis"": ""pass"", ""discontinuity"": ""untested"", ""scale"": ""pass"", ""turnover"": ""fail""}",dollar volume >10x ME (count too small: subsidiary/shell or mis-scaled)
2020-11-30,VTRS,0001792044,removed:shares_turnover_implausible,cover,EntityCommonStockSharesOutstanding,100,1,1682,7.1e+04,"{""basis"": ""pass"", ""discontinuity"": ""untested"", ""scale"": ""pass"", ""turnover"": ""fail""}",dollar volume >10x ME (count too small: subsidiary/shell or mis-scaled)
2020-12-31,VTRS,0001792044,removed:shares_turnover_implausible,cover,EntityCommonStockSharesOutstanding,100,1,1874,7.4e+04,"{""basis"": ""pass"", ""discontinuity"": ""untested"", ""scale"": ""pass"", ""turnover"": ""fail""}",dollar volume >10x ME (count too small: subsidiary/shell or mis-scaled)
2021-01-31,VTRS,0001792044,removed:shares_turnover_implausible,cover,EntityCommonStockSharesOutstanding,100,1,1699,9.3e+04,"{""basis"": ""pass"", ""discontinuity"": ""untested"", ""scale"": ""pass"", ""turnover"": ""fail""}",dollar volume >10x ME (count too small: subsidiary/shell or mis-scaled)
2021-02-28,VTRS,0001792044,removed:shares_turnover_implausible,cover,EntityCommonStockSharesOutstanding,100,1,1485,1.18e+05,"{""basis"": ""pass"", ""discontinuity"": ""untested"", ""scale"": ""pass"", ""turnover"": ""fail""}",dollar volume >10x ME (count too small: subsidiary/shell or mis-scaled)
2015-01-31,WBA,0001618921,removed:shares_turnover_implausible,cover,EntityCommonStockSharesOutstanding,100,1,7375,6.25e+04,"{""basis"": ""pass"", ""discontinuity"": ""untested"", ""scale"": ""pass"", ""turnover"": ""fail""}",dollar volume >10x ME (count too small: subsidiary/shell or mis-scaled)
2015-02-28,WBA,0001618921,removed:shares_turnover_implausible,cover,EntityCommonStockSharesOutstanding,100,1,8308,4.5e+04,"{""basis"": ""pass"", ""discontinuity"": ""untested"", ""scale"": ""pass"", ""turnover"": ""fail""}",dollar volume >10x ME (count too small: subsidiary/shell or mis-scaled)
2015-03-31,WBA,0001618921,removed:shares_turnover_implausible,cover,EntityCommonStockSharesOutstanding,100,1,8468,4.62e+04,"{""basis"": ""pass"", ""discontinuity"": ""untested"", ""scale"": ""pass"", ""turnover"": ""fail""}",dollar volume >10x ME (count too small: subsidiary/shell or mis-scaled)
2015-11-30,WBKC,0001500836,recovered,dqc_recovered:cover,EntityCommonStockSharesOutstanding,2179732,1,5.667e+07,0.000544,"{""basis"": ""pass"", ""discontinuity"": ""pass"", ""scale"": ""recovered"", ""turnover"": ""pass""}",DQC_0095 conflict resolved to the side within 100x of the verified reference
2015-12-31,WBKC,0001500836,recovered,dqc_recovered:cover,EntityCommonStockSharesOutstanding,2179732,1,5.807e+07,0.000482,"{""basis"": ""pass"", ""discontinuity"": ""pass"", ""scale"": ""recovered"", ""turnover"": ""pass""}",DQC_0095 conflict resolved to the side within 100x of the verified reference
2016-01-31,WBKC,0001500836,recovered,dqc_recovered:cover,EntityCommonStockSharesOutstanding,2179732,1,5.613e+07,0.000596,"{""basis"": ""pass"", ""discontinuity"": ""pass"", ""scale"": ""recovered"", ""turnover"": ""pass""}",DQC_0095 conflict resolved to the side within 100x of the verified reference
2016-02-29,WBKC,0001500836,recovered,dqc_recovered:cover,EntityCommonStockSharesOutstanding,2179732,1,5.558e+07,0.000655,"{""basis"": ""pass"", ""discontinuity"": ""pass"", ""scale"": ""recovered"", ""turnover"": ""pass""}",DQC_0095 conflict resolved to the side within 100x of the verified reference
2020-08-31,WLDN,0001370450,recovered,dqc_recovered:balance_sheet,CommonStockSharesOutstanding,12012000,1,3.4e+05,5.24,"{""basis"": ""pass"", ""discontinuity"": ""pass"", ""scale"": ""recovered"", ""turnover"": ""pass""}",DQC_0095 conflict resolved to the side within 100x of the verified reference
2020-09-30,WLDN,0001370450,recovered,dqc_recovered:balance_sheet,CommonStockSharesOutstanding,12012000,1,3.078e+05,4.64,"{""basis"": ""pass"", ""discontinuity"": ""pass"", ""scale"": ""recovered"", ""turnover"": ""pass""}",DQC_0095 conflict resolved to the side within 100x of the verified reference
2020-10-31,WLDN,0001370450,recovered,dqc_recovered:balance_sheet,CommonStockSharesOutstanding,12012000,1,3.157e+05,4.27,"{""basis"": ""pass"", ""discontinuity"": ""pass"", ""scale"": ""recovered"", ""turnover"": ""pass""}",DQC_0095 conflict resolved to the side within 100x of the verified reference
2018-03-31,WLFC,0001018164,recovered,dqc_recovered:cover,EntityCommonStockSharesOutstanding,6419169,1,2.2e+08,0.00131,"{""basis"": ""pass"", ""discontinuity"": ""pass"", ""scale"": ""recovered"", ""turnover"": ""pass""}",DQC_0095 conflict resolved to the side within 100x of the verified reference
2018-04-30,WLFC,0001018164,recovered,dqc_recovered:cover,EntityCommonStockSharesOutstanding,6419169,1,2.098e+08,0.00179,"{""basis"": ""pass"", ""discontinuity"": ""pass"", ""scale"": ""recovered"", ""turnover"": ""pass""}",DQC_0095 conflict resolved to the side within 100x of the verified reference
2020-08-31,WMG,0001319161,removed:shares_turnover_implausible,cover,EntityCommonStockSharesOutstanding,1069,1,3.171e+04,1.89e+03,"{""basis"": ""pass"", ""discontinuity"": ""untested"", ""scale"": ""pass"", ""turnover"": ""fail""}",dollar volume >10x ME (count too small: subsidiary/shell or mis-scaled)
2020-09-30,WMG,0001319161,removed:shares_turnover_implausible,cover,EntityCommonStockSharesOutstanding,1069,1,3.072e+04,1.65e+03,"{""basis"": ""pass"", ""discontinuity"": ""untested"", ""scale"": ""pass"", ""turnover"": ""fail""}",dollar volume >10x ME (count too small: subsidiary/shell or mis-scaled)
2020-10-31,WMG,0001319161,removed:shares_turnover_implausible,cover,EntityCommonStockSharesOutstanding,1069,1,2.836e+04,1.53e+03,"{""basis"": ""pass"", ""discontinuity"": ""untested"", ""scale"": ""pass"", ""turnover"": ""fail""}",dollar volume >10x ME (count too small: subsidiary/shell or mis-scaled)
2020-11-30,WMG,0001319161,removed:shares_turnover_implausible,cover,EntityCommonStockSharesOutstanding,1069,1,3.178e+04,1.28e+03,"{""basis"": ""pass"", ""discontinuity"": ""untested"", ""scale"": ""pass"", ""turnover"": ""fail""}",dollar volume >10x ME (count too small: subsidiary/shell or mis-scaled)
2020-12-31,WMG,0001319161,removed:shares_turnover_implausible,cover,EntityCommonStockSharesOutstanding,1069,1,4.061e+04,602,"{""basis"": ""pass"", ""discontinuity"": ""untested"", ""scale"": ""pass"", ""turnover"": ""fail""}",dollar volume >10x ME (count too small: subsidiary/shell or mis-scaled)
2021-01-31,WMG,0001319161,removed:shares_turnover_implausible,cover,EntityCommonStockSharesOutstanding,1069,1,3.751e+04,709,"{""basis"": ""pass"", ""discontinuity"": ""untested"", ""scale"": ""pass"", ""turnover"": ""fail""}",dollar volume >10x ME (count too small: subsidiary/shell or mis-scaled)
2021-02-28,WMG,0001319161,removed:shares_turnover_implausible,cover,EntityCommonStockSharesOutstanding,1069,1,3.792e+04,736,"{""basis"": ""pass"", ""discontinuity"": ""untested"", ""scale"": ""pass"", ""turnover"": ""fail""}",dollar volume >10x ME (count too small: subsidiary/shell or mis-scaled)
2021-03-31,WMG,0001319161,removed:shares_turnover_implausible,cover,EntityCommonStockSharesOutstanding,1069,1,3.67e+04,837,"{""basis"": ""pass"", ""discontinuity"": ""untested"", ""scale"": ""pass"", ""turnover"": ""fail""}",dollar volume >10x ME (count too small: subsidiary/shell or mis-scaled)
2021-04-30,WMG,0001319161,removed:shares_turnover_implausible,cover,EntityCommonStockSharesOutstanding,1069,1,4.058e+04,814,"{""basis"": ""pass"", ""discontinuity"": ""untested"", ""scale"": ""pass"", ""turnover"": ""fail""}",dollar volume >10x ME (count too small: subsidiary/shell or mis-scaled)
2015-08-31,WRK,0001636023,removed:shares_scale_conflict,cover,EntityCommonStockSharesOutstanding,261848415,1,1.554e+10,,"{""basis"": ""pass"", ""discontinuity"": ""untested"", ""scale"": ""fail"", ""turnover"": ""untested""}","cover vs same-filing balance-sheet count differ >100x, no verified reference to choose"
2015-09-30,WRK,0001636023,removed:shares_scale_conflict,cover,EntityCommonStockSharesOutstanding,261848415,1,1.347e+10,0.0067,"{""basis"": ""pass"", ""discontinuity"": ""untested"", ""scale"": ""fail"", ""turnover"": ""pass""}","cover vs same-filing balance-sheet count differ >100x, no verified reference to choose"
2015-10-31,WRK,0001636023,removed:shares_scale_conflict,cover,EntityCommonStockSharesOutstanding,261848415,1,1.408e+10,0.00637,"{""basis"": ""pass"", ""discontinuity"": ""untested"", ""scale"": ""fail"", ""turnover"": ""pass""}","cover vs same-filing balance-sheet count differ >100x, no verified reference to choose"
2020-03-31,WSM,0000719955,recovered,dqc_recovered:cover,EntityCommonStockSharesOutstanding,77197681,1,3.282e+09,0.0207,"{""basis"": ""pass"", ""discontinuity"": ""pass"", ""scale"": ""recovered"", ""turnover"": ""pass""}",DQC_0095 conflict resolved to the side within 100x of the verified reference
2020-04-30,WSM,0000719955,recovered,dqc_recovered:cover,EntityCommonStockSharesOutstanding,77197681,1,4.774e+09,0.0154,"{""basis"": ""pass"", ""discontinuity"": ""pass"", ""scale"": ""recovered"", ""turnover"": ""pass""}",DQC_0095 conflict resolved to the side within 100x of the verified reference
2020-05-31,WSM,0000719955,recovered,dqc_recovered:cover,EntityCommonStockSharesOutstanding,77197681,1,6.424e+09,0.0127,"{""basis"": ""pass"", ""discontinuity"": ""pass"", ""scale"": ""recovered"", ""turnover"": ""pass""}",DQC_0095 conflict resolved to the side within 100x of the verified reference
2020-06-30,WSM,0000719955,recovered,dqc_recovered:cover,EntityCommonStockSharesOutstanding,77758981,1,6.377e+09,0.0146,"{""basis"": ""pass"", ""discontinuity"": ""pass"", ""scale"": ""recovered"", ""turnover"": ""pass""}",DQC_0095 conflict resolved to the side within 100x of the verified reference
2020-07-31,WSM,0000719955,recovered,dqc_recovered:cover,EntityCommonStockSharesOutstanding,77758981,1,6.774e+09,0.0144,"{""basis"": ""pass"", ""discontinuity"": ""pass"", ""scale"": ""recovered"", ""turnover"": ""pass""}",DQC_0095 conflict resolved to the side within 100x of the verified reference
2020-08-31,WSM,0000719955,recovered,dqc_recovered:cover,EntityCommonStockSharesOutstanding,77758981,1,6.824e+09,0.0159,"{""basis"": ""pass"", ""discontinuity"": ""pass"", ""scale"": ""recovered"", ""turnover"": ""pass""}",DQC_0095 conflict resolved to the side within 100x of the verified reference
2015-02-28,WSTC,0001024657,recovered,dqc_recovered:cover,EntityCommonStockSharesOutstanding,84281109,1,2.878e+09,0.00191,"{""basis"": ""pass"", ""discontinuity"": ""pass"", ""scale"": ""recovered"", ""turnover"": ""pass""}",DQC_0095 conflict resolved to the side within 100x of the verified reference
2015-03-31,WSTC,0001024657,recovered,dqc_recovered:cover,EntityCommonStockSharesOutstanding,84281109,1,2.843e+09,0.00299,"{""basis"": ""pass"", ""discontinuity"": ""pass"", ""scale"": ""recovered"", ""turnover"": ""pass""}",DQC_0095 conflict resolved to the side within 100x of the verified reference
2015-04-30,WSTC,0001024657,recovered,dqc_recovered:cover,EntityCommonStockSharesOutstanding,84281109,1,2.609e+09,0.00349,"{""basis"": ""pass"", ""discontinuity"": ""pass"", ""scale"": ""recovered"", ""turnover"": ""pass""}",DQC_0095 conflict resolved to the side within 100x of the verified reference
2015-05-31,WSTC,0001024657,recovered,dqc_recovered:cover,EntityCommonStockSharesOutstanding,83452286,1,2.554e+09,0.00366,"{""basis"": ""pass"", ""discontinuity"": ""pass"", ""scale"": ""recovered"", ""turnover"": ""pass""}",DQC_0095 conflict resolved to the side within 100x of the verified reference
2015-06-30,WSTC,0001024657,recovered,dqc_recovered:cover,EntityCommonStockSharesOutstanding,83452286,1,2.512e+09,0.00467,"{""basis"": ""pass"", ""discontinuity"": ""pass"", ""scale"": ""recovered"", ""turnover"": ""pass""}",DQC_0095 conflict resolved to the side within 100x of the verified reference
2015-07-31,WSTC,0001024657,recovered,dqc_recovered:cover,EntityCommonStockSharesOutstanding,83452286,1,2.408e+09,0.00517,"{""basis"": ""pass"", ""discontinuity"": ""pass"", ""scale"": ""recovered"", ""turnover"": ""pass""}",DQC_0095 conflict resolved to the side within 100x of the verified reference
2015-08-31,WSTC,0001024657,recovered,dqc_recovered:cover,EntityCommonStockSharesOutstanding,82861282,1,2.017e+09,0.00645,"{""basis"": ""pass"", ""discontinuity"": ""pass"", ""scale"": ""recovered"", ""turnover"": ""pass""}",DQC_0095 conflict resolved to the side within 100x of the verified reference
2015-09-30,WSTC,0001024657,recovered,dqc_recovered:cover,EntityCommonStockSharesOutstanding,82861282,1,1.856e+09,0.00554,"{""basis"": ""pass"", ""discontinuity"": ""pass"", ""scale"": ""recovered"", ""turnover"": ""pass""}",DQC_0095 conflict resolved to the side within 100x of the verified reference
2015-10-31,WSTC,0001024657,recovered,dqc_recovered:cover,EntityCommonStockSharesOutstanding,82861282,1,1.973e+09,0.00503,"{""basis"": ""pass"", ""discontinuity"": ""pass"", ""scale"": ""recovered"", ""turnover"": ""pass""}",DQC_0095 conflict resolved to the side within 100x of the verified reference
2015-11-30,WSTC,0001024657,recovered,dqc_recovered:cover,EntityCommonStockSharesOutstanding,83223627,1,2.122e+09,0.00463,"{""basis"": ""pass"", ""discontinuity"": ""pass"", ""scale"": ""recovered"", ""turnover"": ""pass""}",DQC_0095 conflict resolved to the side within 100x of the verified reference
2015-12-31,WSTC,0001024657,recovered,dqc_recovered:cover,EntityCommonStockSharesOutstanding,83223627,1,1.795e+09,0.00424,"{""basis"": ""pass"", ""discontinuity"": ""pass"", ""scale"": ""recovered"", ""turnover"": ""pass""}",DQC_0095 conflict resolved to the side within 100x of the verified reference
2016-01-31,WSTC,0001024657,recovered,dqc_recovered:cover,EntityCommonStockSharesOutstanding,83223627,1,1.507e+09,0.00457,"{""basis"": ""pass"", ""discontinuity"": ""pass"", ""scale"": ""recovered"", ""turnover"": ""pass""}",DQC_0095 conflict resolved to the side within 100x of the verified reference
2016-02-29,WSTC,0001024657,recovered,dqc_recovered:cover,EntityCommonStockSharesOutstanding,83440447,1,1.859e+09,0.00326,"{""basis"": ""pass"", ""discontinuity"": ""pass"", ""scale"": ""recovered"", ""turnover"": ""pass""}",DQC_0095 conflict resolved to the side within 100x of the verified reference
2016-03-31,WSTC,0001024657,recovered,dqc_recovered:cover,EntityCommonStockSharesOutstanding,83440447,1,1.904e+09,0.00312,"{""basis"": ""pass"", ""discontinuity"": ""pass"", ""scale"": ""recovered"", ""turnover"": ""pass""}",DQC_0095 conflict resolved to the side within 100x of the verified reference
2016-04-30,WSTC,0001024657,recovered,dqc_recovered:cover,EntityCommonStockSharesOutstanding,83440447,1,1.788e+09,0.00325,"{""basis"": ""pass"", ""discontinuity"": ""pass"", ""scale"": ""recovered"", ""turnover"": ""pass""}",DQC_0095 conflict resolved to the side within 100x of the verified reference
2016-05-31,WSTC,0001024657,removed:shares_scale_conflict,cover,EntityCommonStockSharesOutstanding,82593362,1,1.743e+09,0.00325,"{""basis"": ""pass"", ""discontinuity"": ""untested"", ""scale"": ""fail"", ""turnover"": ""pass""}","cover vs same-filing balance-sheet count differ >100x, no verified reference to choose"
2016-06-30,WSTC,0001024657,removed:shares_scale_conflict,cover,EntityCommonStockSharesOutstanding,82593362,1,1.624e+09,0.0033,"{""basis"": ""pass"", ""discontinuity"": ""untested"", ""scale"": ""fail"", ""turnover"": ""pass""}","cover vs same-filing balance-sheet count differ >100x, no verified reference to choose"
2016-07-31,WSTC,0001024657,removed:shares_scale_conflict,cover,EntityCommonStockSharesOutstanding,82593362,1,1.826e+09,0.00281,"{""basis"": ""pass"", ""discontinuity"": ""untested"", ""scale"": ""fail"", ""turnover"": ""pass""}","cover vs same-filing balance-sheet count differ >100x, no verified reference to choose"
2016-08-31,WSTC,0001024657,removed:shares_scale_conflict,cover,EntityCommonStockSharesOutstanding,82738887,1,1.939e+09,0.00244,"{""basis"": ""pass"", ""discontinuity"": ""untested"", ""scale"": ""fail"", ""turnover"": ""pass""}","cover vs same-filing balance-sheet count differ >100x, no verified reference to choose"
2016-09-30,WSTC,0001024657,removed:shares_scale_conflict,cover,EntityCommonStockSharesOutstanding,82738887,1,1.827e+09,0.00249,"{""basis"": ""pass"", ""discontinuity"": ""untested"", ""scale"": ""fail"", ""turnover"": ""pass""}","cover vs same-filing balance-sheet count differ >100x, no verified reference to choose"
2016-10-31,WSTC,0001024657,removed:shares_scale_conflict,cover,EntityCommonStockSharesOutstanding,82738887,1,1.632e+09,0.00266,"{""basis"": ""pass"", ""discontinuity"": ""untested"", ""scale"": ""fail"", ""turnover"": ""pass""}","cover vs same-filing balance-sheet count differ >100x, no verified reference to choose"
2016-11-30,WSTC,0001024657,removed:shares_scale_conflict,cover,EntityCommonStockSharesOutstanding,83251349,1,1.986e+09,0.00221,"{""basis"": ""pass"", ""discontinuity"": ""untested"", ""scale"": ""fail"", ""turnover"": ""pass""}","cover vs same-filing balance-sheet count differ >100x, no verified reference to choose"
2016-12-31,WSTC,0001024657,removed:shares_scale_conflict,cover,EntityCommonStockSharesOutstanding,83251349,1,2.061e+09,0.00199,"{""basis"": ""pass"", ""discontinuity"": ""untested"", ""scale"": ""fail"", ""turnover"": ""pass""}","cover vs same-filing balance-sheet count differ >100x, no verified reference to choose"
2017-01-31,WSTC,0001024657,removed:shares_scale_conflict,cover,EntityCommonStockSharesOutstanding,83251349,1,2.021e+09,0.00207,"{""basis"": ""pass"", ""discontinuity"": ""untested"", ""scale"": ""fail"", ""turnover"": ""pass""}","cover vs same-filing balance-sheet count differ >100x, no verified reference to choose"
2017-02-28,WSTC,0001024657,removed:shares_scale_conflict,cover,EntityCommonStockSharesOutstanding,83352467,1,1.993e+09,0.00216,"{""basis"": ""pass"", ""discontinuity"": ""untested"", ""scale"": ""fail"", ""turnover"": ""pass""}","cover vs same-filing balance-sheet count differ >100x, no verified reference to choose"
2017-03-31,WSTC,0001024657,removed:shares_scale_conflict,cover,EntityCommonStockSharesOutstanding,83352467,1,2.035e+09,0.0022,"{""basis"": ""pass"", ""discontinuity"": ""untested"", ""scale"": ""fail"", ""turnover"": ""pass""}","cover vs same-filing balance-sheet count differ >100x, no verified reference to choose"
2017-04-30,WSTC,0001024657,removed:shares_scale_conflict,cover,EntityCommonStockSharesOutstanding,83352467,1,2.225e+09,0.00237,"{""basis"": ""pass"", ""discontinuity"": ""untested"", ""scale"": ""fail"", ""turnover"": ""pass""}","cover vs same-filing balance-sheet count differ >100x, no verified reference to choose"
2017-05-31,WSTC,0001024657,removed:shares_scale_conflict,cover,EntityCommonStockSharesOutstanding,83563032,1,1.936e+09,0.00639,"{""basis"": ""pass"", ""discontinuity"": ""untested"", ""scale"": ""fail"", ""turnover"": ""pass""}","cover vs same-filing balance-sheet count differ >100x, no verified reference to choose"
2017-06-30,WSTC,0001024657,removed:shares_scale_conflict,cover,EntityCommonStockSharesOutstanding,83563032,1,1.949e+09,0.00733,"{""basis"": ""pass"", ""discontinuity"": ""untested"", ""scale"": ""fail"", ""turnover"": ""pass""}","cover vs same-filing balance-sheet count differ >100x, no verified reference to choose"
2017-07-31,WSTC,0001024657,removed:shares_scale_conflict,cover,EntityCommonStockSharesOutstanding,83563032,1,1.953e+09,0.00801,"{""basis"": ""pass"", ""discontinuity"": ""untested"", ""scale"": ""fail"", ""turnover"": ""pass""}","cover vs same-filing balance-sheet count differ >100x, no verified reference to choose"
2017-08-31,WSTC,0001024657,removed:shares_scale_conflict,cover,EntityCommonStockSharesOutstanding,83660586,1,1.955e+09,0.00825,"{""basis"": ""pass"", ""discontinuity"": ""untested"", ""scale"": ""fail"", ""turnover"": ""pass""}","cover vs same-filing balance-sheet count differ >100x, no verified reference to choose"
2017-09-30,WSTC,0001024657,removed:shares_scale_conflict,cover,EntityCommonStockSharesOutstanding,83660586,1,1.964e+09,0.00865,"{""basis"": ""pass"", ""discontinuity"": ""untested"", ""scale"": ""fail"", ""turnover"": ""pass""}","cover vs same-filing balance-sheet count differ >100x, no verified reference to choose"
2017-05-31,WSTG,0000945983,recovered,dqc_recovered:balance_sheet,CommonStockSharesOutstanding,4538995,1,9.274e+04,2.33,"{""basis"": ""pass"", ""discontinuity"": ""pass"", ""scale"": ""recovered"", ""turnover"": ""pass""}",DQC_0095 conflict resolved to the side within 100x of the verified reference
2017-06-30,WSTG,0000945983,recovered,dqc_recovered:balance_sheet,CommonStockSharesOutstanding,4538995,1,8.733e+04,2.37,"{""basis"": ""pass"", ""discontinuity"": ""pass"", ""scale"": ""recovered"", ""turnover"": ""pass""}",DQC_0095 conflict resolved to the side within 100x of the verified reference
2017-07-31,WSTG,0000945983,recovered,dqc_recovered:balance_sheet,CommonStockSharesOutstanding,4538995,1,7.762e+04,2.58,"{""basis"": ""pass"", ""discontinuity"": ""pass"", ""scale"": ""recovered"", ""turnover"": ""pass""}",DQC_0095 conflict resolved to the side within 100x of the verified reference
2020-05-31,XENT,0001271214,recovered,dqc_recovered:cover,EntityCommonStockSharesOutstanding,32559239,1,3.63e+08,0.0393,"{""basis"": ""pass"", ""discontinuity"": ""pass"", ""scale"": ""recovered"", ""turnover"": ""pass""}",DQC_0095 conflict resolved to the side within 100x of the verified reference
2020-06-30,XENT,0001271214,recovered,dqc_recovered:cover,EntityCommonStockSharesOutstanding,32559239,1,4.409e+08,0.0315,"{""basis"": ""pass"", ""discontinuity"": ""pass"", ""scale"": ""recovered"", ""turnover"": ""pass""}",DQC_0095 conflict resolved to the side within 100x of the verified reference
2020-07-31,XENT,0001271214,recovered,dqc_recovered:cover,EntityCommonStockSharesOutstanding,32559239,1,5.597e+08,0.0223,"{""basis"": ""pass"", ""discontinuity"": ""pass"", ""scale"": ""recovered"", ""turnover"": ""pass""}",DQC_0095 conflict resolved to the side within 100x of the verified reference
2020-08-31,XENT,0001271214,recovered,dqc_recovered:cover,EntityCommonStockSharesOutstanding,32702084,1,6.567e+08,0.0131,"{""basis"": ""pass"", ""discontinuity"": ""pass"", ""scale"": ""recovered"", ""turnover"": ""pass""}",DQC_0095 conflict resolved to the side within 100x of the verified reference
2020-09-30,XENT,0001271214,recovered,dqc_recovered:cover,EntityCommonStockSharesOutstanding,32702084,1,5.334e+08,0.0121,"{""basis"": ""pass"", ""discontinuity"": ""pass"", ""scale"": ""recovered"", ""turnover"": ""pass""}",DQC_0095 conflict resolved to the side within 100x of the verified reference
2020-10-31,XENT,0001271214,recovered,dqc_recovered:cover,EntityCommonStockSharesOutstanding,32702084,1,5.069e+08,0.0116,"{""basis"": ""pass"", ""discontinuity"": ""pass"", ""scale"": ""recovered"", ""turnover"": ""pass""}",DQC_0095 conflict resolved to the side within 100x of the verified reference
2015-08-31,XLNX,0000743988,removed:shares_discontinuity,cover,EntityCommonStockSharesOutstanding,258657885000,1,1.084e+13,1.42e-05,"{""basis"": ""pass"", ""discontinuity"": ""fail"", ""scale"": ""untested"", ""turnover"": ""pass""}",>100x jump vs last verified count of the series
2015-09-30,XLNX,0000743988,removed:shares_discontinuity,cover,EntityCommonStockSharesOutstanding,258657885000,1,1.096e+13,1.29e-05,"{""basis"": ""pass"", ""discontinuity"": ""fail"", ""scale"": ""untested"", ""turnover"": ""pass""}",>100x jump vs last verified count of the series
2020-03-31,YRCW,0000716006,recovered,dqc_recovered:cover,EntityCommonStockSharesOutstanding,36081170,1,6.062e+07,0.0618,"{""basis"": ""pass"", ""discontinuity"": ""pass"", ""scale"": ""recovered"", ""turnover"": ""pass""}",DQC_0095 conflict resolved to the side within 100x of the verified reference
2020-04-30,YRCW,0000716006,recovered,dqc_recovered:cover,EntityCommonStockSharesOutstanding,36081170,1,6.206e+07,0.0552,"{""basis"": ""pass"", ""discontinuity"": ""pass"", ""scale"": ""recovered"", ""turnover"": ""pass""}",DQC_0095 conflict resolved to the side within 100x of the verified reference
2015-08-31,ZNGA,0001439404,removed:shares_turnover_implausible,balance_sheet,CommonStockSharesOutstanding,924106,1,2.338e+06,16.5,"{""basis"": ""pass"", ""discontinuity"": ""untested"", ""scale"": ""untested"", ""turnover"": ""fail""}",dollar volume >10x ME (count too small: subsidiary/shell or mis-scaled)
2015-09-30,ZNGA,0001439404,removed:shares_turnover_implausible,balance_sheet,CommonStockSharesOutstanding,924106,1,2.107e+06,16.6,"{""basis"": ""pass"", ""discontinuity"": ""untested"", ""scale"": ""untested"", ""turnover"": ""fail""}",dollar volume >10x ME (count too small: subsidiary/shell or mis-scaled)
2015-10-31,ZNGA,0001439404,removed:shares_turnover_implausible,balance_sheet,CommonStockSharesOutstanding,924106,1,2.19e+06,13.3,"{""basis"": ""pass"", ""discontinuity"": ""untested"", ""scale"": ""untested"", ""turnover"": ""fail""}",dollar volume >10x ME (count too small: subsidiary/shell or mis-scaled)
2019-09-30,ZS,0001713683,recovered,dqc_recovered:cover,EntityCommonStockSharesOutstanding,127454926,1,6.024e+09,0.0318,"{""basis"": ""pass"", ""discontinuity"": ""pass"", ""scale"": ""recovered"", ""turnover"": ""pass""}",DQC_0095 conflict resolved to the side within 100x of the verified reference
2019-10-31,ZS,0001713683,recovered,dqc_recovered:cover,EntityCommonStockSharesOutstanding,127454926,1,5.605e+09,0.0334,"{""basis"": ""pass"", ""discontinuity"": ""pass"", ""scale"": ""recovered"", ""turnover"": ""pass""}",DQC_0095 conflict resolved to the side within 100x of the verified reference
2019-11-30,ZS,0001713683,recovered,dqc_recovered:cover,EntityCommonStockSharesOutstanding,127454926,1,6.644e+09,0.0258,"{""basis"": ""pass"", ""discontinuity"": ""pass"", ""scale"": ""recovered"", ""turnover"": ""pass""}",DQC_0095 conflict resolved to the side within 100x of the verified reference
2019-12-31,ZS,0001713683,recovered,dqc_recovered:cover,EntityCommonStockSharesOutstanding,127957453,1,5.95e+09,0.0261,"{""basis"": ""pass"", ""discontinuity"": ""pass"", ""scale"": ""recovered"", ""turnover"": ""pass""}",DQC_0095 conflict resolved to the side within 100x of the verified reference
2020-01-31,ZS,0001713683,recovered,dqc_recovered:cover,EntityCommonStockSharesOutstanding,127957453,1,7.177e+09,0.0212,"{""basis"": ""pass"", ""discontinuity"": ""pass"", ""scale"": ""recovered"", ""turnover"": ""pass""}",DQC_0095 conflict resolved to the side within 100x of the verified reference
2020-02-29,ZS,0001713683,recovered,dqc_recovered:cover,EntityCommonStockSharesOutstanding,127957453,1,6.653e+09,0.0223,"{""basis"": ""pass"", ""discontinuity"": ""pass"", ""scale"": ""recovered"", ""turnover"": ""pass""}",DQC_0095 conflict resolved to the side within 100x of the verified reference
2020-03-31,ZS,0001713683,recovered,dqc_recovered:cover,EntityCommonStockSharesOutstanding,129351577,1,7.872e+09,0.0168,"{""basis"": ""pass"", ""discontinuity"": ""pass"", ""scale"": ""recovered"", ""turnover"": ""pass""}",DQC_0095 conflict resolved to the side within 100x of the verified reference
2020-04-30,ZS,0001713683,recovered,dqc_recovered:cover,EntityCommonStockSharesOutstanding,129351577,1,8.677e+09,0.0172,"{""basis"": ""pass"", ""discontinuity"": ""pass"", ""scale"": ""recovered"", ""turnover"": ""pass""}",DQC_0095 conflict resolved to the side within 100x of the verified reference
2020-05-31,ZS,0001713683,recovered,dqc_recovered:cover,EntityCommonStockSharesOutstanding,129351577,1,1.269e+10,0.0139,"{""basis"": ""pass"", ""discontinuity"": ""pass"", ""scale"": ""recovered"", ""turnover"": ""pass""}",DQC_0095 conflict resolved to the side within 100x of the verified reference
2020-06-30,ZS,0001713683,recovered,dqc_recovered:cover,EntityCommonStockSharesOutstanding,130518247,1,1.429e+10,0.0167,"{""basis"": ""pass"", ""discontinuity"": ""pass"", ""scale"": ""recovered"", ""turnover"": ""pass""}",DQC_0095 conflict resolved to the side within 100x of the verified reference
2020-07-31,ZS,0001713683,recovered,dqc_recovered:cover,EntityCommonStockSharesOutstanding,130518247,1,1.695e+10,0.016,"{""basis"": ""pass"", ""discontinuity"": ""pass"", ""scale"": ""recovered"", ""turnover"": ""pass""}",DQC_0095 conflict resolved to the side within 100x of the verified reference
2020-08-31,ZS,0001713683,recovered,dqc_recovered:cover,EntityCommonStockSharesOutstanding,130518247,1,1.871e+10,0.0158,"{""basis"": ""pass"", ""discontinuity"": ""pass"", ""scale"": ""recovered"", ""turnover"": ""pass""}",DQC_0095 conflict resolved to the side within 100x of the verified reference
